query_id,patient_id,method,k,precision,recall,mrr,unauthorized_rate,candidate_count,authorized_candidate_count
Q0001,fc448035-8fc9-4893-b4eb-d1b90fc8742c,unrestricted,3,0.0,0.0,0.0,0.0,216,185
Q0001,fc448035-8fc9-4893-b4eb-d1b90fc8742c,unrestricted,5,0.0,0.0,0.0,0.0,216,185
Q0001,fc448035-8fc9-4893-b4eb-d1b90fc8742c,unrestricted,7,0.0,0.0,0.0,0.0,216,185
Q0001,fc448035-8fc9-4893-b4eb-d1b90fc8742c,unrestricted,10,0.0,0.0,0.0,0.0,216,185
Q0001,fc448035-8fc9-4893-b4eb-d1b90fc8742c,authorization_first,3,0.0,0.0,0.0,0.0,185,185
Q0001,fc448035-8fc9-4893-b4eb-d1b90fc8742c,authorization_first,5,0.0,0.0,0.0,0.0,185,185
Q0001,fc448035-8fc9-4893-b4eb-d1b90fc8742c,authorization_first,7,0.0,0.0,0.0,0.0,185,185
Q0001,fc448035-8fc9-4893-b4eb-d1b90fc8742c,authorization_first,10,0.0,0.0,0.0,0.0,185,185
Q0002,fc448035-8fc9-4893-b4eb-d1b90fc8742c,unrestricted,3,0.0,0.0,0.0,0.0,216,185
Q0002,fc448035-8fc9-4893-b4eb-d1b90fc8742c,unrestricted,5,0.0,0.0,0.0,0.0,216,185
Q0002,fc448035-8fc9-4893-b4eb-d1b90fc8742c,unrestricted,7,0.0,0.0,0.0,0.0,216,185
Q0002,fc448035-8fc9-4893-b4eb-d1b90fc8742c,unrestricted,10,0.0,0.0,0.0,0.0,216,185
Q0002,fc448035-8fc9-4893-b4eb-d1b90fc8742c,authorization_first,3,0.0,0.0,0.0,0.0,185,185
Q0002,fc448035-8fc9-4893-b4eb-d1b90fc8742c,authorization_first,5,0.0,0.0,0.0,0.0,185,185
Q0002,fc448035-8fc9-4893-b4eb-d1b90fc8742c,authorization_first,7,0.0,0.0,0.0,0.0,185,185
Q0002,fc448035-8fc9-4893-b4eb-d1b90fc8742c,authorization_first,10,0.0,0.0,0.0,0.0,185,185
Q0003,fc448035-8fc9-4893-b4eb-d1b90fc8742c,unrestricted,3,0.0,0.0,0.0,0.0,216,185
Q0003,fc448035-8fc9-4893-b4eb-d1b90fc8742c,unrestricted,5,0.2,0.3333333333333333,0.25,0.0,216,185
Q0003,fc448035-8fc9-4893-b4eb-d1b90fc8742c,unrestricted,7,0.14285714285714285,0.3333333333333333,0.25,0.0,216,185
Q0003,fc448035-8fc9-4893-b4eb-d1b90fc8742c,unrestricted,10,0.1,0.3333333333333333,0.25,0.0,216,185
Q0003,fc448035-8fc9-4893-b4eb-d1b90fc8742c,authorization_first,3,0.0,0.0,0.0,0.0,185,185
Q0003,fc448035-8fc9-4893-b4eb-d1b90fc8742c,authorization_first,5,0.2,0.3333333333333333,0.25,0.0,185,185
Q0003,fc448035-8fc9-4893-b4eb-d1b90fc8742c,authorization_first,7,0.14285714285714285,0.3333333333333333,0.25,0.0,185,185
Q0003,fc448035-8fc9-4893-b4eb-d1b90fc8742c,authorization_first,10,0.1,0.3333333333333333,0.25,0.0,185,185
Q0004,fc448035-8fc9-4893-b4eb-d1b90fc8742c,unrestricted,3,0.0,0.0,0.0,0.0,216,185
Q0004,fc448035-8fc9-4893-b4eb-d1b90fc8742c,unrestricted,5,0.0,0.0,0.0,0.0,216,185
Q0004,fc448035-8fc9-4893-b4eb-d1b90fc8742c,unrestricted,7,0.0,0.0,0.0,0.0,216,185
Q0004,fc448035-8fc9-4893-b4eb-d1b90fc8742c,unrestricted,10,0.0,0.0,0.0,0.0,216,185
Q0004,fc448035-8fc9-4893-b4eb-d1b90fc8742c,authorization_first,3,0.0,0.0,0.0,0.0,185,185
Q0004,fc448035-8fc9-4893-b4eb-d1b90fc8742c,authorization_first,5,0.0,0.0,0.0,0.0,185,185
Q0004,fc448035-8fc9-4893-b4eb-d1b90fc8742c,authorization_first,7,0.0,0.0,0.0,0.0,185,185
Q0004,fc448035-8fc9-4893-b4eb-d1b90fc8742c,authorization_first,10,0.0,0.0,0.0,0.0,185,185
Q0005,fc448035-8fc9-4893-b4eb-d1b90fc8742c,unrestricted,3,0.3333333333333333,0.3333333333333333,0.3333333333333333,0.0,216,185
Q0005,fc448035-8fc9-4893-b4eb-d1b90fc8742c,unrestricted,5,0.2,0.3333333333333333,0.3333333333333333,0.0,216,185
Q0005,fc448035-8fc9-4893-b4eb-d1b90fc8742c,unrestricted,7,0.2857142857142857,0.6666666666666666,0.3333333333333333,0.0,216,185
Q0005,fc448035-8fc9-4893-b4eb-d1b90fc8742c,unrestricted,10,0.2,0.6666666666666666,0.3333333333333333,0.0,216,185
Q0005,fc448035-8fc9-4893-b4eb-d1b90fc8742c,authorization_first,3,0.3333333333333333,0.3333333333333333,0.3333333333333333,0.0,185,185
Q0005,fc448035-8fc9-4893-b4eb-d1b90fc8742c,authorization_first,5,0.2,0.3333333333333333,0.3333333333333333,0.0,185,185
Q0005,fc448035-8fc9-4893-b4eb-d1b90fc8742c,authorization_first,7,0.2857142857142857,0.6666666666666666,0.3333333333333333,0.0,185,185
Q0005,fc448035-8fc9-4893-b4eb-d1b90fc8742c,authorization_first,10,0.2,0.6666666666666666,0.3333333333333333,0.0,185,185
Q0006,fc448035-8fc9-4893-b4eb-d1b90fc8742c,unrestricted,3,0.0,0.0,0.0,0.0,216,185
Q0006,fc448035-8fc9-4893-b4eb-d1b90fc8742c,unrestricted,5,0.0,0.0,0.0,0.0,216,185
Q0006,fc448035-8fc9-4893-b4eb-d1b90fc8742c,unrestricted,7,0.0,0.0,0.0,0.0,216,185
Q0006,fc448035-8fc9-4893-b4eb-d1b90fc8742c,unrestricted,10,0.0,0.0,0.0,0.0,216,185
Q0006,fc448035-8fc9-4893-b4eb-d1b90fc8742c,authorization_first,3,0.0,0.0,0.0,0.0,185,185
Q0006,fc448035-8fc9-4893-b4eb-d1b90fc8742c,authorization_first,5,0.0,0.0,0.0,0.0,185,185
Q0006,fc448035-8fc9-4893-b4eb-d1b90fc8742c,authorization_first,7,0.0,0.0,0.0,0.0,185,185
Q0006,fc448035-8fc9-4893-b4eb-d1b90fc8742c,authorization_first,10,0.0,0.0,0.0,0.0,185,185
Q0007,fc448035-8fc9-4893-b4eb-d1b90fc8742c,unrestricted,3,0.0,0.0,0.0,0.3333333333333333,216,185
Q0007,fc448035-8fc9-4893-b4eb-d1b90fc8742c,unrestricted,5,0.0,0.0,0.0,0.2,216,185
Q0007,fc448035-8fc9-4893-b4eb-d1b90fc8742c,unrestricted,7,0.0,0.0,0.0,0.14285714285714285,216,185
Q0007,fc448035-8fc9-4893-b4eb-d1b90fc8742c,unrestricted,10,0.0,0.0,0.0,0.1,216,185
Q0007,fc448035-8fc9-4893-b4eb-d1b90fc8742c,authorization_first,3,0.0,0.0,0.0,0.0,185,185
Q0007,fc448035-8fc9-4893-b4eb-d1b90fc8742c,authorization_first,5,0.0,0.0,0.0,0.0,185,185
Q0007,fc448035-8fc9-4893-b4eb-d1b90fc8742c,authorization_first,7,0.0,0.0,0.0,0.0,185,185
Q0007,fc448035-8fc9-4893-b4eb-d1b90fc8742c,authorization_first,10,0.0,0.0,0.0,0.0,185,185
Q0008,fc448035-8fc9-4893-b4eb-d1b90fc8742c,unrestricted,3,0.0,0.0,0.0,0.0,216,185
Q0008,fc448035-8fc9-4893-b4eb-d1b90fc8742c,unrestricted,5,0.0,0.0,0.0,0.0,216,185
Q0008,fc448035-8fc9-4893-b4eb-d1b90fc8742c,unrestricted,7,0.0,0.0,0.0,0.0,216,185
Q0008,fc448035-8fc9-4893-b4eb-d1b90fc8742c,unrestricted,10,0.0,0.0,0.0,0.0,216,185
Q0008,fc448035-8fc9-4893-b4eb-d1b90fc8742c,authorization_first,3,0.0,0.0,0.0,0.0,185,185
Q0008,fc448035-8fc9-4893-b4eb-d1b90fc8742c,authorization_first,5,0.0,0.0,0.0,0.0,185,185
Q0008,fc448035-8fc9-4893-b4eb-d1b90fc8742c,authorization_first,7,0.0,0.0,0.0,0.0,185,185
Q0008,fc448035-8fc9-4893-b4eb-d1b90fc8742c,authorization_first,10,0.0,0.0,0.0,0.0,185,185
Q0009,fc448035-8fc9-4893-b4eb-d1b90fc8742c,unrestricted,3,0.0,0.0,0.0,0.0,216,185
Q0009,fc448035-8fc9-4893-b4eb-d1b90fc8742c,unrestricted,5,0.0,0.0,0.0,0.0,216,185
Q0009,fc448035-8fc9-4893-b4eb-d1b90fc8742c,unrestricted,7,0.0,0.0,0.0,0.0,216,185
Q0009,fc448035-8fc9-4893-b4eb-d1b90fc8742c,unrestricted,10,0.2,1.0,0.125,0.0,216,185
Q0009,fc448035-8fc9-4893-b4eb-d1b90fc8742c,authorization_first,3,0.0,0.0,0.0,0.0,185,185
Q0009,fc448035-8fc9-4893-b4eb-d1b90fc8742c,authorization_first,5,0.0,0.0,0.0,0.0,185,185
Q0009,fc448035-8fc9-4893-b4eb-d1b90fc8742c,authorization_first,7,0.0,0.0,0.0,0.0,185,185
Q0009,fc448035-8fc9-4893-b4eb-d1b90fc8742c,authorization_first,10,0.2,1.0,0.125,0.0,185,185
Q0010,fc448035-8fc9-4893-b4eb-d1b90fc8742c,unrestricted,3,0.3333333333333333,1.0,1.0,0.3333333333333333,216,185
Q0010,fc448035-8fc9-4893-b4eb-d1b90fc8742c,unrestricted,5,0.2,1.0,1.0,0.2,216,185
Q0010,fc448035-8fc9-4893-b4eb-d1b90fc8742c,unrestricted,7,0.14285714285714285,1.0,1.0,0.14285714285714285,216,185
Q0010,fc448035-8fc9-4893-b4eb-d1b90fc8742c,unrestricted,10,0.1,1.0,1.0,0.1,216,185
Q0010,fc448035-8fc9-4893-b4eb-d1b90fc8742c,authorization_first,3,0.3333333333333333,1.0,1.0,0.0,185,185
Q0010,fc448035-8fc9-4893-b4eb-d1b90fc8742c,authorization_first,5,0.2,1.0,1.0,0.0,185,185
Q0010,fc448035-8fc9-4893-b4eb-d1b90fc8742c,authorization_first,7,0.14285714285714285,1.0,1.0,0.0,185,185
Q0010,fc448035-8fc9-4893-b4eb-d1b90fc8742c,authorization_first,10,0.1,1.0,1.0,0.0,185,185
Q0011,04a849f4-1aaf-4112-a62f-d44df4325773,unrestricted,3,0.0,0.0,0.0,0.0,203,154
Q0011,04a849f4-1aaf-4112-a62f-d44df4325773,unrestricted,5,0.0,0.0,0.0,0.2,203,154
Q0011,04a849f4-1aaf-4112-a62f-d44df4325773,unrestricted,7,0.0,0.0,0.0,0.2857142857142857,203,154
Q0011,04a849f4-1aaf-4112-a62f-d44df4325773,unrestricted,10,0.0,0.0,0.0,0.3,203,154
Q0011,04a849f4-1aaf-4112-a62f-d44df4325773,authorization_first,3,0.0,0.0,0.0,0.0,154,154
Q0011,04a849f4-1aaf-4112-a62f-d44df4325773,authorization_first,5,0.0,0.0,0.0,0.0,154,154
Q0011,04a849f4-1aaf-4112-a62f-d44df4325773,authorization_first,7,0.0,0.0,0.0,0.0,154,154
Q0011,04a849f4-1aaf-4112-a62f-d44df4325773,authorization_first,10,0.0,0.0,0.0,0.0,154,154
Q0012,04a849f4-1aaf-4112-a62f-d44df4325773,unrestricted,3,0.0,0.0,0.0,0.0,203,154
Q0012,04a849f4-1aaf-4112-a62f-d44df4325773,unrestricted,5,0.0,0.0,0.0,0.2,203,154
Q0012,04a849f4-1aaf-4112-a62f-d44df4325773,unrestricted,7,0.0,0.0,0.0,0.2857142857142857,203,154
Q0012,04a849f4-1aaf-4112-a62f-d44df4325773,unrestricted,10,0.0,0.0,0.0,0.3,203,154
Q0012,04a849f4-1aaf-4112-a62f-d44df4325773,authorization_first,3,0.0,0.0,0.0,0.0,154,154
Q0012,04a849f4-1aaf-4112-a62f-d44df4325773,authorization_first,5,0.0,0.0,0.0,0.0,154,154
Q0012,04a849f4-1aaf-4112-a62f-d44df4325773,authorization_first,7,0.0,0.0,0.0,0.0,154,154
Q0012,04a849f4-1aaf-4112-a62f-d44df4325773,authorization_first,10,0.0,0.0,0.0,0.0,154,154
Q0013,04a849f4-1aaf-4112-a62f-d44df4325773,unrestricted,3,0.3333333333333333,1.0,1.0,0.0,203,154
Q0013,04a849f4-1aaf-4112-a62f-d44df4325773,unrestricted,5,0.2,1.0,1.0,0.2,203,154
Q0013,04a849f4-1aaf-4112-a62f-d44df4325773,unrestricted,7,0.14285714285714285,1.0,1.0,0.14285714285714285,203,154
Q0013,04a849f4-1aaf-4112-a62f-d44df4325773,unrestricted,10,0.1,1.0,1.0,0.3,203,154
Q0013,04a849f4-1aaf-4112-a62f-d44df4325773,authorization_first,3,0.3333333333333333,1.0,1.0,0.0,154,154
Q0013,04a849f4-1aaf-4112-a62f-d44df4325773,authorization_first,5,0.2,1.0,1.0,0.0,154,154
Q0013,04a849f4-1aaf-4112-a62f-d44df4325773,authorization_first,7,0.14285714285714285,1.0,1.0,0.0,154,154
Q0013,04a849f4-1aaf-4112-a62f-d44df4325773,authorization_first,10,0.1,1.0,1.0,0.0,154,154
Q0014,04a849f4-1aaf-4112-a62f-d44df4325773,unrestricted,3,0.0,0.0,0.0,0.0,203,154
Q0014,04a849f4-1aaf-4112-a62f-d44df4325773,unrestricted,5,0.0,0.0,0.0,0.2,203,154
Q0014,04a849f4-1aaf-4112-a62f-d44df4325773,unrestricted,7,0.0,0.0,0.0,0.2857142857142857,203,154
Q0014,04a849f4-1aaf-4112-a62f-d44df4325773,unrestricted,10,0.0,0.0,0.0,0.3,203,154
Q0014,04a849f4-1aaf-4112-a62f-d44df4325773,authorization_first,3,0.0,0.0,0.0,0.0,154,154
Q0014,04a849f4-1aaf-4112-a62f-d44df4325773,authorization_first,5,0.0,0.0,0.0,0.0,154,154
Q0014,04a849f4-1aaf-4112-a62f-d44df4325773,authorization_first,7,0.0,0.0,0.0,0.0,154,154
Q0014,04a849f4-1aaf-4112-a62f-d44df4325773,authorization_first,10,0.0,0.0,0.0,0.0,154,154
Q0015,04a849f4-1aaf-4112-a62f-d44df4325773,unrestricted,3,0.0,0.0,0.0,0.0,203,154
Q0015,04a849f4-1aaf-4112-a62f-d44df4325773,unrestricted,5,0.0,0.0,0.0,0.2,203,154
Q0015,04a849f4-1aaf-4112-a62f-d44df4325773,unrestricted,7,0.0,0.0,0.0,0.2857142857142857,203,154
Q0015,04a849f4-1aaf-4112-a62f-d44df4325773,unrestricted,10,0.0,0.0,0.0,0.3,203,154
Q0015,04a849f4-1aaf-4112-a62f-d44df4325773,authorization_first,3,0.0,0.0,0.0,0.0,154,154
Q0015,04a849f4-1aaf-4112-a62f-d44df4325773,authorization_first,5,0.0,0.0,0.0,0.0,154,154
Q0015,04a849f4-1aaf-4112-a62f-d44df4325773,authorization_first,7,0.0,0.0,0.0,0.0,154,154
Q0015,04a849f4-1aaf-4112-a62f-d44df4325773,authorization_first,10,0.0,0.0,0.0,0.0,154,154
Q0016,04a849f4-1aaf-4112-a62f-d44df4325773,unrestricted,3,0.3333333333333333,0.045454545454545456,0.5,0.0,203,154
Q0016,04a849f4-1aaf-4112-a62f-d44df4325773,unrestricted,5,0.2,0.045454545454545456,0.5,0.0,203,154
Q0016,04a849f4-1aaf-4112-a62f-d44df4325773,unrestricted,7,0.2857142857142857,0.09090909090909091,0.5,0.0,203,154
Q0016,04a849f4-1aaf-4112-a62f-d44df4325773,unrestricted,10,0.2,0.09090909090909091,0.5,0.0,203,154
Q0016,04a849f4-1aaf-4112-a62f-d44df4325773,authorization_first,3,0.3333333333333333,0.045454545454545456,0.5,0.0,154,154
Q0016,04a849f4-1aaf-4112-a62f-d44df4325773,authorization_first,5,0.2,0.045454545454545456,0.5,0.0,154,154
Q0016,04a849f4-1aaf-4112-a62f-d44df4325773,authorization_first,7,0.2857142857142857,0.09090909090909091,0.5,0.0,154,154
Q0016,04a849f4-1aaf-4112-a62f-d44df4325773,authorization_first,10,0.2,0.09090909090909091,0.5,0.0,154,154
Q0017,04a849f4-1aaf-4112-a62f-d44df4325773,unrestricted,3,0.3333333333333333,0.5,1.0,0.0,203,154
Q0017,04a849f4-1aaf-4112-a62f-d44df4325773,unrestricted,5,0.2,0.5,1.0,0.2,203,154
Q0017,04a849f4-1aaf-4112-a62f-d44df4325773,unrestricted,7,0.14285714285714285,0.5,1.0,0.2857142857142857,203,154
Q0017,04a849f4-1aaf-4112-a62f-d44df4325773,unrestricted,10,0.1,0.5,1.0,0.3,203,154
Q0017,04a849f4-1aaf-4112-a62f-d44df4325773,authorization_first,3,0.3333333333333333,0.5,1.0,0.0,154,154
Q0017,04a849f4-1aaf-4112-a62f-d44df4325773,authorization_first,5,0.2,0.5,1.0,0.0,154,154
Q0017,04a849f4-1aaf-4112-a62f-d44df4325773,authorization_first,7,0.14285714285714285,0.5,1.0,0.0,154,154
Q0017,04a849f4-1aaf-4112-a62f-d44df4325773,authorization_first,10,0.1,0.5,1.0,0.0,154,154
Q0018,04a849f4-1aaf-4112-a62f-d44df4325773,unrestricted,3,0.0,0.0,0.0,0.0,203,154
Q0018,04a849f4-1aaf-4112-a62f-d44df4325773,unrestricted,5,0.0,0.0,0.0,0.0,203,154
Q0018,04a849f4-1aaf-4112-a62f-d44df4325773,unrestricted,7,0.0,0.0,0.0,0.0,203,154
Q0018,04a849f4-1aaf-4112-a62f-d44df4325773,unrestricted,10,0.0,0.0,0.0,0.0,203,154
Q0018,04a849f4-1aaf-4112-a62f-d44df4325773,authorization_first,3,0.0,0.0,0.0,0.0,154,154
Q0018,04a849f4-1aaf-4112-a62f-d44df4325773,authorization_first,5,0.0,0.0,0.0,0.0,154,154
Q0018,04a849f4-1aaf-4112-a62f-d44df4325773,authorization_first,7,0.0,0.0,0.0,0.0,154,154
Q0018,04a849f4-1aaf-4112-a62f-d44df4325773,authorization_first,10,0.0,0.0,0.0,0.0,154,154
Q0019,04a849f4-1aaf-4112-a62f-d44df4325773,unrestricted,3,0.0,0.0,0.0,0.0,203,154
Q0019,04a849f4-1aaf-4112-a62f-d44df4325773,unrestricted,5,0.2,0.3333333333333333,0.25,0.0,203,154
Q0019,04a849f4-1aaf-4112-a62f-d44df4325773,unrestricted,7,0.14285714285714285,0.3333333333333333,0.25,0.0,203,154
Q0019,04a849f4-1aaf-4112-a62f-d44df4325773,unrestricted,10,0.1,0.3333333333333333,0.25,0.0,203,154
Q0019,04a849f4-1aaf-4112-a62f-d44df4325773,authorization_first,3,0.0,0.0,0.0,0.0,154,154
Q0019,04a849f4-1aaf-4112-a62f-d44df4325773,authorization_first,5,0.2,0.3333333333333333,0.25,0.0,154,154
Q0019,04a849f4-1aaf-4112-a62f-d44df4325773,authorization_first,7,0.14285714285714285,0.3333333333333333,0.25,0.0,154,154
Q0019,04a849f4-1aaf-4112-a62f-d44df4325773,authorization_first,10,0.1,0.3333333333333333,0.25,0.0,154,154
Q0020,04a849f4-1aaf-4112-a62f-d44df4325773,unrestricted,3,0.0,0.0,0.0,0.0,203,154
Q0020,04a849f4-1aaf-4112-a62f-d44df4325773,unrestricted,5,0.0,0.0,0.0,0.0,203,154
Q0020,04a849f4-1aaf-4112-a62f-d44df4325773,unrestricted,7,0.0,0.0,0.0,0.0,203,154
Q0020,04a849f4-1aaf-4112-a62f-d44df4325773,unrestricted,10,0.0,0.0,0.0,0.0,203,154
Q0020,04a849f4-1aaf-4112-a62f-d44df4325773,authorization_first,3,0.0,0.0,0.0,0.0,154,154
Q0020,04a849f4-1aaf-4112-a62f-d44df4325773,authorization_first,5,0.0,0.0,0.0,0.0,154,154
Q0020,04a849f4-1aaf-4112-a62f-d44df4325773,authorization_first,7,0.0,0.0,0.0,0.0,154,154
Q0020,04a849f4-1aaf-4112-a62f-d44df4325773,authorization_first,10,0.0,0.0,0.0,0.0,154,154
Q0021,c76902dd-7c4a-4c83-aee0-933dee295bac,unrestricted,3,0.0,0.0,0.0,0.0,159,145
Q0021,c76902dd-7c4a-4c83-aee0-933dee295bac,unrestricted,5,0.0,0.0,0.0,0.0,159,145
Q0021,c76902dd-7c4a-4c83-aee0-933dee295bac,unrestricted,7,0.0,0.0,0.0,0.0,159,145
Q0021,c76902dd-7c4a-4c83-aee0-933dee295bac,unrestricted,10,0.0,0.0,0.0,0.0,159,145
Q0021,c76902dd-7c4a-4c83-aee0-933dee295bac,authorization_first,3,0.0,0.0,0.0,0.0,145,145
Q0021,c76902dd-7c4a-4c83-aee0-933dee295bac,authorization_first,5,0.0,0.0,0.0,0.0,145,145
Q0021,c76902dd-7c4a-4c83-aee0-933dee295bac,authorization_first,7,0.0,0.0,0.0,0.0,145,145
Q0021,c76902dd-7c4a-4c83-aee0-933dee295bac,authorization_first,10,0.0,0.0,0.0,0.0,145,145
Q0022,c76902dd-7c4a-4c83-aee0-933dee295bac,unrestricted,3,0.0,0.0,0.0,0.0,159,145
Q0022,c76902dd-7c4a-4c83-aee0-933dee295bac,unrestricted,5,0.0,0.0,0.0,0.0,159,145
Q0022,c76902dd-7c4a-4c83-aee0-933dee295bac,unrestricted,7,0.14285714285714285,0.3333333333333333,0.14285714285714285,0.0,159,145
Q0022,c76902dd-7c4a-4c83-aee0-933dee295bac,unrestricted,10,0.1,0.3333333333333333,0.14285714285714285,0.0,159,145
Q0022,c76902dd-7c4a-4c83-aee0-933dee295bac,authorization_first,3,0.0,0.0,0.0,0.0,145,145
Q0022,c76902dd-7c4a-4c83-aee0-933dee295bac,authorization_first,5,0.0,0.0,0.0,0.0,145,145
Q0022,c76902dd-7c4a-4c83-aee0-933dee295bac,authorization_first,7,0.14285714285714285,0.3333333333333333,0.14285714285714285,0.0,145,145
Q0022,c76902dd-7c4a-4c83-aee0-933dee295bac,authorization_first,10,0.1,0.3333333333333333,0.14285714285714285,0.0,145,145
Q0023,c76902dd-7c4a-4c83-aee0-933dee295bac,unrestricted,3,0.0,0.0,0.0,0.0,159,145
Q0023,c76902dd-7c4a-4c83-aee0-933dee295bac,unrestricted,5,0.0,0.0,0.0,0.0,159,145
Q0023,c76902dd-7c4a-4c83-aee0-933dee295bac,unrestricted,7,0.0,0.0,0.0,0.0,159,145
Q0023,c76902dd-7c4a-4c83-aee0-933dee295bac,unrestricted,10,0.0,0.0,0.0,0.0,159,145
Q0023,c76902dd-7c4a-4c83-aee0-933dee295bac,authorization_first,3,0.0,0.0,0.0,0.0,145,145
Q0023,c76902dd-7c4a-4c83-aee0-933dee295bac,authorization_first,5,0.0,0.0,0.0,0.0,145,145
Q0023,c76902dd-7c4a-4c83-aee0-933dee295bac,authorization_first,7,0.0,0.0,0.0,0.0,145,145
Q0023,c76902dd-7c4a-4c83-aee0-933dee295bac,authorization_first,10,0.0,0.0,0.0,0.0,145,145
Q0024,c76902dd-7c4a-4c83-aee0-933dee295bac,unrestricted,3,0.3333333333333333,1.0,1.0,0.0,159,145
Q0024,c76902dd-7c4a-4c83-aee0-933dee295bac,unrestricted,5,0.2,1.0,1.0,0.0,159,145
Q0024,c76902dd-7c4a-4c83-aee0-933dee295bac,unrestricted,7,0.14285714285714285,1.0,1.0,0.0,159,145
Q0024,c76902dd-7c4a-4c83-aee0-933dee295bac,unrestricted,10,0.1,1.0,1.0,0.0,159,145
Q0024,c76902dd-7c4a-4c83-aee0-933dee295bac,authorization_first,3,0.3333333333333333,1.0,1.0,0.0,145,145
Q0024,c76902dd-7c4a-4c83-aee0-933dee295bac,authorization_first,5,0.2,1.0,1.0,0.0,145,145
Q0024,c76902dd-7c4a-4c83-aee0-933dee295bac,authorization_first,7,0.14285714285714285,1.0,1.0,0.0,145,145
Q0024,c76902dd-7c4a-4c83-aee0-933dee295bac,authorization_first,10,0.1,1.0,1.0,0.0,145,145
Q0025,c76902dd-7c4a-4c83-aee0-933dee295bac,unrestricted,3,0.0,0.0,0.0,0.0,159,145
Q0025,c76902dd-7c4a-4c83-aee0-933dee295bac,unrestricted,5,0.0,0.0,0.0,0.0,159,145
Q0025,c76902dd-7c4a-4c83-aee0-933dee295bac,unrestricted,7,0.0,0.0,0.0,0.0,159,145
Q0025,c76902dd-7c4a-4c83-aee0-933dee295bac,unrestricted,10,0.0,0.0,0.0,0.0,159,145
Q0025,c76902dd-7c4a-4c83-aee0-933dee295bac,authorization_first,3,0.0,0.0,0.0,0.0,145,145
Q0025,c76902dd-7c4a-4c83-aee0-933dee295bac,authorization_first,5,0.0,0.0,0.0,0.0,145,145
Q0025,c76902dd-7c4a-4c83-aee0-933dee295bac,authorization_first,7,0.0,0.0,0.0,0.0,145,145
Q0025,c76902dd-7c4a-4c83-aee0-933dee295bac,authorization_first,10,0.0,0.0,0.0,0.0,145,145
Q0026,c76902dd-7c4a-4c83-aee0-933dee295bac,unrestricted,3,0.0,0.0,0.0,0.0,159,145
Q0026,c76902dd-7c4a-4c83-aee0-933dee295bac,unrestricted,5,0.0,0.0,0.0,0.0,159,145
Q0026,c76902dd-7c4a-4c83-aee0-933dee295bac,unrestricted,7,0.0,0.0,0.0,0.0,159,145
Q0026,c76902dd-7c4a-4c83-aee0-933dee295bac,unrestricted,10,0.0,0.0,0.0,0.0,159,145
Q0026,c76902dd-7c4a-4c83-aee0-933dee295bac,authorization_first,3,0.0,0.0,0.0,0.0,145,145
Q0026,c76902dd-7c4a-4c83-aee0-933dee295bac,authorization_first,5,0.0,0.0,0.0,0.0,145,145
Q0026,c76902dd-7c4a-4c83-aee0-933dee295bac,authorization_first,7,0.0,0.0,0.0,0.0,145,145
Q0026,c76902dd-7c4a-4c83-aee0-933dee295bac,authorization_first,10,0.0,0.0,0.0,0.0,145,145
Q0027,c76902dd-7c4a-4c83-aee0-933dee295bac,unrestricted,3,0.3333333333333333,0.5,1.0,0.0,159,145
Q0027,c76902dd-7c4a-4c83-aee0-933dee295bac,unrestricted,5,0.2,0.5,1.0,0.0,159,145
Q0027,c76902dd-7c4a-4c83-aee0-933dee295bac,unrestricted,7,0.14285714285714285,0.5,1.0,0.0,159,145
Q0027,c76902dd-7c4a-4c83-aee0-933dee295bac,unrestricted,10,0.1,0.5,1.0,0.0,159,145
Q0027,c76902dd-7c4a-4c83-aee0-933dee295bac,authorization_first,3,0.3333333333333333,0.5,1.0,0.0,145,145
Q0027,c76902dd-7c4a-4c83-aee0-933dee295bac,authorization_first,5,0.2,0.5,1.0,0.0,145,145
Q0027,c76902dd-7c4a-4c83-aee0-933dee295bac,authorization_first,7,0.14285714285714285,0.5,1.0,0.0,145,145
Q0027,c76902dd-7c4a-4c83-aee0-933dee295bac,authorization_first,10,0.1,0.5,1.0,0.0,145,145
Q0028,c76902dd-7c4a-4c83-aee0-933dee295bac,unrestricted,3,0.0,0.0,0.0,0.0,159,145
Q0028,c76902dd-7c4a-4c83-aee0-933dee295bac,unrestricted,5,0.0,0.0,0.0,0.0,159,145
Q0028,c76902dd-7c4a-4c83-aee0-933dee295bac,unrestricted,7,0.0,0.0,0.0,0.0,159,145
Q0028,c76902dd-7c4a-4c83-aee0-933dee295bac,unrestricted,10,0.0,0.0,0.0,0.0,159,145
Q0028,c76902dd-7c4a-4c83-aee0-933dee295bac,authorization_first,3,0.0,0.0,0.0,0.0,145,145
Q0028,c76902dd-7c4a-4c83-aee0-933dee295bac,authorization_first,5,0.0,0.0,0.0,0.0,145,145
Q0028,c76902dd-7c4a-4c83-aee0-933dee295bac,authorization_first,7,0.0,0.0,0.0,0.0,145,145
Q0028,c76902dd-7c4a-4c83-aee0-933dee295bac,authorization_first,10,0.0,0.0,0.0,0.0,145,145
Q0029,c76902dd-7c4a-4c83-aee0-933dee295bac,unrestricted,3,0.0,0.0,0.0,0.0,159,145
Q0029,c76902dd-7c4a-4c83-aee0-933dee295bac,unrestricted,5,0.0,0.0,0.0,0.0,159,145
Q0029,c76902dd-7c4a-4c83-aee0-933dee295bac,unrestricted,7,0.0,0.0,0.0,0.0,159,145
Q0029,c76902dd-7c4a-4c83-aee0-933dee295bac,unrestricted,10,0.0,0.0,0.0,0.0,159,145
Q0029,c76902dd-7c4a-4c83-aee0-933dee295bac,authorization_first,3,0.0,0.0,0.0,0.0,145,145
Q0029,c76902dd-7c4a-4c83-aee0-933dee295bac,authorization_first,5,0.0,0.0,0.0,0.0,145,145
Q0029,c76902dd-7c4a-4c83-aee0-933dee295bac,authorization_first,7,0.0,0.0,0.0,0.0,145,145
Q0029,c76902dd-7c4a-4c83-aee0-933dee295bac,authorization_first,10,0.0,0.0,0.0,0.0,145,145
Q0030,c76902dd-7c4a-4c83-aee0-933dee295bac,unrestricted,3,0.0,0.0,0.0,0.0,159,145
Q0030,c76902dd-7c4a-4c83-aee0-933dee295bac,unrestricted,5,0.0,0.0,0.0,0.0,159,145
Q0030,c76902dd-7c4a-4c83-aee0-933dee295bac,unrestricted,7,0.0,0.0,0.0,0.0,159,145
Q0030,c76902dd-7c4a-4c83-aee0-933dee295bac,unrestricted,10,0.0,0.0,0.0,0.0,159,145
Q0030,c76902dd-7c4a-4c83-aee0-933dee295bac,authorization_first,3,0.0,0.0,0.0,0.0,145,145
Q0030,c76902dd-7c4a-4c83-aee0-933dee295bac,authorization_first,5,0.0,0.0,0.0,0.0,145,145
Q0030,c76902dd-7c4a-4c83-aee0-933dee295bac,authorization_first,7,0.0,0.0,0.0,0.0,145,145
Q0030,c76902dd-7c4a-4c83-aee0-933dee295bac,authorization_first,10,0.0,0.0,0.0,0.0,145,145
Q0031,9b8fdfcd-a8e1-4486-ac68-82cd1e190488,unrestricted,3,0.3333333333333333,1.0,0.5,0.0,230,224
Q0031,9b8fdfcd-a8e1-4486-ac68-82cd1e190488,unrestricted,5,0.2,1.0,0.5,0.0,230,224
Q0031,9b8fdfcd-a8e1-4486-ac68-82cd1e190488,unrestricted,7,0.14285714285714285,1.0,0.5,0.0,230,224
Q0031,9b8fdfcd-a8e1-4486-ac68-82cd1e190488,unrestricted,10,0.1,1.0,0.5,0.1,230,224
Q0031,9b8fdfcd-a8e1-4486-ac68-82cd1e190488,authorization_first,3,0.3333333333333333,1.0,0.5,0.0,224,224
Q0031,9b8fdfcd-a8e1-4486-ac68-82cd1e190488,authorization_first,5,0.2,1.0,0.5,0.0,224,224
Q0031,9b8fdfcd-a8e1-4486-ac68-82cd1e190488,authorization_first,7,0.14285714285714285,1.0,0.5,0.0,224,224
Q0031,9b8fdfcd-a8e1-4486-ac68-82cd1e190488,authorization_first,10,0.1,1.0,0.5,0.0,224,224
Q0032,9b8fdfcd-a8e1-4486-ac68-82cd1e190488,unrestricted,3,0.0,0.0,0.0,0.3333333333333333,230,224
Q0032,9b8fdfcd-a8e1-4486-ac68-82cd1e190488,unrestricted,5,0.0,0.0,0.0,0.2,230,224
Q0032,9b8fdfcd-a8e1-4486-ac68-82cd1e190488,unrestricted,7,0.0,0.0,0.0,0.14285714285714285,230,224
Q0032,9b8fdfcd-a8e1-4486-ac68-82cd1e190488,unrestricted,10,0.0,0.0,0.0,0.1,230,224
Q0032,9b8fdfcd-a8e1-4486-ac68-82cd1e190488,authorization_first,3,0.0,0.0,0.0,0.0,224,224
Q0032,9b8fdfcd-a8e1-4486-ac68-82cd1e190488,authorization_first,5,0.0,0.0,0.0,0.0,224,224
Q0032,9b8fdfcd-a8e1-4486-ac68-82cd1e190488,authorization_first,7,0.0,0.0,0.0,0.0,224,224
Q0032,9b8fdfcd-a8e1-4486-ac68-82cd1e190488,authorization_first,10,0.0,0.0,0.0,0.0,224,224
Q0033,9b8fdfcd-a8e1-4486-ac68-82cd1e190488,unrestricted,3,0.3333333333333333,0.5,1.0,0.3333333333333333,230,224
Q0033,9b8fdfcd-a8e1-4486-ac68-82cd1e190488,unrestricted,5,0.2,0.5,1.0,0.2,230,224
Q0033,9b8fdfcd-a8e1-4486-ac68-82cd1e190488,unrestricted,7,0.14285714285714285,0.5,1.0,0.14285714285714285,230,224
Q0033,9b8fdfcd-a8e1-4486-ac68-82cd1e190488,unrestricted,10,0.1,0.5,1.0,0.1,230,224
Q0033,9b8fdfcd-a8e1-4486-ac68-82cd1e190488,authorization_first,3,0.3333333333333333,0.5,1.0,0.0,224,224
Q0033,9b8fdfcd-a8e1-4486-ac68-82cd1e190488,authorization_first,5,0.2,0.5,1.0,0.0,224,224
Q0033,9b8fdfcd-a8e1-4486-ac68-82cd1e190488,authorization_first,7,0.14285714285714285,0.5,1.0,0.0,224,224
Q0033,9b8fdfcd-a8e1-4486-ac68-82cd1e190488,authorization_first,10,0.1,0.5,1.0,0.0,224,224
Q0034,9b8fdfcd-a8e1-4486-ac68-82cd1e190488,unrestricted,3,0.3333333333333333,1.0,0.5,0.0,230,224
Q0034,9b8fdfcd-a8e1-4486-ac68-82cd1e190488,unrestricted,5,0.2,1.0,0.5,0.0,230,224
Q0034,9b8fdfcd-a8e1-4486-ac68-82cd1e190488,unrestricted,7,0.14285714285714285,1.0,0.5,0.0,230,224
Q0034,9b8fdfcd-a8e1-4486-ac68-82cd1e190488,unrestricted,10,0.1,1.0,0.5,0.1,230,224
Q0034,9b8fdfcd-a8e1-4486-ac68-82cd1e190488,authorization_first,3,0.3333333333333333,1.0,0.5,0.0,224,224
Q0034,9b8fdfcd-a8e1-4486-ac68-82cd1e190488,authorization_first,5,0.2,1.0,0.5,0.0,224,224
Q0034,9b8fdfcd-a8e1-4486-ac68-82cd1e190488,authorization_first,7,0.14285714285714285,1.0,0.5,0.0,224,224
Q0034,9b8fdfcd-a8e1-4486-ac68-82cd1e190488,authorization_first,10,0.1,1.0,0.5,0.0,224,224
Q0035,9b8fdfcd-a8e1-4486-ac68-82cd1e190488,unrestricted,3,0.0,0.0,0.0,0.3333333333333333,230,224
Q0035,9b8fdfcd-a8e1-4486-ac68-82cd1e190488,unrestricted,5,0.0,0.0,0.0,0.2,230,224
Q0035,9b8fdfcd-a8e1-4486-ac68-82cd1e190488,unrestricted,7,0.0,0.0,0.0,0.14285714285714285,230,224
Q0035,9b8fdfcd-a8e1-4486-ac68-82cd1e190488,unrestricted,10,0.0,0.0,0.0,0.1,230,224
Q0035,9b8fdfcd-a8e1-4486-ac68-82cd1e190488,authorization_first,3,0.0,0.0,0.0,0.0,224,224
Q0035,9b8fdfcd-a8e1-4486-ac68-82cd1e190488,authorization_first,5,0.0,0.0,0.0,0.0,224,224
Q0035,9b8fdfcd-a8e1-4486-ac68-82cd1e190488,authorization_first,7,0.0,0.0,0.0,0.0,224,224
Q0035,9b8fdfcd-a8e1-4486-ac68-82cd1e190488,authorization_first,10,0.0,0.0,0.0,0.0,224,224
Q0036,9b8fdfcd-a8e1-4486-ac68-82cd1e190488,unrestricted,3,0.0,0.0,0.0,0.3333333333333333,230,224
Q0036,9b8fdfcd-a8e1-4486-ac68-82cd1e190488,unrestricted,5,0.0,0.0,0.0,0.2,230,224
Q0036,9b8fdfcd-a8e1-4486-ac68-82cd1e190488,unrestricted,7,0.0,0.0,0.0,0.14285714285714285,230,224
Q0036,9b8fdfcd-a8e1-4486-ac68-82cd1e190488,unrestricted,10,0.0,0.0,0.0,0.1,230,224
Q0036,9b8fdfcd-a8e1-4486-ac68-82cd1e190488,authorization_first,3,0.0,0.0,0.0,0.0,224,224
Q0036,9b8fdfcd-a8e1-4486-ac68-82cd1e190488,authorization_first,5,0.0,0.0,0.0,0.0,224,224
Q0036,9b8fdfcd-a8e1-4486-ac68-82cd1e190488,authorization_first,7,0.0,0.0,0.0,0.0,224,224
Q0036,9b8fdfcd-a8e1-4486-ac68-82cd1e190488,authorization_first,10,0.0,0.0,0.0,0.0,224,224
Q0037,9b8fdfcd-a8e1-4486-ac68-82cd1e190488,unrestricted,3,0.0,0.0,0.0,0.3333333333333333,230,224
Q0037,9b8fdfcd-a8e1-4486-ac68-82cd1e190488,unrestricted,5,0.0,0.0,0.0,0.2,230,224
Q0037,9b8fdfcd-a8e1-4486-ac68-82cd1e190488,unrestricted,7,0.0,0.0,0.0,0.14285714285714285,230,224
Q0037,9b8fdfcd-a8e1-4486-ac68-82cd1e190488,unrestricted,10,0.0,0.0,0.0,0.1,230,224
Q0037,9b8fdfcd-a8e1-4486-ac68-82cd1e190488,authorization_first,3,0.0,0.0,0.0,0.0,224,224
Q0037,9b8fdfcd-a8e1-4486-ac68-82cd1e190488,authorization_first,5,0.0,0.0,0.0,0.0,224,224
Q0037,9b8fdfcd-a8e1-4486-ac68-82cd1e190488,authorization_first,7,0.0,0.0,0.0,0.0,224,224
Q0037,9b8fdfcd-a8e1-4486-ac68-82cd1e190488,authorization_first,10,0.0,0.0,0.0,0.0,224,224
Q0038,9b8fdfcd-a8e1-4486-ac68-82cd1e190488,unrestricted,3,0.0,0.0,0.0,0.3333333333333333,230,224
Q0038,9b8fdfcd-a8e1-4486-ac68-82cd1e190488,unrestricted,5,0.0,0.0,0.0,0.2,230,224
Q0038,9b8fdfcd-a8e1-4486-ac68-82cd1e190488,unrestricted,7,0.0,0.0,0.0,0.14285714285714285,230,224
Q0038,9b8fdfcd-a8e1-4486-ac68-82cd1e190488,unrestricted,10,0.0,0.0,0.0,0.1,230,224
Q0038,9b8fdfcd-a8e1-4486-ac68-82cd1e190488,authorization_first,3,0.0,0.0,0.0,0.0,224,224
Q0038,9b8fdfcd-a8e1-4486-ac68-82cd1e190488,authorization_first,5,0.0,0.0,0.0,0.0,224,224
Q0038,9b8fdfcd-a8e1-4486-ac68-82cd1e190488,authorization_first,7,0.0,0.0,0.0,0.0,224,224
Q0038,9b8fdfcd-a8e1-4486-ac68-82cd1e190488,authorization_first,10,0.0,0.0,0.0,0.0,224,224
Q0039,9b8fdfcd-a8e1-4486-ac68-82cd1e190488,unrestricted,3,0.3333333333333333,1.0,1.0,0.0,230,224
Q0039,9b8fdfcd-a8e1-4486-ac68-82cd1e190488,unrestricted,5,0.2,1.0,1.0,0.0,230,224
Q0039,9b8fdfcd-a8e1-4486-ac68-82cd1e190488,unrestricted,7,0.14285714285714285,1.0,1.0,0.0,230,224
Q0039,9b8fdfcd-a8e1-4486-ac68-82cd1e190488,unrestricted,10,0.1,1.0,1.0,0.1,230,224
Q0039,9b8fdfcd-a8e1-4486-ac68-82cd1e190488,authorization_first,3,0.3333333333333333,1.0,1.0,0.0,224,224
Q0039,9b8fdfcd-a8e1-4486-ac68-82cd1e190488,authorization_first,5,0.2,1.0,1.0,0.0,224,224
Q0039,9b8fdfcd-a8e1-4486-ac68-82cd1e190488,authorization_first,7,0.14285714285714285,1.0,1.0,0.0,224,224
Q0039,9b8fdfcd-a8e1-4486-ac68-82cd1e190488,authorization_first,10,0.1,1.0,1.0,0.0,224,224
Q0040,9b8fdfcd-a8e1-4486-ac68-82cd1e190488,unrestricted,3,0.0,0.0,0.0,0.3333333333333333,230,224
Q0040,9b8fdfcd-a8e1-4486-ac68-82cd1e190488,unrestricted,5,0.0,0.0,0.0,0.2,230,224
Q0040,9b8fdfcd-a8e1-4486-ac68-82cd1e190488,unrestricted,7,0.0,0.0,0.0,0.14285714285714285,230,224
Q0040,9b8fdfcd-a8e1-4486-ac68-82cd1e190488,unrestricted,10,0.0,0.0,0.0,0.1,230,224
Q0040,9b8fdfcd-a8e1-4486-ac68-82cd1e190488,authorization_first,3,0.0,0.0,0.0,0.0,224,224
Q0040,9b8fdfcd-a8e1-4486-ac68-82cd1e190488,authorization_first,5,0.0,0.0,0.0,0.0,224,224
Q0040,9b8fdfcd-a8e1-4486-ac68-82cd1e190488,authorization_first,7,0.0,0.0,0.0,0.0,224,224
Q0040,9b8fdfcd-a8e1-4486-ac68-82cd1e190488,authorization_first,10,0.0,0.0,0.0,0.0,224,224
Q0041,e974e5c3-9b22-41f2-b3a3-c12848f29a73,unrestricted,3,0.3333333333333333,1.0,0.5,0.0,50,34
Q0041,e974e5c3-9b22-41f2-b3a3-c12848f29a73,unrestricted,5,0.2,1.0,0.5,0.0,50,34
Q0041,e974e5c3-9b22-41f2-b3a3-c12848f29a73,unrestricted,7,0.14285714285714285,1.0,0.5,0.14285714285714285,50,34
Q0041,e974e5c3-9b22-41f2-b3a3-c12848f29a73,unrestricted,10,0.1,1.0,0.5,0.1,50,34
Q0041,e974e5c3-9b22-41f2-b3a3-c12848f29a73,authorization_first,3,0.3333333333333333,1.0,0.5,0.0,34,34
Q0041,e974e5c3-9b22-41f2-b3a3-c12848f29a73,authorization_first,5,0.2,1.0,0.5,0.0,34,34
Q0041,e974e5c3-9b22-41f2-b3a3-c12848f29a73,authorization_first,7,0.14285714285714285,1.0,0.5,0.0,34,34
Q0041,e974e5c3-9b22-41f2-b3a3-c12848f29a73,authorization_first,10,0.1,1.0,0.5,0.0,34,34
Q0042,e974e5c3-9b22-41f2-b3a3-c12848f29a73,unrestricted,3,0.3333333333333333,1.0,1.0,0.0,50,34
Q0042,e974e5c3-9b22-41f2-b3a3-c12848f29a73,unrestricted,5,0.2,1.0,1.0,0.0,50,34
Q0042,e974e5c3-9b22-41f2-b3a3-c12848f29a73,unrestricted,7,0.14285714285714285,1.0,1.0,0.0,50,34
Q0042,e974e5c3-9b22-41f2-b3a3-c12848f29a73,unrestricted,10,0.1,1.0,1.0,0.0,50,34
Q0042,e974e5c3-9b22-41f2-b3a3-c12848f29a73,authorization_first,3,0.3333333333333333,1.0,1.0,0.0,34,34
Q0042,e974e5c3-9b22-41f2-b3a3-c12848f29a73,authorization_first,5,0.2,1.0,1.0,0.0,34,34
Q0042,e974e5c3-9b22-41f2-b3a3-c12848f29a73,authorization_first,7,0.14285714285714285,1.0,1.0,0.0,34,34
Q0042,e974e5c3-9b22-41f2-b3a3-c12848f29a73,authorization_first,10,0.1,1.0,1.0,0.0,34,34
Q0043,e974e5c3-9b22-41f2-b3a3-c12848f29a73,unrestricted,3,0.0,0.0,0.0,0.0,50,34
Q0043,e974e5c3-9b22-41f2-b3a3-c12848f29a73,unrestricted,5,0.0,0.0,0.0,0.0,50,34
Q0043,e974e5c3-9b22-41f2-b3a3-c12848f29a73,unrestricted,7,0.0,0.0,0.0,0.0,50,34
Q0043,e974e5c3-9b22-41f2-b3a3-c12848f29a73,unrestricted,10,0.1,1.0,0.1111111111111111,0.0,50,34
Q0043,e974e5c3-9b22-41f2-b3a3-c12848f29a73,authorization_first,3,0.0,0.0,0.0,0.0,34,34
Q0043,e974e5c3-9b22-41f2-b3a3-c12848f29a73,authorization_first,5,0.0,0.0,0.0,0.0,34,34
Q0043,e974e5c3-9b22-41f2-b3a3-c12848f29a73,authorization_first,7,0.0,0.0,0.0,0.0,34,34
Q0043,e974e5c3-9b22-41f2-b3a3-c12848f29a73,authorization_first,10,0.1,1.0,0.1111111111111111,0.0,34,34
Q0044,e974e5c3-9b22-41f2-b3a3-c12848f29a73,unrestricted,3,0.0,0.0,0.0,0.0,50,34
Q0044,e974e5c3-9b22-41f2-b3a3-c12848f29a73,unrestricted,5,0.0,0.0,0.0,0.0,50,34
Q0044,e974e5c3-9b22-41f2-b3a3-c12848f29a73,unrestricted,7,0.14285714285714285,1.0,0.14285714285714285,0.0,50,34
Q0044,e974e5c3-9b22-41f2-b3a3-c12848f29a73,unrestricted,10,0.1,1.0,0.14285714285714285,0.0,50,34
Q0044,e974e5c3-9b22-41f2-b3a3-c12848f29a73,authorization_first,3,0.0,0.0,0.0,0.0,34,34
Q0044,e974e5c3-9b22-41f2-b3a3-c12848f29a73,authorization_first,5,0.0,0.0,0.0,0.0,34,34
Q0044,e974e5c3-9b22-41f2-b3a3-c12848f29a73,authorization_first,7,0.14285714285714285,1.0,0.14285714285714285,0.0,34,34
Q0044,e974e5c3-9b22-41f2-b3a3-c12848f29a73,authorization_first,10,0.1,1.0,0.14285714285714285,0.0,34,34
Q0045,e974e5c3-9b22-41f2-b3a3-c12848f29a73,unrestricted,3,0.3333333333333333,0.25,0.5,0.0,50,34
Q0045,e974e5c3-9b22-41f2-b3a3-c12848f29a73,unrestricted,5,0.2,0.25,0.5,0.0,50,34
Q0045,e974e5c3-9b22-41f2-b3a3-c12848f29a73,unrestricted,7,0.2857142857142857,0.5,0.5,0.0,50,34
Q0045,e974e5c3-9b22-41f2-b3a3-c12848f29a73,unrestricted,10,0.2,0.5,0.5,0.0,50,34
Q0045,e974e5c3-9b22-41f2-b3a3-c12848f29a73,authorization_first,3,0.3333333333333333,0.25,0.5,0.0,34,34
Q0045,e974e5c3-9b22-41f2-b3a3-c12848f29a73,authorization_first,5,0.2,0.25,0.5,0.0,34,34
Q0045,e974e5c3-9b22-41f2-b3a3-c12848f29a73,authorization_first,7,0.2857142857142857,0.5,0.5,0.0,34,34
Q0045,e974e5c3-9b22-41f2-b3a3-c12848f29a73,authorization_first,10,0.2,0.5,0.5,0.0,34,34
Q0046,e974e5c3-9b22-41f2-b3a3-c12848f29a73,unrestricted,3,0.0,0.0,0.0,0.0,50,34
Q0046,e974e5c3-9b22-41f2-b3a3-c12848f29a73,unrestricted,5,0.2,1.0,0.25,0.0,50,34
Q0046,e974e5c3-9b22-41f2-b3a3-c12848f29a73,unrestricted,7,0.14285714285714285,1.0,0.25,0.14285714285714285,50,34
Q0046,e974e5c3-9b22-41f2-b3a3-c12848f29a73,unrestricted,10,0.1,1.0,0.25,0.1,50,34
Q0046,e974e5c3-9b22-41f2-b3a3-c12848f29a73,authorization_first,3,0.0,0.0,0.0,0.0,34,34
Q0046,e974e5c3-9b22-41f2-b3a3-c12848f29a73,authorization_first,5,0.2,1.0,0.25,0.0,34,34
Q0046,e974e5c3-9b22-41f2-b3a3-c12848f29a73,authorization_first,7,0.14285714285714285,1.0,0.25,0.0,34,34
Q0046,e974e5c3-9b22-41f2-b3a3-c12848f29a73,authorization_first,10,0.1,1.0,0.25,0.0,34,34
Q0047,e974e5c3-9b22-41f2-b3a3-c12848f29a73,unrestricted,3,0.0,0.0,0.0,0.0,50,34
Q0047,e974e5c3-9b22-41f2-b3a3-c12848f29a73,unrestricted,5,0.0,0.0,0.0,0.0,50,34
Q0047,e974e5c3-9b22-41f2-b3a3-c12848f29a73,unrestricted,7,0.0,0.0,0.0,0.0,50,34
Q0047,e974e5c3-9b22-41f2-b3a3-c12848f29a73,unrestricted,10,0.1,1.0,0.125,0.0,50,34
Q0047,e974e5c3-9b22-41f2-b3a3-c12848f29a73,authorization_first,3,0.0,0.0,0.0,0.0,34,34
Q0047,e974e5c3-9b22-41f2-b3a3-c12848f29a73,authorization_first,5,0.0,0.0,0.0,0.0,34,34
Q0047,e974e5c3-9b22-41f2-b3a3-c12848f29a73,authorization_first,7,0.0,0.0,0.0,0.0,34,34
Q0047,e974e5c3-9b22-41f2-b3a3-c12848f29a73,authorization_first,10,0.1,1.0,0.125,0.0,34,34
Q0048,e974e5c3-9b22-41f2-b3a3-c12848f29a73,unrestricted,3,0.3333333333333333,1.0,0.5,0.0,50,34
Q0048,e974e5c3-9b22-41f2-b3a3-c12848f29a73,unrestricted,5,0.2,1.0,0.5,0.0,50,34
Q0048,e974e5c3-9b22-41f2-b3a3-c12848f29a73,unrestricted,7,0.14285714285714285,1.0,0.5,0.0,50,34
Q0048,e974e5c3-9b22-41f2-b3a3-c12848f29a73,unrestricted,10,0.1,1.0,0.5,0.0,50,34
Q0048,e974e5c3-9b22-41f2-b3a3-c12848f29a73,authorization_first,3,0.3333333333333333,1.0,0.5,0.0,34,34
Q0048,e974e5c3-9b22-41f2-b3a3-c12848f29a73,authorization_first,5,0.2,1.0,0.5,0.0,34,34
Q0048,e974e5c3-9b22-41f2-b3a3-c12848f29a73,authorization_first,7,0.14285714285714285,1.0,0.5,0.0,34,34
Q0048,e974e5c3-9b22-41f2-b3a3-c12848f29a73,authorization_first,10,0.1,1.0,0.5,0.0,34,34
Q0049,e974e5c3-9b22-41f2-b3a3-c12848f29a73,unrestricted,3,0.3333333333333333,1.0,1.0,0.0,50,34
Q0049,e974e5c3-9b22-41f2-b3a3-c12848f29a73,unrestricted,5,0.2,1.0,1.0,0.0,50,34
Q0049,e974e5c3-9b22-41f2-b3a3-c12848f29a73,unrestricted,7,0.14285714285714285,1.0,1.0,0.14285714285714285,50,34
Q0049,e974e5c3-9b22-41f2-b3a3-c12848f29a73,unrestricted,10,0.1,1.0,1.0,0.1,50,34
Q0049,e974e5c3-9b22-41f2-b3a3-c12848f29a73,authorization_first,3,0.3333333333333333,1.0,1.0,0.0,34,34
Q0049,e974e5c3-9b22-41f2-b3a3-c12848f29a73,authorization_first,5,0.2,1.0,1.0,0.0,34,34
Q0049,e974e5c3-9b22-41f2-b3a3-c12848f29a73,authorization_first,7,0.14285714285714285,1.0,1.0,0.0,34,34
Q0049,e974e5c3-9b22-41f2-b3a3-c12848f29a73,authorization_first,10,0.1,1.0,1.0,0.0,34,34
Q0050,e974e5c3-9b22-41f2-b3a3-c12848f29a73,unrestricted,3,0.3333333333333333,1.0,1.0,0.0,50,34
Q0050,e974e5c3-9b22-41f2-b3a3-c12848f29a73,unrestricted,5,0.2,1.0,1.0,0.0,50,34
Q0050,e974e5c3-9b22-41f2-b3a3-c12848f29a73,unrestricted,7,0.14285714285714285,1.0,1.0,0.0,50,34
Q0050,e974e5c3-9b22-41f2-b3a3-c12848f29a73,unrestricted,10,0.1,1.0,1.0,0.0,50,34
Q0050,e974e5c3-9b22-41f2-b3a3-c12848f29a73,authorization_first,3,0.3333333333333333,1.0,1.0,0.0,34,34
Q0050,e974e5c3-9b22-41f2-b3a3-c12848f29a73,authorization_first,5,0.2,1.0,1.0,0.0,34,34
Q0050,e974e5c3-9b22-41f2-b3a3-c12848f29a73,authorization_first,7,0.14285714285714285,1.0,1.0,0.0,34,34
Q0050,e974e5c3-9b22-41f2-b3a3-c12848f29a73,authorization_first,10,0.1,1.0,1.0,0.0,34,34
Q0051,73f124a4-e69e-4b8c-a447-e72d23dc54be,unrestricted,3,0.0,0.0,0.0,0.3333333333333333,96,82
Q0051,73f124a4-e69e-4b8c-a447-e72d23dc54be,unrestricted,5,0.0,0.0,0.0,0.2,96,82
Q0051,73f124a4-e69e-4b8c-a447-e72d23dc54be,unrestricted,7,0.0,0.0,0.0,0.14285714285714285,96,82
Q0051,73f124a4-e69e-4b8c-a447-e72d23dc54be,unrestricted,10,0.0,0.0,0.0,0.1,96,82
Q0051,73f124a4-e69e-4b8c-a447-e72d23dc54be,authorization_first,3,0.0,0.0,0.0,0.0,82,82
Q0051,73f124a4-e69e-4b8c-a447-e72d23dc54be,authorization_first,5,0.0,0.0,0.0,0.0,82,82
Q0051,73f124a4-e69e-4b8c-a447-e72d23dc54be,authorization_first,7,0.0,0.0,0.0,0.0,82,82
Q0051,73f124a4-e69e-4b8c-a447-e72d23dc54be,authorization_first,10,0.0,0.0,0.0,0.0,82,82
Q0052,73f124a4-e69e-4b8c-a447-e72d23dc54be,unrestricted,3,0.0,0.0,0.0,0.0,96,82
Q0052,73f124a4-e69e-4b8c-a447-e72d23dc54be,unrestricted,5,0.0,0.0,0.0,0.0,96,82
Q0052,73f124a4-e69e-4b8c-a447-e72d23dc54be,unrestricted,7,0.0,0.0,0.0,0.0,96,82
Q0052,73f124a4-e69e-4b8c-a447-e72d23dc54be,unrestricted,10,0.0,0.0,0.0,0.0,96,82
Q0052,73f124a4-e69e-4b8c-a447-e72d23dc54be,authorization_first,3,0.0,0.0,0.0,0.0,82,82
Q0052,73f124a4-e69e-4b8c-a447-e72d23dc54be,authorization_first,5,0.0,0.0,0.0,0.0,82,82
Q0052,73f124a4-e69e-4b8c-a447-e72d23dc54be,authorization_first,7,0.0,0.0,0.0,0.0,82,82
Q0052,73f124a4-e69e-4b8c-a447-e72d23dc54be,authorization_first,10,0.0,0.0,0.0,0.0,82,82
Q0053,73f124a4-e69e-4b8c-a447-e72d23dc54be,unrestricted,3,0.0,0.0,0.0,0.0,96,82
Q0053,73f124a4-e69e-4b8c-a447-e72d23dc54be,unrestricted,5,0.0,0.0,0.0,0.0,96,82
Q0053,73f124a4-e69e-4b8c-a447-e72d23dc54be,unrestricted,7,0.0,0.0,0.0,0.0,96,82
Q0053,73f124a4-e69e-4b8c-a447-e72d23dc54be,unrestricted,10,0.0,0.0,0.0,0.0,96,82
Q0053,73f124a4-e69e-4b8c-a447-e72d23dc54be,authorization_first,3,0.0,0.0,0.0,0.0,82,82
Q0053,73f124a4-e69e-4b8c-a447-e72d23dc54be,authorization_first,5,0.0,0.0,0.0,0.0,82,82
Q0053,73f124a4-e69e-4b8c-a447-e72d23dc54be,authorization_first,7,0.0,0.0,0.0,0.0,82,82
Q0053,73f124a4-e69e-4b8c-a447-e72d23dc54be,authorization_first,10,0.0,0.0,0.0,0.0,82,82
Q0054,73f124a4-e69e-4b8c-a447-e72d23dc54be,unrestricted,3,0.6666666666666666,0.4,1.0,0.0,96,82
Q0054,73f124a4-e69e-4b8c-a447-e72d23dc54be,unrestricted,5,0.6,0.6,1.0,0.0,96,82
Q0054,73f124a4-e69e-4b8c-a447-e72d23dc54be,unrestricted,7,0.42857142857142855,0.6,1.0,0.14285714285714285,96,82
Q0054,73f124a4-e69e-4b8c-a447-e72d23dc54be,unrestricted,10,0.3,0.6,1.0,0.1,96,82
Q0054,73f124a4-e69e-4b8c-a447-e72d23dc54be,authorization_first,3,0.6666666666666666,0.4,1.0,0.0,82,82
Q0054,73f124a4-e69e-4b8c-a447-e72d23dc54be,authorization_first,5,0.6,0.6,1.0,0.0,82,82
Q0054,73f124a4-e69e-4b8c-a447-e72d23dc54be,authorization_first,7,0.42857142857142855,0.6,1.0,0.0,82,82
Q0054,73f124a4-e69e-4b8c-a447-e72d23dc54be,authorization_first,10,0.3,0.6,1.0,0.0,82,82
Q0055,73f124a4-e69e-4b8c-a447-e72d23dc54be,unrestricted,3,0.0,0.0,0.0,0.0,96,82
Q0055,73f124a4-e69e-4b8c-a447-e72d23dc54be,unrestricted,5,0.0,0.0,0.0,0.0,96,82
Q0055,73f124a4-e69e-4b8c-a447-e72d23dc54be,unrestricted,7,0.0,0.0,0.0,0.0,96,82
Q0055,73f124a4-e69e-4b8c-a447-e72d23dc54be,unrestricted,10,0.0,0.0,0.0,0.0,96,82
Q0055,73f124a4-e69e-4b8c-a447-e72d23dc54be,authorization_first,3,0.0,0.0,0.0,0.0,82,82
Q0055,73f124a4-e69e-4b8c-a447-e72d23dc54be,authorization_first,5,0.0,0.0,0.0,0.0,82,82
Q0055,73f124a4-e69e-4b8c-a447-e72d23dc54be,authorization_first,7,0.0,0.0,0.0,0.0,82,82
Q0055,73f124a4-e69e-4b8c-a447-e72d23dc54be,authorization_first,10,0.0,0.0,0.0,0.0,82,82
Q0056,73f124a4-e69e-4b8c-a447-e72d23dc54be,unrestricted,3,0.0,0.0,0.0,0.0,96,82
Q0056,73f124a4-e69e-4b8c-a447-e72d23dc54be,unrestricted,5,0.0,0.0,0.0,0.0,96,82
Q0056,73f124a4-e69e-4b8c-a447-e72d23dc54be,unrestricted,7,0.0,0.0,0.0,0.0,96,82
Q0056,73f124a4-e69e-4b8c-a447-e72d23dc54be,unrestricted,10,0.0,0.0,0.0,0.0,96,82
Q0056,73f124a4-e69e-4b8c-a447-e72d23dc54be,authorization_first,3,0.0,0.0,0.0,0.0,82,82
Q0056,73f124a4-e69e-4b8c-a447-e72d23dc54be,authorization_first,5,0.0,0.0,0.0,0.0,82,82
Q0056,73f124a4-e69e-4b8c-a447-e72d23dc54be,authorization_first,7,0.0,0.0,0.0,0.0,82,82
Q0056,73f124a4-e69e-4b8c-a447-e72d23dc54be,authorization_first,10,0.0,0.0,0.0,0.0,82,82
Q0057,73f124a4-e69e-4b8c-a447-e72d23dc54be,unrestricted,3,0.3333333333333333,0.5,1.0,0.0,96,82
Q0057,73f124a4-e69e-4b8c-a447-e72d23dc54be,unrestricted,5,0.2,0.5,1.0,0.0,96,82
Q0057,73f124a4-e69e-4b8c-a447-e72d23dc54be,unrestricted,7,0.14285714285714285,0.5,1.0,0.0,96,82
Q0057,73f124a4-e69e-4b8c-a447-e72d23dc54be,unrestricted,10,0.1,0.5,1.0,0.0,96,82
Q0057,73f124a4-e69e-4b8c-a447-e72d23dc54be,authorization_first,3,0.3333333333333333,0.5,1.0,0.0,82,82
Q0057,73f124a4-e69e-4b8c-a447-e72d23dc54be,authorization_first,5,0.2,0.5,1.0,0.0,82,82
Q0057,73f124a4-e69e-4b8c-a447-e72d23dc54be,authorization_first,7,0.14285714285714285,0.5,1.0,0.0,82,82
Q0057,73f124a4-e69e-4b8c-a447-e72d23dc54be,authorization_first,10,0.1,0.5,1.0,0.0,82,82
Q0058,73f124a4-e69e-4b8c-a447-e72d23dc54be,unrestricted,3,0.3333333333333333,1.0,1.0,0.0,96,82
Q0058,73f124a4-e69e-4b8c-a447-e72d23dc54be,unrestricted,5,0.2,1.0,1.0,0.0,96,82
Q0058,73f124a4-e69e-4b8c-a447-e72d23dc54be,unrestricted,7,0.14285714285714285,1.0,1.0,0.0,96,82
Q0058,73f124a4-e69e-4b8c-a447-e72d23dc54be,unrestricted,10,0.1,1.0,1.0,0.0,96,82
Q0058,73f124a4-e69e-4b8c-a447-e72d23dc54be,authorization_first,3,0.3333333333333333,1.0,1.0,0.0,82,82
Q0058,73f124a4-e69e-4b8c-a447-e72d23dc54be,authorization_first,5,0.2,1.0,1.0,0.0,82,82
Q0058,73f124a4-e69e-4b8c-a447-e72d23dc54be,authorization_first,7,0.14285714285714285,1.0,1.0,0.0,82,82
Q0058,73f124a4-e69e-4b8c-a447-e72d23dc54be,authorization_first,10,0.1,1.0,1.0,0.0,82,82
Q0059,73f124a4-e69e-4b8c-a447-e72d23dc54be,unrestricted,3,0.0,0.0,0.0,0.0,96,82
Q0059,73f124a4-e69e-4b8c-a447-e72d23dc54be,unrestricted,5,0.0,0.0,0.0,0.0,96,82
Q0059,73f124a4-e69e-4b8c-a447-e72d23dc54be,unrestricted,7,0.0,0.0,0.0,0.0,96,82
Q0059,73f124a4-e69e-4b8c-a447-e72d23dc54be,unrestricted,10,0.0,0.0,0.0,0.0,96,82
Q0059,73f124a4-e69e-4b8c-a447-e72d23dc54be,authorization_first,3,0.0,0.0,0.0,0.0,82,82
Q0059,73f124a4-e69e-4b8c-a447-e72d23dc54be,authorization_first,5,0.0,0.0,0.0,0.0,82,82
Q0059,73f124a4-e69e-4b8c-a447-e72d23dc54be,authorization_first,7,0.0,0.0,0.0,0.0,82,82
Q0059,73f124a4-e69e-4b8c-a447-e72d23dc54be,authorization_first,10,0.0,0.0,0.0,0.0,82,82
Q0060,73f124a4-e69e-4b8c-a447-e72d23dc54be,unrestricted,3,0.0,0.0,0.0,0.0,96,82
Q0060,73f124a4-e69e-4b8c-a447-e72d23dc54be,unrestricted,5,0.0,0.0,0.0,0.0,96,82
Q0060,73f124a4-e69e-4b8c-a447-e72d23dc54be,unrestricted,7,0.0,0.0,0.0,0.0,96,82
Q0060,73f124a4-e69e-4b8c-a447-e72d23dc54be,unrestricted,10,0.0,0.0,0.0,0.0,96,82
Q0060,73f124a4-e69e-4b8c-a447-e72d23dc54be,authorization_first,3,0.0,0.0,0.0,0.0,82,82
Q0060,73f124a4-e69e-4b8c-a447-e72d23dc54be,authorization_first,5,0.0,0.0,0.0,0.0,82,82
Q0060,73f124a4-e69e-4b8c-a447-e72d23dc54be,authorization_first,7,0.0,0.0,0.0,0.0,82,82
Q0060,73f124a4-e69e-4b8c-a447-e72d23dc54be,authorization_first,10,0.0,0.0,0.0,0.0,82,82
Q0061,87f05059-de42-4630-a35b-edb53d880640,unrestricted,3,0.6666666666666666,0.5,1.0,0.0,137,130
Q0061,87f05059-de42-4630-a35b-edb53d880640,unrestricted,5,0.4,0.5,1.0,0.0,137,130
Q0061,87f05059-de42-4630-a35b-edb53d880640,unrestricted,7,0.2857142857142857,0.5,1.0,0.0,137,130
Q0061,87f05059-de42-4630-a35b-edb53d880640,unrestricted,10,0.2,0.5,1.0,0.2,137,130
Q0061,87f05059-de42-4630-a35b-edb53d880640,authorization_first,3,0.6666666666666666,0.5,1.0,0.0,130,130
Q0061,87f05059-de42-4630-a35b-edb53d880640,authorization_first,5,0.4,0.5,1.0,0.0,130,130
Q0061,87f05059-de42-4630-a35b-edb53d880640,authorization_first,7,0.2857142857142857,0.5,1.0,0.0,130,130
Q0061,87f05059-de42-4630-a35b-edb53d880640,authorization_first,10,0.2,0.5,1.0,0.0,130,130
Q0062,87f05059-de42-4630-a35b-edb53d880640,unrestricted,3,0.3333333333333333,1.0,1.0,0.0,137,130
Q0062,87f05059-de42-4630-a35b-edb53d880640,unrestricted,5,0.2,1.0,1.0,0.0,137,130
Q0062,87f05059-de42-4630-a35b-edb53d880640,unrestricted,7,0.14285714285714285,1.0,1.0,0.0,137,130
Q0062,87f05059-de42-4630-a35b-edb53d880640,unrestricted,10,0.1,1.0,1.0,0.0,137,130
Q0062,87f05059-de42-4630-a35b-edb53d880640,authorization_first,3,0.3333333333333333,1.0,1.0,0.0,130,130
Q0062,87f05059-de42-4630-a35b-edb53d880640,authorization_first,5,0.2,1.0,1.0,0.0,130,130
Q0062,87f05059-de42-4630-a35b-edb53d880640,authorization_first,7,0.14285714285714285,1.0,1.0,0.0,130,130
Q0062,87f05059-de42-4630-a35b-edb53d880640,authorization_first,10,0.1,1.0,1.0,0.0,130,130
Q0063,87f05059-de42-4630-a35b-edb53d880640,unrestricted,3,0.3333333333333333,0.25,1.0,0.0,137,130
Q0063,87f05059-de42-4630-a35b-edb53d880640,unrestricted,5,0.2,0.25,1.0,0.0,137,130
Q0063,87f05059-de42-4630-a35b-edb53d880640,unrestricted,7,0.14285714285714285,0.25,1.0,0.0,137,130
Q0063,87f05059-de42-4630-a35b-edb53d880640,unrestricted,10,0.1,0.25,1.0,0.0,137,130
Q0063,87f05059-de42-4630-a35b-edb53d880640,authorization_first,3,0.3333333333333333,0.25,1.0,0.0,130,130
Q0063,87f05059-de42-4630-a35b-edb53d880640,authorization_first,5,0.2,0.25,1.0,0.0,130,130
Q0063,87f05059-de42-4630-a35b-edb53d880640,authorization_first,7,0.14285714285714285,0.25,1.0,0.0,130,130
Q0063,87f05059-de42-4630-a35b-edb53d880640,authorization_first,10,0.1,0.25,1.0,0.0,130,130
Q0064,87f05059-de42-4630-a35b-edb53d880640,unrestricted,3,0.0,0.0,0.0,0.3333333333333333,137,130
Q0064,87f05059-de42-4630-a35b-edb53d880640,unrestricted,5,0.0,0.0,0.0,0.4,137,130
Q0064,87f05059-de42-4630-a35b-edb53d880640,unrestricted,7,0.0,0.0,0.0,0.2857142857142857,137,130
Q0064,87f05059-de42-4630-a35b-edb53d880640,unrestricted,10,0.1,0.3333333333333333,0.1,0.2,137,130
Q0064,87f05059-de42-4630-a35b-edb53d880640,authorization_first,3,0.0,0.0,0.0,0.0,130,130
Q0064,87f05059-de42-4630-a35b-edb53d880640,authorization_first,5,0.0,0.0,0.0,0.0,130,130
Q0064,87f05059-de42-4630-a35b-edb53d880640,authorization_first,7,0.0,0.0,0.0,0.0,130,130
Q0064,87f05059-de42-4630-a35b-edb53d880640,authorization_first,10,0.1,0.3333333333333333,0.125,0.0,130,130
Q0065,87f05059-de42-4630-a35b-edb53d880640,unrestricted,3,0.0,0.0,0.0,0.0,137,130
Q0065,87f05059-de42-4630-a35b-edb53d880640,unrestricted,5,0.0,0.0,0.0,0.0,137,130
Q0065,87f05059-de42-4630-a35b-edb53d880640,unrestricted,7,0.0,0.0,0.0,0.0,137,130
Q0065,87f05059-de42-4630-a35b-edb53d880640,unrestricted,10,0.0,0.0,0.0,0.0,137,130
Q0065,87f05059-de42-4630-a35b-edb53d880640,authorization_first,3,0.0,0.0,0.0,0.0,130,130
Q0065,87f05059-de42-4630-a35b-edb53d880640,authorization_first,5,0.0,0.0,0.0,0.0,130,130
Q0065,87f05059-de42-4630-a35b-edb53d880640,authorization_first,7,0.0,0.0,0.0,0.0,130,130
Q0065,87f05059-de42-4630-a35b-edb53d880640,authorization_first,10,0.0,0.0,0.0,0.0,130,130
Q0066,87f05059-de42-4630-a35b-edb53d880640,unrestricted,3,0.3333333333333333,0.25,0.5,0.0,137,130
Q0066,87f05059-de42-4630-a35b-edb53d880640,unrestricted,5,0.4,0.5,0.5,0.0,137,130
Q0066,87f05059-de42-4630-a35b-edb53d880640,unrestricted,7,0.2857142857142857,0.5,0.5,0.0,137,130
Q0066,87f05059-de42-4630-a35b-edb53d880640,unrestricted,10,0.2,0.5,0.5,0.2,137,130
Q0066,87f05059-de42-4630-a35b-edb53d880640,authorization_first,3,0.3333333333333333,0.25,0.5,0.0,130,130
Q0066,87f05059-de42-4630-a35b-edb53d880640,authorization_first,5,0.4,0.5,0.5,0.0,130,130
Q0066,87f05059-de42-4630-a35b-edb53d880640,authorization_first,7,0.2857142857142857,0.5,0.5,0.0,130,130
Q0066,87f05059-de42-4630-a35b-edb53d880640,authorization_first,10,0.2,0.5,0.5,0.0,130,130
Q0067,87f05059-de42-4630-a35b-edb53d880640,unrestricted,3,0.3333333333333333,1.0,0.3333333333333333,0.0,137,130
Q0067,87f05059-de42-4630-a35b-edb53d880640,unrestricted,5,0.2,1.0,0.3333333333333333,0.0,137,130
Q0067,87f05059-de42-4630-a35b-edb53d880640,unrestricted,7,0.14285714285714285,1.0,0.3333333333333333,0.0,137,130
Q0067,87f05059-de42-4630-a35b-edb53d880640,unrestricted,10,0.1,1.0,0.3333333333333333,0.0,137,130
Q0067,87f05059-de42-4630-a35b-edb53d880640,authorization_first,3,0.3333333333333333,1.0,0.3333333333333333,0.0,130,130
Q0067,87f05059-de42-4630-a35b-edb53d880640,authorization_first,5,0.2,1.0,0.3333333333333333,0.0,130,130
Q0067,87f05059-de42-4630-a35b-edb53d880640,authorization_first,7,0.14285714285714285,1.0,0.3333333333333333,0.0,130,130
Q0067,87f05059-de42-4630-a35b-edb53d880640,authorization_first,10,0.1,1.0,0.3333333333333333,0.0,130,130
Q0068,87f05059-de42-4630-a35b-edb53d880640,unrestricted,3,0.0,0.0,0.0,0.3333333333333333,137,130
Q0068,87f05059-de42-4630-a35b-edb53d880640,unrestricted,5,0.0,0.0,0.0,0.4,137,130
Q0068,87f05059-de42-4630-a35b-edb53d880640,unrestricted,7,0.0,0.0,0.0,0.2857142857142857,137,130
Q0068,87f05059-de42-4630-a35b-edb53d880640,unrestricted,10,0.0,0.0,0.0,0.2,137,130
Q0068,87f05059-de42-4630-a35b-edb53d880640,authorization_first,3,0.0,0.0,0.0,0.0,130,130
Q0068,87f05059-de42-4630-a35b-edb53d880640,authorization_first,5,0.0,0.0,0.0,0.0,130,130
Q0068,87f05059-de42-4630-a35b-edb53d880640,authorization_first,7,0.0,0.0,0.0,0.0,130,130
Q0068,87f05059-de42-4630-a35b-edb53d880640,authorization_first,10,0.1,1.0,0.1111111111111111,0.0,130,130
Q0069,87f05059-de42-4630-a35b-edb53d880640,unrestricted,3,0.3333333333333333,1.0,0.5,0.0,137,130
Q0069,87f05059-de42-4630-a35b-edb53d880640,unrestricted,5,0.2,1.0,0.5,0.0,137,130
Q0069,87f05059-de42-4630-a35b-edb53d880640,unrestricted,7,0.14285714285714285,1.0,0.5,0.0,137,130
Q0069,87f05059-de42-4630-a35b-edb53d880640,unrestricted,10,0.1,1.0,0.5,0.0,137,130
Q0069,87f05059-de42-4630-a35b-edb53d880640,authorization_first,3,0.3333333333333333,1.0,0.5,0.0,130,130
Q0069,87f05059-de42-4630-a35b-edb53d880640,authorization_first,5,0.2,1.0,0.5,0.0,130,130
Q0069,87f05059-de42-4630-a35b-edb53d880640,authorization_first,7,0.14285714285714285,1.0,0.5,0.0,130,130
Q0069,87f05059-de42-4630-a35b-edb53d880640,authorization_first,10,0.1,1.0,0.5,0.0,130,130
Q0070,87f05059-de42-4630-a35b-edb53d880640,unrestricted,3,0.3333333333333333,1.0,1.0,0.0,137,130
Q0070,87f05059-de42-4630-a35b-edb53d880640,unrestricted,5,0.2,1.0,1.0,0.0,137,130
Q0070,87f05059-de42-4630-a35b-edb53d880640,unrestricted,7,0.14285714285714285,1.0,1.0,0.0,137,130
Q0070,87f05059-de42-4630-a35b-edb53d880640,unrestricted,10,0.1,1.0,1.0,0.0,137,130
Q0070,87f05059-de42-4630-a35b-edb53d880640,authorization_first,3,0.3333333333333333,1.0,1.0,0.0,130,130
Q0070,87f05059-de42-4630-a35b-edb53d880640,authorization_first,5,0.2,1.0,1.0,0.0,130,130
Q0070,87f05059-de42-4630-a35b-edb53d880640,authorization_first,7,0.14285714285714285,1.0,1.0,0.0,130,130
Q0070,87f05059-de42-4630-a35b-edb53d880640,authorization_first,10,0.1,1.0,1.0,0.0,130,130
Q0071,80f7a79f-61f1-4ec3-a2c7-226611a54044,unrestricted,3,0.6666666666666666,0.09090909090909091,1.0,0.3333333333333333,95,73
Q0071,80f7a79f-61f1-4ec3-a2c7-226611a54044,unrestricted,5,0.4,0.09090909090909091,1.0,0.4,95,73
Q0071,80f7a79f-61f1-4ec3-a2c7-226611a54044,unrestricted,7,0.2857142857142857,0.09090909090909091,1.0,0.42857142857142855,95,73
Q0071,80f7a79f-61f1-4ec3-a2c7-226611a54044,unrestricted,10,0.2,0.09090909090909091,1.0,0.3,95,73
Q0071,80f7a79f-61f1-4ec3-a2c7-226611a54044,authorization_first,3,0.6666666666666666,0.09090909090909091,1.0,0.0,73,73
Q0071,80f7a79f-61f1-4ec3-a2c7-226611a54044,authorization_first,5,0.4,0.09090909090909091,1.0,0.0,73,73
Q0071,80f7a79f-61f1-4ec3-a2c7-226611a54044,authorization_first,7,0.2857142857142857,0.09090909090909091,1.0,0.0,73,73
Q0071,80f7a79f-61f1-4ec3-a2c7-226611a54044,authorization_first,10,0.2,0.09090909090909091,1.0,0.0,73,73
Q0072,80f7a79f-61f1-4ec3-a2c7-226611a54044,unrestricted,3,0.3333333333333333,0.5,1.0,0.0,95,73
Q0072,80f7a79f-61f1-4ec3-a2c7-226611a54044,unrestricted,5,0.2,0.5,1.0,0.0,95,73
Q0072,80f7a79f-61f1-4ec3-a2c7-226611a54044,unrestricted,7,0.14285714285714285,0.5,1.0,0.14285714285714285,95,73
Q0072,80f7a79f-61f1-4ec3-a2c7-226611a54044,unrestricted,10,0.1,0.5,1.0,0.3,95,73
Q0072,80f7a79f-61f1-4ec3-a2c7-226611a54044,authorization_first,3,0.3333333333333333,0.5,1.0,0.0,73,73
Q0072,80f7a79f-61f1-4ec3-a2c7-226611a54044,authorization_first,5,0.2,0.5,1.0,0.0,73,73
Q0072,80f7a79f-61f1-4ec3-a2c7-226611a54044,authorization_first,7,0.14285714285714285,0.5,1.0,0.0,73,73
Q0072,80f7a79f-61f1-4ec3-a2c7-226611a54044,authorization_first,10,0.1,0.5,1.0,0.0,73,73
Q0073,80f7a79f-61f1-4ec3-a2c7-226611a54044,unrestricted,3,0.0,0.0,0.0,0.3333333333333333,95,73
Q0073,80f7a79f-61f1-4ec3-a2c7-226611a54044,unrestricted,5,0.0,0.0,0.0,0.4,95,73
Q0073,80f7a79f-61f1-4ec3-a2c7-226611a54044,unrestricted,7,0.0,0.0,0.0,0.42857142857142855,95,73
Q0073,80f7a79f-61f1-4ec3-a2c7-226611a54044,unrestricted,10,0.0,0.0,0.0,0.3,95,73
Q0073,80f7a79f-61f1-4ec3-a2c7-226611a54044,authorization_first,3,0.0,0.0,0.0,0.0,73,73
Q0073,80f7a79f-61f1-4ec3-a2c7-226611a54044,authorization_first,5,0.0,0.0,0.0,0.0,73,73
Q0073,80f7a79f-61f1-4ec3-a2c7-226611a54044,authorization_first,7,0.0,0.0,0.0,0.0,73,73
Q0073,80f7a79f-61f1-4ec3-a2c7-226611a54044,authorization_first,10,0.0,0.0,0.0,0.0,73,73
Q0074,80f7a79f-61f1-4ec3-a2c7-226611a54044,unrestricted,3,0.0,0.0,0.0,0.3333333333333333,95,73
Q0074,80f7a79f-61f1-4ec3-a2c7-226611a54044,unrestricted,5,0.0,0.0,0.0,0.4,95,73
Q0074,80f7a79f-61f1-4ec3-a2c7-226611a54044,unrestricted,7,0.0,0.0,0.0,0.42857142857142855,95,73
Q0074,80f7a79f-61f1-4ec3-a2c7-226611a54044,unrestricted,10,0.0,0.0,0.0,0.3,95,73
Q0074,80f7a79f-61f1-4ec3-a2c7-226611a54044,authorization_first,3,0.0,0.0,0.0,0.0,73,73
Q0074,80f7a79f-61f1-4ec3-a2c7-226611a54044,authorization_first,5,0.0,0.0,0.0,0.0,73,73
Q0074,80f7a79f-61f1-4ec3-a2c7-226611a54044,authorization_first,7,0.0,0.0,0.0,0.0,73,73
Q0074,80f7a79f-61f1-4ec3-a2c7-226611a54044,authorization_first,10,0.0,0.0,0.0,0.0,73,73
Q0075,80f7a79f-61f1-4ec3-a2c7-226611a54044,unrestricted,3,0.3333333333333333,0.5,1.0,0.0,95,73
Q0075,80f7a79f-61f1-4ec3-a2c7-226611a54044,unrestricted,5,0.2,0.5,1.0,0.2,95,73
Q0075,80f7a79f-61f1-4ec3-a2c7-226611a54044,unrestricted,7,0.14285714285714285,0.5,1.0,0.42857142857142855,95,73
Q0075,80f7a79f-61f1-4ec3-a2c7-226611a54044,unrestricted,10,0.1,0.5,1.0,0.3,95,73
Q0075,80f7a79f-61f1-4ec3-a2c7-226611a54044,authorization_first,3,0.3333333333333333,0.5,1.0,0.0,73,73
Q0075,80f7a79f-61f1-4ec3-a2c7-226611a54044,authorization_first,5,0.2,0.5,1.0,0.0,73,73
Q0075,80f7a79f-61f1-4ec3-a2c7-226611a54044,authorization_first,7,0.14285714285714285,0.5,1.0,0.0,73,73
Q0075,80f7a79f-61f1-4ec3-a2c7-226611a54044,authorization_first,10,0.1,0.5,1.0,0.0,73,73
Q0076,80f7a79f-61f1-4ec3-a2c7-226611a54044,unrestricted,3,0.0,0.0,0.0,0.3333333333333333,95,73
Q0076,80f7a79f-61f1-4ec3-a2c7-226611a54044,unrestricted,5,0.0,0.0,0.0,0.4,95,73
Q0076,80f7a79f-61f1-4ec3-a2c7-226611a54044,unrestricted,7,0.0,0.0,0.0,0.42857142857142855,95,73
Q0076,80f7a79f-61f1-4ec3-a2c7-226611a54044,unrestricted,10,0.0,0.0,0.0,0.3,95,73
Q0076,80f7a79f-61f1-4ec3-a2c7-226611a54044,authorization_first,3,0.0,0.0,0.0,0.0,73,73
Q0076,80f7a79f-61f1-4ec3-a2c7-226611a54044,authorization_first,5,0.0,0.0,0.0,0.0,73,73
Q0076,80f7a79f-61f1-4ec3-a2c7-226611a54044,authorization_first,7,0.0,0.0,0.0,0.0,73,73
Q0076,80f7a79f-61f1-4ec3-a2c7-226611a54044,authorization_first,10,0.0,0.0,0.0,0.0,73,73
Q0077,80f7a79f-61f1-4ec3-a2c7-226611a54044,unrestricted,3,0.0,0.0,0.0,0.3333333333333333,95,73
Q0077,80f7a79f-61f1-4ec3-a2c7-226611a54044,unrestricted,5,0.0,0.0,0.0,0.4,95,73
Q0077,80f7a79f-61f1-4ec3-a2c7-226611a54044,unrestricted,7,0.0,0.0,0.0,0.42857142857142855,95,73
Q0077,80f7a79f-61f1-4ec3-a2c7-226611a54044,unrestricted,10,0.0,0.0,0.0,0.3,95,73
Q0077,80f7a79f-61f1-4ec3-a2c7-226611a54044,authorization_first,3,0.0,0.0,0.0,0.0,73,73
Q0077,80f7a79f-61f1-4ec3-a2c7-226611a54044,authorization_first,5,0.0,0.0,0.0,0.0,73,73
Q0077,80f7a79f-61f1-4ec3-a2c7-226611a54044,authorization_first,7,0.0,0.0,0.0,0.0,73,73
Q0077,80f7a79f-61f1-4ec3-a2c7-226611a54044,authorization_first,10,0.0,0.0,0.0,0.0,73,73
Q0078,80f7a79f-61f1-4ec3-a2c7-226611a54044,unrestricted,3,0.3333333333333333,0.5,0.5,0.0,95,73
Q0078,80f7a79f-61f1-4ec3-a2c7-226611a54044,unrestricted,5,0.2,0.5,0.5,0.2,95,73
Q0078,80f7a79f-61f1-4ec3-a2c7-226611a54044,unrestricted,7,0.14285714285714285,0.5,0.5,0.42857142857142855,95,73
Q0078,80f7a79f-61f1-4ec3-a2c7-226611a54044,unrestricted,10,0.1,0.5,0.5,0.3,95,73
Q0078,80f7a79f-61f1-4ec3-a2c7-226611a54044,authorization_first,3,0.3333333333333333,0.5,0.5,0.0,73,73
Q0078,80f7a79f-61f1-4ec3-a2c7-226611a54044,authorization_first,5,0.2,0.5,0.5,0.0,73,73
Q0078,80f7a79f-61f1-4ec3-a2c7-226611a54044,authorization_first,7,0.14285714285714285,0.5,0.5,0.0,73,73
Q0078,80f7a79f-61f1-4ec3-a2c7-226611a54044,authorization_first,10,0.1,0.5,0.5,0.0,73,73
Q0079,80f7a79f-61f1-4ec3-a2c7-226611a54044,unrestricted,3,0.3333333333333333,0.3333333333333333,1.0,0.0,95,73
Q0079,80f7a79f-61f1-4ec3-a2c7-226611a54044,unrestricted,5,0.2,0.3333333333333333,1.0,0.2,95,73
Q0079,80f7a79f-61f1-4ec3-a2c7-226611a54044,unrestricted,7,0.14285714285714285,0.3333333333333333,1.0,0.42857142857142855,95,73
Q0079,80f7a79f-61f1-4ec3-a2c7-226611a54044,unrestricted,10,0.1,0.3333333333333333,1.0,0.3,95,73
Q0079,80f7a79f-61f1-4ec3-a2c7-226611a54044,authorization_first,3,0.3333333333333333,0.3333333333333333,1.0,0.0,73,73
Q0079,80f7a79f-61f1-4ec3-a2c7-226611a54044,authorization_first,5,0.2,0.3333333333333333,1.0,0.0,73,73
Q0079,80f7a79f-61f1-4ec3-a2c7-226611a54044,authorization_first,7,0.14285714285714285,0.3333333333333333,1.0,0.0,73,73
Q0079,80f7a79f-61f1-4ec3-a2c7-226611a54044,authorization_first,10,0.2,0.6666666666666666,1.0,0.0,73,73
Q0080,80f7a79f-61f1-4ec3-a2c7-226611a54044,unrestricted,3,0.0,0.0,0.0,0.3333333333333333,95,73
Q0080,80f7a79f-61f1-4ec3-a2c7-226611a54044,unrestricted,5,0.0,0.0,0.0,0.4,95,73
Q0080,80f7a79f-61f1-4ec3-a2c7-226611a54044,unrestricted,7,0.0,0.0,0.0,0.42857142857142855,95,73
Q0080,80f7a79f-61f1-4ec3-a2c7-226611a54044,unrestricted,10,0.0,0.0,0.0,0.3,95,73
Q0080,80f7a79f-61f1-4ec3-a2c7-226611a54044,authorization_first,3,0.0,0.0,0.0,0.0,73,73
Q0080,80f7a79f-61f1-4ec3-a2c7-226611a54044,authorization_first,5,0.0,0.0,0.0,0.0,73,73
Q0080,80f7a79f-61f1-4ec3-a2c7-226611a54044,authorization_first,7,0.0,0.0,0.0,0.0,73,73
Q0080,80f7a79f-61f1-4ec3-a2c7-226611a54044,authorization_first,10,0.0,0.0,0.0,0.0,73,73
Q0081,55de6142-7bb1-47f0-95c3-29fda996ef6b,unrestricted,3,0.3333333333333333,1.0,1.0,0.0,57,40
Q0081,55de6142-7bb1-47f0-95c3-29fda996ef6b,unrestricted,5,0.2,1.0,1.0,0.0,57,40
Q0081,55de6142-7bb1-47f0-95c3-29fda996ef6b,unrestricted,7,0.14285714285714285,1.0,1.0,0.2857142857142857,57,40
Q0081,55de6142-7bb1-47f0-95c3-29fda996ef6b,unrestricted,10,0.1,1.0,1.0,0.2,57,40
Q0081,55de6142-7bb1-47f0-95c3-29fda996ef6b,authorization_first,3,0.3333333333333333,1.0,1.0,0.0,40,40
Q0081,55de6142-7bb1-47f0-95c3-29fda996ef6b,authorization_first,5,0.2,1.0,1.0,0.0,40,40
Q0081,55de6142-7bb1-47f0-95c3-29fda996ef6b,authorization_first,7,0.14285714285714285,1.0,1.0,0.0,40,40
Q0081,55de6142-7bb1-47f0-95c3-29fda996ef6b,authorization_first,10,0.1,1.0,1.0,0.0,40,40
Q0082,55de6142-7bb1-47f0-95c3-29fda996ef6b,unrestricted,3,0.0,0.0,0.0,0.3333333333333333,57,40
Q0082,55de6142-7bb1-47f0-95c3-29fda996ef6b,unrestricted,5,0.0,0.0,0.0,0.4,57,40
Q0082,55de6142-7bb1-47f0-95c3-29fda996ef6b,unrestricted,7,0.0,0.0,0.0,0.42857142857142855,57,40
Q0082,55de6142-7bb1-47f0-95c3-29fda996ef6b,unrestricted,10,0.0,0.0,0.0,0.5,57,40
Q0082,55de6142-7bb1-47f0-95c3-29fda996ef6b,authorization_first,3,0.0,0.0,0.0,0.0,40,40
Q0082,55de6142-7bb1-47f0-95c3-29fda996ef6b,authorization_first,5,0.0,0.0,0.0,0.0,40,40
Q0082,55de6142-7bb1-47f0-95c3-29fda996ef6b,authorization_first,7,0.0,0.0,0.0,0.0,40,40
Q0082,55de6142-7bb1-47f0-95c3-29fda996ef6b,authorization_first,10,0.1,1.0,0.1,0.0,40,40
Q0083,55de6142-7bb1-47f0-95c3-29fda996ef6b,unrestricted,3,0.0,0.0,0.0,0.3333333333333333,57,40
Q0083,55de6142-7bb1-47f0-95c3-29fda996ef6b,unrestricted,5,0.0,0.0,0.0,0.4,57,40
Q0083,55de6142-7bb1-47f0-95c3-29fda996ef6b,unrestricted,7,0.0,0.0,0.0,0.42857142857142855,57,40
Q0083,55de6142-7bb1-47f0-95c3-29fda996ef6b,unrestricted,10,0.0,0.0,0.0,0.5,57,40
Q0083,55de6142-7bb1-47f0-95c3-29fda996ef6b,authorization_first,3,0.0,0.0,0.0,0.0,40,40
Q0083,55de6142-7bb1-47f0-95c3-29fda996ef6b,authorization_first,5,0.0,0.0,0.0,0.0,40,40
Q0083,55de6142-7bb1-47f0-95c3-29fda996ef6b,authorization_first,7,0.0,0.0,0.0,0.0,40,40
Q0083,55de6142-7bb1-47f0-95c3-29fda996ef6b,authorization_first,10,0.0,0.0,0.0,0.0,40,40
Q0084,55de6142-7bb1-47f0-95c3-29fda996ef6b,unrestricted,3,0.0,0.0,0.0,0.3333333333333333,57,40
Q0084,55de6142-7bb1-47f0-95c3-29fda996ef6b,unrestricted,5,0.0,0.0,0.0,0.4,57,40
Q0084,55de6142-7bb1-47f0-95c3-29fda996ef6b,unrestricted,7,0.0,0.0,0.0,0.42857142857142855,57,40
Q0084,55de6142-7bb1-47f0-95c3-29fda996ef6b,unrestricted,10,0.0,0.0,0.0,0.5,57,40
Q0084,55de6142-7bb1-47f0-95c3-29fda996ef6b,authorization_first,3,0.0,0.0,0.0,0.0,40,40
Q0084,55de6142-7bb1-47f0-95c3-29fda996ef6b,authorization_first,5,0.0,0.0,0.0,0.0,40,40
Q0084,55de6142-7bb1-47f0-95c3-29fda996ef6b,authorization_first,7,0.0,0.0,0.0,0.0,40,40
Q0084,55de6142-7bb1-47f0-95c3-29fda996ef6b,authorization_first,10,0.1,1.0,0.1111111111111111,0.0,40,40
Q0085,55de6142-7bb1-47f0-95c3-29fda996ef6b,unrestricted,3,0.0,0.0,0.0,0.3333333333333333,57,40
Q0085,55de6142-7bb1-47f0-95c3-29fda996ef6b,unrestricted,5,0.0,0.0,0.0,0.4,57,40
Q0085,55de6142-7bb1-47f0-95c3-29fda996ef6b,unrestricted,7,0.0,0.0,0.0,0.42857142857142855,57,40
Q0085,55de6142-7bb1-47f0-95c3-29fda996ef6b,unrestricted,10,0.0,0.0,0.0,0.5,57,40
Q0085,55de6142-7bb1-47f0-95c3-29fda996ef6b,authorization_first,3,0.0,0.0,0.0,0.0,40,40
Q0085,55de6142-7bb1-47f0-95c3-29fda996ef6b,authorization_first,5,0.0,0.0,0.0,0.0,40,40
Q0085,55de6142-7bb1-47f0-95c3-29fda996ef6b,authorization_first,7,0.0,0.0,0.0,0.0,40,40
Q0085,55de6142-7bb1-47f0-95c3-29fda996ef6b,authorization_first,10,0.0,0.0,0.0,0.0,40,40
Q0086,55de6142-7bb1-47f0-95c3-29fda996ef6b,unrestricted,3,0.3333333333333333,0.3333333333333333,1.0,0.3333333333333333,57,40
Q0086,55de6142-7bb1-47f0-95c3-29fda996ef6b,unrestricted,5,0.2,0.3333333333333333,1.0,0.4,57,40
Q0086,55de6142-7bb1-47f0-95c3-29fda996ef6b,unrestricted,7,0.14285714285714285,0.3333333333333333,1.0,0.42857142857142855,57,40
Q0086,55de6142-7bb1-47f0-95c3-29fda996ef6b,unrestricted,10,0.1,0.3333333333333333,1.0,0.5,57,40
Q0086,55de6142-7bb1-47f0-95c3-29fda996ef6b,authorization_first,3,0.3333333333333333,0.3333333333333333,1.0,0.0,40,40
Q0086,55de6142-7bb1-47f0-95c3-29fda996ef6b,authorization_first,5,0.2,0.3333333333333333,1.0,0.0,40,40
Q0086,55de6142-7bb1-47f0-95c3-29fda996ef6b,authorization_first,7,0.2857142857142857,0.6666666666666666,1.0,0.0,40,40
Q0086,55de6142-7bb1-47f0-95c3-29fda996ef6b,authorization_first,10,0.2,0.6666666666666666,1.0,0.0,40,40
Q0087,55de6142-7bb1-47f0-95c3-29fda996ef6b,unrestricted,3,0.0,0.0,0.0,0.3333333333333333,57,40
Q0087,55de6142-7bb1-47f0-95c3-29fda996ef6b,unrestricted,5,0.0,0.0,0.0,0.4,57,40
Q0087,55de6142-7bb1-47f0-95c3-29fda996ef6b,unrestricted,7,0.0,0.0,0.0,0.42857142857142855,57,40
Q0087,55de6142-7bb1-47f0-95c3-29fda996ef6b,unrestricted,10,0.0,0.0,0.0,0.5,57,40
Q0087,55de6142-7bb1-47f0-95c3-29fda996ef6b,authorization_first,3,0.0,0.0,0.0,0.0,40,40
Q0087,55de6142-7bb1-47f0-95c3-29fda996ef6b,authorization_first,5,0.0,0.0,0.0,0.0,40,40
Q0087,55de6142-7bb1-47f0-95c3-29fda996ef6b,authorization_first,7,0.0,0.0,0.0,0.0,40,40
Q0087,55de6142-7bb1-47f0-95c3-29fda996ef6b,authorization_first,10,0.0,0.0,0.0,0.0,40,40
Q0088,55de6142-7bb1-47f0-95c3-29fda996ef6b,unrestricted,3,0.0,0.0,0.0,0.3333333333333333,57,40
Q0088,55de6142-7bb1-47f0-95c3-29fda996ef6b,unrestricted,5,0.0,0.0,0.0,0.4,57,40
Q0088,55de6142-7bb1-47f0-95c3-29fda996ef6b,unrestricted,7,0.0,0.0,0.0,0.42857142857142855,57,40
Q0088,55de6142-7bb1-47f0-95c3-29fda996ef6b,unrestricted,10,0.0,0.0,0.0,0.5,57,40
Q0088,55de6142-7bb1-47f0-95c3-29fda996ef6b,authorization_first,3,0.0,0.0,0.0,0.0,40,40
Q0088,55de6142-7bb1-47f0-95c3-29fda996ef6b,authorization_first,5,0.0,0.0,0.0,0.0,40,40
Q0088,55de6142-7bb1-47f0-95c3-29fda996ef6b,authorization_first,7,0.0,0.0,0.0,0.0,40,40
Q0088,55de6142-7bb1-47f0-95c3-29fda996ef6b,authorization_first,10,0.0,0.0,0.0,0.0,40,40
Q0089,55de6142-7bb1-47f0-95c3-29fda996ef6b,unrestricted,3,0.3333333333333333,0.25,0.5,0.0,57,40
Q0089,55de6142-7bb1-47f0-95c3-29fda996ef6b,unrestricted,5,0.4,0.5,0.5,0.0,57,40
Q0089,55de6142-7bb1-47f0-95c3-29fda996ef6b,unrestricted,7,0.2857142857142857,0.5,0.5,0.2857142857142857,57,40
Q0089,55de6142-7bb1-47f0-95c3-29fda996ef6b,unrestricted,10,0.2,0.5,0.5,0.2,57,40
Q0089,55de6142-7bb1-47f0-95c3-29fda996ef6b,authorization_first,3,0.3333333333333333,0.25,0.5,0.0,40,40
Q0089,55de6142-7bb1-47f0-95c3-29fda996ef6b,authorization_first,5,0.4,0.5,0.5,0.0,40,40
Q0089,55de6142-7bb1-47f0-95c3-29fda996ef6b,authorization_first,7,0.2857142857142857,0.5,0.5,0.0,40,40
Q0089,55de6142-7bb1-47f0-95c3-29fda996ef6b,authorization_first,10,0.2,0.5,0.5,0.0,40,40
Q0090,55de6142-7bb1-47f0-95c3-29fda996ef6b,unrestricted,3,0.3333333333333333,0.25,1.0,0.0,57,40
Q0090,55de6142-7bb1-47f0-95c3-29fda996ef6b,unrestricted,5,0.2,0.25,1.0,0.4,57,40
Q0090,55de6142-7bb1-47f0-95c3-29fda996ef6b,unrestricted,7,0.14285714285714285,0.25,1.0,0.2857142857142857,57,40
Q0090,55de6142-7bb1-47f0-95c3-29fda996ef6b,unrestricted,10,0.1,0.25,1.0,0.4,57,40
Q0090,55de6142-7bb1-47f0-95c3-29fda996ef6b,authorization_first,3,0.3333333333333333,0.25,1.0,0.0,40,40
Q0090,55de6142-7bb1-47f0-95c3-29fda996ef6b,authorization_first,5,0.2,0.25,1.0,0.0,40,40
Q0090,55de6142-7bb1-47f0-95c3-29fda996ef6b,authorization_first,7,0.14285714285714285,0.25,1.0,0.0,40,40
Q0090,55de6142-7bb1-47f0-95c3-29fda996ef6b,authorization_first,10,0.1,0.25,1.0,0.0,40,40
Q0091,3acf9313-1874-4dff-ab2a-3187516d92d6,unrestricted,3,0.0,0.0,0.0,0.0,1751,1637
Q0091,3acf9313-1874-4dff-ab2a-3187516d92d6,unrestricted,5,0.0,0.0,0.0,0.0,1751,1637
Q0091,3acf9313-1874-4dff-ab2a-3187516d92d6,unrestricted,7,0.0,0.0,0.0,0.14285714285714285,1751,1637
Q0091,3acf9313-1874-4dff-ab2a-3187516d92d6,unrestricted,10,0.0,0.0,0.0,0.2,1751,1637
Q0091,3acf9313-1874-4dff-ab2a-3187516d92d6,authorization_first,3,0.0,0.0,0.0,0.0,1637,1637
Q0091,3acf9313-1874-4dff-ab2a-3187516d92d6,authorization_first,5,0.0,0.0,0.0,0.0,1637,1637
Q0091,3acf9313-1874-4dff-ab2a-3187516d92d6,authorization_first,7,0.0,0.0,0.0,0.0,1637,1637
Q0091,3acf9313-1874-4dff-ab2a-3187516d92d6,authorization_first,10,0.0,0.0,0.0,0.0,1637,1637
Q0092,3acf9313-1874-4dff-ab2a-3187516d92d6,unrestricted,3,0.0,0.0,0.0,0.0,1751,1637
Q0092,3acf9313-1874-4dff-ab2a-3187516d92d6,unrestricted,5,0.0,0.0,0.0,0.0,1751,1637
Q0092,3acf9313-1874-4dff-ab2a-3187516d92d6,unrestricted,7,0.0,0.0,0.0,0.0,1751,1637
Q0092,3acf9313-1874-4dff-ab2a-3187516d92d6,unrestricted,10,0.0,0.0,0.0,0.1,1751,1637
Q0092,3acf9313-1874-4dff-ab2a-3187516d92d6,authorization_first,3,0.0,0.0,0.0,0.0,1637,1637
Q0092,3acf9313-1874-4dff-ab2a-3187516d92d6,authorization_first,5,0.0,0.0,0.0,0.0,1637,1637
Q0092,3acf9313-1874-4dff-ab2a-3187516d92d6,authorization_first,7,0.0,0.0,0.0,0.0,1637,1637
Q0092,3acf9313-1874-4dff-ab2a-3187516d92d6,authorization_first,10,0.0,0.0,0.0,0.0,1637,1637
Q0093,3acf9313-1874-4dff-ab2a-3187516d92d6,unrestricted,3,0.0,0.0,0.0,0.0,1751,1637
Q0093,3acf9313-1874-4dff-ab2a-3187516d92d6,unrestricted,5,0.0,0.0,0.0,0.0,1751,1637
Q0093,3acf9313-1874-4dff-ab2a-3187516d92d6,unrestricted,7,0.0,0.0,0.0,0.0,1751,1637
Q0093,3acf9313-1874-4dff-ab2a-3187516d92d6,unrestricted,10,0.0,0.0,0.0,0.1,1751,1637
Q0093,3acf9313-1874-4dff-ab2a-3187516d92d6,authorization_first,3,0.0,0.0,0.0,0.0,1637,1637
Q0093,3acf9313-1874-4dff-ab2a-3187516d92d6,authorization_first,5,0.0,0.0,0.0,0.0,1637,1637
Q0093,3acf9313-1874-4dff-ab2a-3187516d92d6,authorization_first,7,0.0,0.0,0.0,0.0,1637,1637
Q0093,3acf9313-1874-4dff-ab2a-3187516d92d6,authorization_first,10,0.0,0.0,0.0,0.0,1637,1637
Q0094,3acf9313-1874-4dff-ab2a-3187516d92d6,unrestricted,3,0.0,0.0,0.0,0.0,1751,1637
Q0094,3acf9313-1874-4dff-ab2a-3187516d92d6,unrestricted,5,0.0,0.0,0.0,0.0,1751,1637
Q0094,3acf9313-1874-4dff-ab2a-3187516d92d6,unrestricted,7,0.0,0.0,0.0,0.14285714285714285,1751,1637
Q0094,3acf9313-1874-4dff-ab2a-3187516d92d6,unrestricted,10,0.0,0.0,0.0,0.2,1751,1637
Q0094,3acf9313-1874-4dff-ab2a-3187516d92d6,authorization_first,3,0.0,0.0,0.0,0.0,1637,1637
Q0094,3acf9313-1874-4dff-ab2a-3187516d92d6,authorization_first,5,0.0,0.0,0.0,0.0,1637,1637
Q0094,3acf9313-1874-4dff-ab2a-3187516d92d6,authorization_first,7,0.0,0.0,0.0,0.0,1637,1637
Q0094,3acf9313-1874-4dff-ab2a-3187516d92d6,authorization_first,10,0.0,0.0,0.0,0.0,1637,1637
Q0095,3acf9313-1874-4dff-ab2a-3187516d92d6,unrestricted,3,0.0,0.0,0.0,0.0,1751,1637
Q0095,3acf9313-1874-4dff-ab2a-3187516d92d6,unrestricted,5,0.0,0.0,0.0,0.0,1751,1637
Q0095,3acf9313-1874-4dff-ab2a-3187516d92d6,unrestricted,7,0.0,0.0,0.0,0.0,1751,1637
Q0095,3acf9313-1874-4dff-ab2a-3187516d92d6,unrestricted,10,0.0,0.0,0.0,0.1,1751,1637
Q0095,3acf9313-1874-4dff-ab2a-3187516d92d6,authorization_first,3,0.0,0.0,0.0,0.0,1637,1637
Q0095,3acf9313-1874-4dff-ab2a-3187516d92d6,authorization_first,5,0.0,0.0,0.0,0.0,1637,1637
Q0095,3acf9313-1874-4dff-ab2a-3187516d92d6,authorization_first,7,0.0,0.0,0.0,0.0,1637,1637
Q0095,3acf9313-1874-4dff-ab2a-3187516d92d6,authorization_first,10,0.0,0.0,0.0,0.0,1637,1637
Q0096,3acf9313-1874-4dff-ab2a-3187516d92d6,unrestricted,3,0.0,0.0,0.0,0.0,1751,1637
Q0096,3acf9313-1874-4dff-ab2a-3187516d92d6,unrestricted,5,0.0,0.0,0.0,0.0,1751,1637
Q0096,3acf9313-1874-4dff-ab2a-3187516d92d6,unrestricted,7,0.0,0.0,0.0,0.14285714285714285,1751,1637
Q0096,3acf9313-1874-4dff-ab2a-3187516d92d6,unrestricted,10,0.0,0.0,0.0,0.2,1751,1637
Q0096,3acf9313-1874-4dff-ab2a-3187516d92d6,authorization_first,3,0.0,0.0,0.0,0.0,1637,1637
Q0096,3acf9313-1874-4dff-ab2a-3187516d92d6,authorization_first,5,0.0,0.0,0.0,0.0,1637,1637
Q0096,3acf9313-1874-4dff-ab2a-3187516d92d6,authorization_first,7,0.0,0.0,0.0,0.0,1637,1637
Q0096,3acf9313-1874-4dff-ab2a-3187516d92d6,authorization_first,10,0.0,0.0,0.0,0.0,1637,1637
Q0097,3acf9313-1874-4dff-ab2a-3187516d92d6,unrestricted,3,0.0,0.0,0.0,0.0,1751,1637
Q0097,3acf9313-1874-4dff-ab2a-3187516d92d6,unrestricted,5,0.0,0.0,0.0,0.0,1751,1637
Q0097,3acf9313-1874-4dff-ab2a-3187516d92d6,unrestricted,7,0.0,0.0,0.0,0.14285714285714285,1751,1637
Q0097,3acf9313-1874-4dff-ab2a-3187516d92d6,unrestricted,10,0.0,0.0,0.0,0.2,1751,1637
Q0097,3acf9313-1874-4dff-ab2a-3187516d92d6,authorization_first,3,0.0,0.0,0.0,0.0,1637,1637
Q0097,3acf9313-1874-4dff-ab2a-3187516d92d6,authorization_first,5,0.0,0.0,0.0,0.0,1637,1637
Q0097,3acf9313-1874-4dff-ab2a-3187516d92d6,authorization_first,7,0.0,0.0,0.0,0.0,1637,1637
Q0097,3acf9313-1874-4dff-ab2a-3187516d92d6,authorization_first,10,0.0,0.0,0.0,0.0,1637,1637
Q0098,3acf9313-1874-4dff-ab2a-3187516d92d6,unrestricted,3,0.0,0.0,0.0,0.0,1751,1637
Q0098,3acf9313-1874-4dff-ab2a-3187516d92d6,unrestricted,5,0.0,0.0,0.0,0.0,1751,1637
Q0098,3acf9313-1874-4dff-ab2a-3187516d92d6,unrestricted,7,0.0,0.0,0.0,0.14285714285714285,1751,1637
Q0098,3acf9313-1874-4dff-ab2a-3187516d92d6,unrestricted,10,0.0,0.0,0.0,0.2,1751,1637
Q0098,3acf9313-1874-4dff-ab2a-3187516d92d6,authorization_first,3,0.0,0.0,0.0,0.0,1637,1637
Q0098,3acf9313-1874-4dff-ab2a-3187516d92d6,authorization_first,5,0.0,0.0,0.0,0.0,1637,1637
Q0098,3acf9313-1874-4dff-ab2a-3187516d92d6,authorization_first,7,0.0,0.0,0.0,0.0,1637,1637
Q0098,3acf9313-1874-4dff-ab2a-3187516d92d6,authorization_first,10,0.0,0.0,0.0,0.0,1637,1637
Q0099,3acf9313-1874-4dff-ab2a-3187516d92d6,unrestricted,3,0.0,0.0,0.0,0.0,1751,1637
Q0099,3acf9313-1874-4dff-ab2a-3187516d92d6,unrestricted,5,0.0,0.0,0.0,0.0,1751,1637
Q0099,3acf9313-1874-4dff-ab2a-3187516d92d6,unrestricted,7,0.0,0.0,0.0,0.14285714285714285,1751,1637
Q0099,3acf9313-1874-4dff-ab2a-3187516d92d6,unrestricted,10,0.0,0.0,0.0,0.2,1751,1637
Q0099,3acf9313-1874-4dff-ab2a-3187516d92d6,authorization_first,3,0.0,0.0,0.0,0.0,1637,1637
Q0099,3acf9313-1874-4dff-ab2a-3187516d92d6,authorization_first,5,0.0,0.0,0.0,0.0,1637,1637
Q0099,3acf9313-1874-4dff-ab2a-3187516d92d6,authorization_first,7,0.0,0.0,0.0,0.0,1637,1637
Q0099,3acf9313-1874-4dff-ab2a-3187516d92d6,authorization_first,10,0.0,0.0,0.0,0.0,1637,1637
Q0100,3acf9313-1874-4dff-ab2a-3187516d92d6,unrestricted,3,0.0,0.0,0.0,0.0,1751,1637
Q0100,3acf9313-1874-4dff-ab2a-3187516d92d6,unrestricted,5,0.0,0.0,0.0,0.0,1751,1637
Q0100,3acf9313-1874-4dff-ab2a-3187516d92d6,unrestricted,7,0.0,0.0,0.0,0.14285714285714285,1751,1637
Q0100,3acf9313-1874-4dff-ab2a-3187516d92d6,unrestricted,10,0.0,0.0,0.0,0.2,1751,1637
Q0100,3acf9313-1874-4dff-ab2a-3187516d92d6,authorization_first,3,0.0,0.0,0.0,0.0,1637,1637
Q0100,3acf9313-1874-4dff-ab2a-3187516d92d6,authorization_first,5,0.0,0.0,0.0,0.0,1637,1637
Q0100,3acf9313-1874-4dff-ab2a-3187516d92d6,authorization_first,7,0.0,0.0,0.0,0.0,1637,1637
Q0100,3acf9313-1874-4dff-ab2a-3187516d92d6,authorization_first,10,0.0,0.0,0.0,0.0,1637,1637
Q0101,714b9c18-783d-4f52-aa64-cc3a05a286d9,unrestricted,3,0.3333333333333333,1.0,1.0,0.0,556,547
Q0101,714b9c18-783d-4f52-aa64-cc3a05a286d9,unrestricted,5,0.2,1.0,1.0,0.0,556,547
Q0101,714b9c18-783d-4f52-aa64-cc3a05a286d9,unrestricted,7,0.14285714285714285,1.0,1.0,0.0,556,547
Q0101,714b9c18-783d-4f52-aa64-cc3a05a286d9,unrestricted,10,0.1,1.0,1.0,0.0,556,547
Q0101,714b9c18-783d-4f52-aa64-cc3a05a286d9,authorization_first,3,0.3333333333333333,1.0,1.0,0.0,547,547
Q0101,714b9c18-783d-4f52-aa64-cc3a05a286d9,authorization_first,5,0.2,1.0,1.0,0.0,547,547
Q0101,714b9c18-783d-4f52-aa64-cc3a05a286d9,authorization_first,7,0.14285714285714285,1.0,1.0,0.0,547,547
Q0101,714b9c18-783d-4f52-aa64-cc3a05a286d9,authorization_first,10,0.1,1.0,1.0,0.0,547,547
Q0102,714b9c18-783d-4f52-aa64-cc3a05a286d9,unrestricted,3,0.3333333333333333,0.5,0.5,0.0,556,547
Q0102,714b9c18-783d-4f52-aa64-cc3a05a286d9,unrestricted,5,0.2,0.5,0.5,0.0,556,547
Q0102,714b9c18-783d-4f52-aa64-cc3a05a286d9,unrestricted,7,0.14285714285714285,0.5,0.5,0.0,556,547
Q0102,714b9c18-783d-4f52-aa64-cc3a05a286d9,unrestricted,10,0.1,0.5,0.5,0.0,556,547
Q0102,714b9c18-783d-4f52-aa64-cc3a05a286d9,authorization_first,3,0.3333333333333333,0.5,0.5,0.0,547,547
Q0102,714b9c18-783d-4f52-aa64-cc3a05a286d9,authorization_first,5,0.2,0.5,0.5,0.0,547,547
Q0102,714b9c18-783d-4f52-aa64-cc3a05a286d9,authorization_first,7,0.14285714285714285,0.5,0.5,0.0,547,547
Q0102,714b9c18-783d-4f52-aa64-cc3a05a286d9,authorization_first,10,0.1,0.5,0.5,0.0,547,547
Q0103,714b9c18-783d-4f52-aa64-cc3a05a286d9,unrestricted,3,0.0,0.0,0.0,0.0,556,547
Q0103,714b9c18-783d-4f52-aa64-cc3a05a286d9,unrestricted,5,0.0,0.0,0.0,0.0,556,547
Q0103,714b9c18-783d-4f52-aa64-cc3a05a286d9,unrestricted,7,0.0,0.0,0.0,0.0,556,547
Q0103,714b9c18-783d-4f52-aa64-cc3a05a286d9,unrestricted,10,0.0,0.0,0.0,0.0,556,547
Q0103,714b9c18-783d-4f52-aa64-cc3a05a286d9,authorization_first,3,0.0,0.0,0.0,0.0,547,547
Q0103,714b9c18-783d-4f52-aa64-cc3a05a286d9,authorization_first,5,0.0,0.0,0.0,0.0,547,547
Q0103,714b9c18-783d-4f52-aa64-cc3a05a286d9,authorization_first,7,0.0,0.0,0.0,0.0,547,547
Q0103,714b9c18-783d-4f52-aa64-cc3a05a286d9,authorization_first,10,0.0,0.0,0.0,0.0,547,547
Q0104,714b9c18-783d-4f52-aa64-cc3a05a286d9,unrestricted,3,0.0,0.0,0.0,0.6666666666666666,556,547
Q0104,714b9c18-783d-4f52-aa64-cc3a05a286d9,unrestricted,5,0.0,0.0,0.0,0.6,556,547
Q0104,714b9c18-783d-4f52-aa64-cc3a05a286d9,unrestricted,7,0.0,0.0,0.0,0.42857142857142855,556,547
Q0104,714b9c18-783d-4f52-aa64-cc3a05a286d9,unrestricted,10,0.0,0.0,0.0,0.3,556,547
Q0104,714b9c18-783d-4f52-aa64-cc3a05a286d9,authorization_first,3,0.0,0.0,0.0,0.0,547,547
Q0104,714b9c18-783d-4f52-aa64-cc3a05a286d9,authorization_first,5,0.0,0.0,0.0,0.0,547,547
Q0104,714b9c18-783d-4f52-aa64-cc3a05a286d9,authorization_first,7,0.0,0.0,0.0,0.0,547,547
Q0104,714b9c18-783d-4f52-aa64-cc3a05a286d9,authorization_first,10,0.0,0.0,0.0,0.0,547,547
Q0105,714b9c18-783d-4f52-aa64-cc3a05a286d9,unrestricted,3,0.3333333333333333,1.0,0.3333333333333333,0.0,556,547
Q0105,714b9c18-783d-4f52-aa64-cc3a05a286d9,unrestricted,5,0.2,1.0,0.3333333333333333,0.0,556,547
Q0105,714b9c18-783d-4f52-aa64-cc3a05a286d9,unrestricted,7,0.14285714285714285,1.0,0.3333333333333333,0.0,556,547
Q0105,714b9c18-783d-4f52-aa64-cc3a05a286d9,unrestricted,10,0.1,1.0,0.3333333333333333,0.0,556,547
Q0105,714b9c18-783d-4f52-aa64-cc3a05a286d9,authorization_first,3,0.3333333333333333,1.0,0.3333333333333333,0.0,547,547
Q0105,714b9c18-783d-4f52-aa64-cc3a05a286d9,authorization_first,5,0.2,1.0,0.3333333333333333,0.0,547,547
Q0105,714b9c18-783d-4f52-aa64-cc3a05a286d9,authorization_first,7,0.14285714285714285,1.0,0.3333333333333333,0.0,547,547
Q0105,714b9c18-783d-4f52-aa64-cc3a05a286d9,authorization_first,10,0.1,1.0,0.3333333333333333,0.0,547,547
Q0106,714b9c18-783d-4f52-aa64-cc3a05a286d9,unrestricted,3,0.3333333333333333,0.3333333333333333,1.0,0.6666666666666666,556,547
Q0106,714b9c18-783d-4f52-aa64-cc3a05a286d9,unrestricted,5,0.2,0.3333333333333333,1.0,0.6,556,547
Q0106,714b9c18-783d-4f52-aa64-cc3a05a286d9,unrestricted,7,0.14285714285714285,0.3333333333333333,1.0,0.42857142857142855,556,547
Q0106,714b9c18-783d-4f52-aa64-cc3a05a286d9,unrestricted,10,0.1,0.3333333333333333,1.0,0.3,556,547
Q0106,714b9c18-783d-4f52-aa64-cc3a05a286d9,authorization_first,3,0.3333333333333333,0.3333333333333333,1.0,0.0,547,547
Q0106,714b9c18-783d-4f52-aa64-cc3a05a286d9,authorization_first,5,0.2,0.3333333333333333,1.0,0.0,547,547
Q0106,714b9c18-783d-4f52-aa64-cc3a05a286d9,authorization_first,7,0.14285714285714285,0.3333333333333333,1.0,0.0,547,547
Q0106,714b9c18-783d-4f52-aa64-cc3a05a286d9,authorization_first,10,0.1,0.3333333333333333,1.0,0.0,547,547
Q0107,714b9c18-783d-4f52-aa64-cc3a05a286d9,unrestricted,3,0.0,0.0,0.0,0.0,556,547
Q0107,714b9c18-783d-4f52-aa64-cc3a05a286d9,unrestricted,5,0.0,0.0,0.0,0.0,556,547
Q0107,714b9c18-783d-4f52-aa64-cc3a05a286d9,unrestricted,7,0.0,0.0,0.0,0.0,556,547
Q0107,714b9c18-783d-4f52-aa64-cc3a05a286d9,unrestricted,10,0.0,0.0,0.0,0.0,556,547
Q0107,714b9c18-783d-4f52-aa64-cc3a05a286d9,authorization_first,3,0.0,0.0,0.0,0.0,547,547
Q0107,714b9c18-783d-4f52-aa64-cc3a05a286d9,authorization_first,5,0.0,0.0,0.0,0.0,547,547
Q0107,714b9c18-783d-4f52-aa64-cc3a05a286d9,authorization_first,7,0.0,0.0,0.0,0.0,547,547
Q0107,714b9c18-783d-4f52-aa64-cc3a05a286d9,authorization_first,10,0.0,0.0,0.0,0.0,547,547
Q0108,714b9c18-783d-4f52-aa64-cc3a05a286d9,unrestricted,3,0.0,0.0,0.0,0.0,556,547
Q0108,714b9c18-783d-4f52-aa64-cc3a05a286d9,unrestricted,5,0.0,0.0,0.0,0.0,556,547
Q0108,714b9c18-783d-4f52-aa64-cc3a05a286d9,unrestricted,7,0.0,0.0,0.0,0.0,556,547
Q0108,714b9c18-783d-4f52-aa64-cc3a05a286d9,unrestricted,10,0.0,0.0,0.0,0.0,556,547
Q0108,714b9c18-783d-4f52-aa64-cc3a05a286d9,authorization_first,3,0.0,0.0,0.0,0.0,547,547
Q0108,714b9c18-783d-4f52-aa64-cc3a05a286d9,authorization_first,5,0.0,0.0,0.0,0.0,547,547
Q0108,714b9c18-783d-4f52-aa64-cc3a05a286d9,authorization_first,7,0.0,0.0,0.0,0.0,547,547
Q0108,714b9c18-783d-4f52-aa64-cc3a05a286d9,authorization_first,10,0.0,0.0,0.0,0.0,547,547
Q0109,714b9c18-783d-4f52-aa64-cc3a05a286d9,unrestricted,3,0.6666666666666666,0.2857142857142857,1.0,0.3333333333333333,556,547
Q0109,714b9c18-783d-4f52-aa64-cc3a05a286d9,unrestricted,5,0.4,0.2857142857142857,1.0,0.6,556,547
Q0109,714b9c18-783d-4f52-aa64-cc3a05a286d9,unrestricted,7,0.2857142857142857,0.2857142857142857,1.0,0.42857142857142855,556,547
Q0109,714b9c18-783d-4f52-aa64-cc3a05a286d9,unrestricted,10,0.2,0.2857142857142857,1.0,0.3,556,547
Q0109,714b9c18-783d-4f52-aa64-cc3a05a286d9,authorization_first,3,0.6666666666666666,0.2857142857142857,1.0,0.0,547,547
Q0109,714b9c18-783d-4f52-aa64-cc3a05a286d9,authorization_first,5,0.4,0.2857142857142857,1.0,0.0,547,547
Q0109,714b9c18-783d-4f52-aa64-cc3a05a286d9,authorization_first,7,0.2857142857142857,0.2857142857142857,1.0,0.0,547,547
Q0109,714b9c18-783d-4f52-aa64-cc3a05a286d9,authorization_first,10,0.2,0.2857142857142857,1.0,0.0,547,547
Q0110,714b9c18-783d-4f52-aa64-cc3a05a286d9,unrestricted,3,0.0,0.0,0.0,0.6666666666666666,556,547
Q0110,714b9c18-783d-4f52-aa64-cc3a05a286d9,unrestricted,5,0.0,0.0,0.0,0.6,556,547
Q0110,714b9c18-783d-4f52-aa64-cc3a05a286d9,unrestricted,7,0.0,0.0,0.0,0.42857142857142855,556,547
Q0110,714b9c18-783d-4f52-aa64-cc3a05a286d9,unrestricted,10,0.0,0.0,0.0,0.3,556,547
Q0110,714b9c18-783d-4f52-aa64-cc3a05a286d9,authorization_first,3,0.0,0.0,0.0,0.0,547,547
Q0110,714b9c18-783d-4f52-aa64-cc3a05a286d9,authorization_first,5,0.0,0.0,0.0,0.0,547,547
Q0110,714b9c18-783d-4f52-aa64-cc3a05a286d9,authorization_first,7,0.0,0.0,0.0,0.0,547,547
Q0110,714b9c18-783d-4f52-aa64-cc3a05a286d9,authorization_first,10,0.0,0.0,0.0,0.0,547,547
Q0111,6ec18ddf-e9ee-421a-9033-456f558c7b4b,unrestricted,3,0.0,0.0,0.0,0.0,565,552
Q0111,6ec18ddf-e9ee-421a-9033-456f558c7b4b,unrestricted,5,0.0,0.0,0.0,0.0,565,552
Q0111,6ec18ddf-e9ee-421a-9033-456f558c7b4b,unrestricted,7,0.0,0.0,0.0,0.14285714285714285,565,552
Q0111,6ec18ddf-e9ee-421a-9033-456f558c7b4b,unrestricted,10,0.0,0.0,0.0,0.1,565,552
Q0111,6ec18ddf-e9ee-421a-9033-456f558c7b4b,authorization_first,3,0.0,0.0,0.0,0.0,552,552
Q0111,6ec18ddf-e9ee-421a-9033-456f558c7b4b,authorization_first,5,0.0,0.0,0.0,0.0,552,552
Q0111,6ec18ddf-e9ee-421a-9033-456f558c7b4b,authorization_first,7,0.0,0.0,0.0,0.0,552,552
Q0111,6ec18ddf-e9ee-421a-9033-456f558c7b4b,authorization_first,10,0.0,0.0,0.0,0.0,552,552
Q0112,6ec18ddf-e9ee-421a-9033-456f558c7b4b,unrestricted,3,0.3333333333333333,1.0,1.0,0.0,565,552
Q0112,6ec18ddf-e9ee-421a-9033-456f558c7b4b,unrestricted,5,0.2,1.0,1.0,0.0,565,552
Q0112,6ec18ddf-e9ee-421a-9033-456f558c7b4b,unrestricted,7,0.14285714285714285,1.0,1.0,0.0,565,552
Q0112,6ec18ddf-e9ee-421a-9033-456f558c7b4b,unrestricted,10,0.1,1.0,1.0,0.0,565,552
Q0112,6ec18ddf-e9ee-421a-9033-456f558c7b4b,authorization_first,3,0.3333333333333333,1.0,1.0,0.0,552,552
Q0112,6ec18ddf-e9ee-421a-9033-456f558c7b4b,authorization_first,5,0.2,1.0,1.0,0.0,552,552
Q0112,6ec18ddf-e9ee-421a-9033-456f558c7b4b,authorization_first,7,0.14285714285714285,1.0,1.0,0.0,552,552
Q0112,6ec18ddf-e9ee-421a-9033-456f558c7b4b,authorization_first,10,0.1,1.0,1.0,0.0,552,552
Q0113,6ec18ddf-e9ee-421a-9033-456f558c7b4b,unrestricted,3,0.3333333333333333,1.0,1.0,0.0,565,552
Q0113,6ec18ddf-e9ee-421a-9033-456f558c7b4b,unrestricted,5,0.2,1.0,1.0,0.0,565,552
Q0113,6ec18ddf-e9ee-421a-9033-456f558c7b4b,unrestricted,7,0.14285714285714285,1.0,1.0,0.0,565,552
Q0113,6ec18ddf-e9ee-421a-9033-456f558c7b4b,unrestricted,10,0.1,1.0,1.0,0.0,565,552
Q0113,6ec18ddf-e9ee-421a-9033-456f558c7b4b,authorization_first,3,0.3333333333333333,1.0,1.0,0.0,552,552
Q0113,6ec18ddf-e9ee-421a-9033-456f558c7b4b,authorization_first,5,0.2,1.0,1.0,0.0,552,552
Q0113,6ec18ddf-e9ee-421a-9033-456f558c7b4b,authorization_first,7,0.14285714285714285,1.0,1.0,0.0,552,552
Q0113,6ec18ddf-e9ee-421a-9033-456f558c7b4b,authorization_first,10,0.1,1.0,1.0,0.0,552,552
Q0114,6ec18ddf-e9ee-421a-9033-456f558c7b4b,unrestricted,3,0.0,0.0,0.0,0.0,565,552
Q0114,6ec18ddf-e9ee-421a-9033-456f558c7b4b,unrestricted,5,0.0,0.0,0.0,0.0,565,552
Q0114,6ec18ddf-e9ee-421a-9033-456f558c7b4b,unrestricted,7,0.0,0.0,0.0,0.0,565,552
Q0114,6ec18ddf-e9ee-421a-9033-456f558c7b4b,unrestricted,10,0.0,0.0,0.0,0.0,565,552
Q0114,6ec18ddf-e9ee-421a-9033-456f558c7b4b,authorization_first,3,0.0,0.0,0.0,0.0,552,552
Q0114,6ec18ddf-e9ee-421a-9033-456f558c7b4b,authorization_first,5,0.0,0.0,0.0,0.0,552,552
Q0114,6ec18ddf-e9ee-421a-9033-456f558c7b4b,authorization_first,7,0.0,0.0,0.0,0.0,552,552
Q0114,6ec18ddf-e9ee-421a-9033-456f558c7b4b,authorization_first,10,0.0,0.0,0.0,0.0,552,552
Q0115,6ec18ddf-e9ee-421a-9033-456f558c7b4b,unrestricted,3,0.3333333333333333,0.125,1.0,0.0,565,552
Q0115,6ec18ddf-e9ee-421a-9033-456f558c7b4b,unrestricted,5,0.4,0.25,1.0,0.2,565,552
Q0115,6ec18ddf-e9ee-421a-9033-456f558c7b4b,unrestricted,7,0.2857142857142857,0.25,1.0,0.14285714285714285,565,552
Q0115,6ec18ddf-e9ee-421a-9033-456f558c7b4b,unrestricted,10,0.2,0.25,1.0,0.1,565,552
Q0115,6ec18ddf-e9ee-421a-9033-456f558c7b4b,authorization_first,3,0.3333333333333333,0.125,1.0,0.0,552,552
Q0115,6ec18ddf-e9ee-421a-9033-456f558c7b4b,authorization_first,5,0.4,0.25,1.0,0.0,552,552
Q0115,6ec18ddf-e9ee-421a-9033-456f558c7b4b,authorization_first,7,0.2857142857142857,0.25,1.0,0.0,552,552
Q0115,6ec18ddf-e9ee-421a-9033-456f558c7b4b,authorization_first,10,0.2,0.25,1.0,0.0,552,552
Q0116,6ec18ddf-e9ee-421a-9033-456f558c7b4b,unrestricted,3,0.3333333333333333,0.3333333333333333,1.0,0.0,565,552
Q0116,6ec18ddf-e9ee-421a-9033-456f558c7b4b,unrestricted,5,0.2,0.3333333333333333,1.0,0.0,565,552
Q0116,6ec18ddf-e9ee-421a-9033-456f558c7b4b,unrestricted,7,0.14285714285714285,0.3333333333333333,1.0,0.0,565,552
Q0116,6ec18ddf-e9ee-421a-9033-456f558c7b4b,unrestricted,10,0.1,0.3333333333333333,1.0,0.0,565,552
Q0116,6ec18ddf-e9ee-421a-9033-456f558c7b4b,authorization_first,3,0.3333333333333333,0.3333333333333333,1.0,0.0,552,552
Q0116,6ec18ddf-e9ee-421a-9033-456f558c7b4b,authorization_first,5,0.2,0.3333333333333333,1.0,0.0,552,552
Q0116,6ec18ddf-e9ee-421a-9033-456f558c7b4b,authorization_first,7,0.14285714285714285,0.3333333333333333,1.0,0.0,552,552
Q0116,6ec18ddf-e9ee-421a-9033-456f558c7b4b,authorization_first,10,0.1,0.3333333333333333,1.0,0.0,552,552
Q0117,6ec18ddf-e9ee-421a-9033-456f558c7b4b,unrestricted,3,0.0,0.0,0.0,0.0,565,552
Q0117,6ec18ddf-e9ee-421a-9033-456f558c7b4b,unrestricted,5,0.0,0.0,0.0,0.2,565,552
Q0117,6ec18ddf-e9ee-421a-9033-456f558c7b4b,unrestricted,7,0.0,0.0,0.0,0.14285714285714285,565,552
Q0117,6ec18ddf-e9ee-421a-9033-456f558c7b4b,unrestricted,10,0.0,0.0,0.0,0.1,565,552
Q0117,6ec18ddf-e9ee-421a-9033-456f558c7b4b,authorization_first,3,0.0,0.0,0.0,0.0,552,552
Q0117,6ec18ddf-e9ee-421a-9033-456f558c7b4b,authorization_first,5,0.0,0.0,0.0,0.0,552,552
Q0117,6ec18ddf-e9ee-421a-9033-456f558c7b4b,authorization_first,7,0.0,0.0,0.0,0.0,552,552
Q0117,6ec18ddf-e9ee-421a-9033-456f558c7b4b,authorization_first,10,0.0,0.0,0.0,0.0,552,552
Q0118,6ec18ddf-e9ee-421a-9033-456f558c7b4b,unrestricted,3,0.3333333333333333,1.0,0.5,0.0,565,552
Q0118,6ec18ddf-e9ee-421a-9033-456f558c7b4b,unrestricted,5,0.2,1.0,0.5,0.0,565,552
Q0118,6ec18ddf-e9ee-421a-9033-456f558c7b4b,unrestricted,7,0.14285714285714285,1.0,0.5,0.0,565,552
Q0118,6ec18ddf-e9ee-421a-9033-456f558c7b4b,unrestricted,10,0.1,1.0,0.5,0.0,565,552
Q0118,6ec18ddf-e9ee-421a-9033-456f558c7b4b,authorization_first,3,0.3333333333333333,1.0,0.5,0.0,552,552
Q0118,6ec18ddf-e9ee-421a-9033-456f558c7b4b,authorization_first,5,0.2,1.0,0.5,0.0,552,552
Q0118,6ec18ddf-e9ee-421a-9033-456f558c7b4b,authorization_first,7,0.14285714285714285,1.0,0.5,0.0,552,552
Q0118,6ec18ddf-e9ee-421a-9033-456f558c7b4b,authorization_first,10,0.1,1.0,0.5,0.0,552,552
Q0119,6ec18ddf-e9ee-421a-9033-456f558c7b4b,unrestricted,3,0.3333333333333333,0.5,1.0,0.0,565,552
Q0119,6ec18ddf-e9ee-421a-9033-456f558c7b4b,unrestricted,5,0.2,0.5,1.0,0.0,565,552
Q0119,6ec18ddf-e9ee-421a-9033-456f558c7b4b,unrestricted,7,0.14285714285714285,0.5,1.0,0.0,565,552
Q0119,6ec18ddf-e9ee-421a-9033-456f558c7b4b,unrestricted,10,0.1,0.5,1.0,0.0,565,552
Q0119,6ec18ddf-e9ee-421a-9033-456f558c7b4b,authorization_first,3,0.3333333333333333,0.5,1.0,0.0,552,552
Q0119,6ec18ddf-e9ee-421a-9033-456f558c7b4b,authorization_first,5,0.2,0.5,1.0,0.0,552,552
Q0119,6ec18ddf-e9ee-421a-9033-456f558c7b4b,authorization_first,7,0.14285714285714285,0.5,1.0,0.0,552,552
Q0119,6ec18ddf-e9ee-421a-9033-456f558c7b4b,authorization_first,10,0.1,0.5,1.0,0.0,552,552
Q0120,6ec18ddf-e9ee-421a-9033-456f558c7b4b,unrestricted,3,0.0,0.0,0.0,0.0,565,552
Q0120,6ec18ddf-e9ee-421a-9033-456f558c7b4b,unrestricted,5,0.0,0.0,0.0,0.0,565,552
Q0120,6ec18ddf-e9ee-421a-9033-456f558c7b4b,unrestricted,7,0.0,0.0,0.0,0.0,565,552
Q0120,6ec18ddf-e9ee-421a-9033-456f558c7b4b,unrestricted,10,0.0,0.0,0.0,0.0,565,552
Q0120,6ec18ddf-e9ee-421a-9033-456f558c7b4b,authorization_first,3,0.0,0.0,0.0,0.0,552,552
Q0120,6ec18ddf-e9ee-421a-9033-456f558c7b4b,authorization_first,5,0.0,0.0,0.0,0.0,552,552
Q0120,6ec18ddf-e9ee-421a-9033-456f558c7b4b,authorization_first,7,0.0,0.0,0.0,0.0,552,552
Q0120,6ec18ddf-e9ee-421a-9033-456f558c7b4b,authorization_first,10,0.0,0.0,0.0,0.0,552,552
Q0121,137acc1b-dbca-473e-84bb-fe1baaf98819,unrestricted,3,0.3333333333333333,1.0,0.3333333333333333,0.0,275,268
Q0121,137acc1b-dbca-473e-84bb-fe1baaf98819,unrestricted,5,0.2,1.0,0.3333333333333333,0.0,275,268
Q0121,137acc1b-dbca-473e-84bb-fe1baaf98819,unrestricted,7,0.14285714285714285,1.0,0.3333333333333333,0.14285714285714285,275,268
Q0121,137acc1b-dbca-473e-84bb-fe1baaf98819,unrestricted,10,0.1,1.0,0.3333333333333333,0.3,275,268
Q0121,137acc1b-dbca-473e-84bb-fe1baaf98819,authorization_first,3,0.3333333333333333,1.0,0.3333333333333333,0.0,268,268
Q0121,137acc1b-dbca-473e-84bb-fe1baaf98819,authorization_first,5,0.2,1.0,0.3333333333333333,0.0,268,268
Q0121,137acc1b-dbca-473e-84bb-fe1baaf98819,authorization_first,7,0.14285714285714285,1.0,0.3333333333333333,0.0,268,268
Q0121,137acc1b-dbca-473e-84bb-fe1baaf98819,authorization_first,10,0.1,1.0,0.3333333333333333,0.0,268,268
Q0122,137acc1b-dbca-473e-84bb-fe1baaf98819,unrestricted,3,0.0,0.0,0.0,0.3333333333333333,275,268
Q0122,137acc1b-dbca-473e-84bb-fe1baaf98819,unrestricted,5,0.0,0.0,0.0,0.4,275,268
Q0122,137acc1b-dbca-473e-84bb-fe1baaf98819,unrestricted,7,0.0,0.0,0.0,0.2857142857142857,275,268
Q0122,137acc1b-dbca-473e-84bb-fe1baaf98819,unrestricted,10,0.0,0.0,0.0,0.3,275,268
Q0122,137acc1b-dbca-473e-84bb-fe1baaf98819,authorization_first,3,0.0,0.0,0.0,0.0,268,268
Q0122,137acc1b-dbca-473e-84bb-fe1baaf98819,authorization_first,5,0.0,0.0,0.0,0.0,268,268
Q0122,137acc1b-dbca-473e-84bb-fe1baaf98819,authorization_first,7,0.0,0.0,0.0,0.0,268,268
Q0122,137acc1b-dbca-473e-84bb-fe1baaf98819,authorization_first,10,0.0,0.0,0.0,0.0,268,268
Q0123,137acc1b-dbca-473e-84bb-fe1baaf98819,unrestricted,3,0.0,0.0,0.0,0.0,275,268
Q0123,137acc1b-dbca-473e-84bb-fe1baaf98819,unrestricted,5,0.0,0.0,0.0,0.0,275,268
Q0123,137acc1b-dbca-473e-84bb-fe1baaf98819,unrestricted,7,0.0,0.0,0.0,0.14285714285714285,275,268
Q0123,137acc1b-dbca-473e-84bb-fe1baaf98819,unrestricted,10,0.0,0.0,0.0,0.3,275,268
Q0123,137acc1b-dbca-473e-84bb-fe1baaf98819,authorization_first,3,0.0,0.0,0.0,0.0,268,268
Q0123,137acc1b-dbca-473e-84bb-fe1baaf98819,authorization_first,5,0.0,0.0,0.0,0.0,268,268
Q0123,137acc1b-dbca-473e-84bb-fe1baaf98819,authorization_first,7,0.0,0.0,0.0,0.0,268,268
Q0123,137acc1b-dbca-473e-84bb-fe1baaf98819,authorization_first,10,0.0,0.0,0.0,0.0,268,268
Q0124,137acc1b-dbca-473e-84bb-fe1baaf98819,unrestricted,3,0.0,0.0,0.0,0.0,275,268
Q0124,137acc1b-dbca-473e-84bb-fe1baaf98819,unrestricted,5,0.0,0.0,0.0,0.0,275,268
Q0124,137acc1b-dbca-473e-84bb-fe1baaf98819,unrestricted,7,0.14285714285714285,1.0,0.14285714285714285,0.14285714285714285,275,268
Q0124,137acc1b-dbca-473e-84bb-fe1baaf98819,unrestricted,10,0.1,1.0,0.14285714285714285,0.3,275,268
Q0124,137acc1b-dbca-473e-84bb-fe1baaf98819,authorization_first,3,0.0,0.0,0.0,0.0,268,268
Q0124,137acc1b-dbca-473e-84bb-fe1baaf98819,authorization_first,5,0.0,0.0,0.0,0.0,268,268
Q0124,137acc1b-dbca-473e-84bb-fe1baaf98819,authorization_first,7,0.14285714285714285,1.0,0.16666666666666666,0.0,268,268
Q0124,137acc1b-dbca-473e-84bb-fe1baaf98819,authorization_first,10,0.1,1.0,0.16666666666666666,0.0,268,268
Q0125,137acc1b-dbca-473e-84bb-fe1baaf98819,unrestricted,3,0.3333333333333333,1.0,1.0,0.0,275,268
Q0125,137acc1b-dbca-473e-84bb-fe1baaf98819,unrestricted,5,0.2,1.0,1.0,0.0,275,268
Q0125,137acc1b-dbca-473e-84bb-fe1baaf98819,unrestricted,7,0.14285714285714285,1.0,1.0,0.14285714285714285,275,268
Q0125,137acc1b-dbca-473e-84bb-fe1baaf98819,unrestricted,10,0.1,1.0,1.0,0.3,275,268
Q0125,137acc1b-dbca-473e-84bb-fe1baaf98819,authorization_first,3,0.3333333333333333,1.0,1.0,0.0,268,268
Q0125,137acc1b-dbca-473e-84bb-fe1baaf98819,authorization_first,5,0.2,1.0,1.0,0.0,268,268
Q0125,137acc1b-dbca-473e-84bb-fe1baaf98819,authorization_first,7,0.14285714285714285,1.0,1.0,0.0,268,268
Q0125,137acc1b-dbca-473e-84bb-fe1baaf98819,authorization_first,10,0.1,1.0,1.0,0.0,268,268
Q0126,137acc1b-dbca-473e-84bb-fe1baaf98819,unrestricted,3,0.3333333333333333,1.0,1.0,0.0,275,268
Q0126,137acc1b-dbca-473e-84bb-fe1baaf98819,unrestricted,5,0.2,1.0,1.0,0.0,275,268
Q0126,137acc1b-dbca-473e-84bb-fe1baaf98819,unrestricted,7,0.14285714285714285,1.0,1.0,0.14285714285714285,275,268
Q0126,137acc1b-dbca-473e-84bb-fe1baaf98819,unrestricted,10,0.1,1.0,1.0,0.3,275,268
Q0126,137acc1b-dbca-473e-84bb-fe1baaf98819,authorization_first,3,0.3333333333333333,1.0,1.0,0.0,268,268
Q0126,137acc1b-dbca-473e-84bb-fe1baaf98819,authorization_first,5,0.2,1.0,1.0,0.0,268,268
Q0126,137acc1b-dbca-473e-84bb-fe1baaf98819,authorization_first,7,0.14285714285714285,1.0,1.0,0.0,268,268
Q0126,137acc1b-dbca-473e-84bb-fe1baaf98819,authorization_first,10,0.1,1.0,1.0,0.0,268,268
Q0127,137acc1b-dbca-473e-84bb-fe1baaf98819,unrestricted,3,0.3333333333333333,1.0,0.5,0.0,275,268
Q0127,137acc1b-dbca-473e-84bb-fe1baaf98819,unrestricted,5,0.2,1.0,0.5,0.0,275,268
Q0127,137acc1b-dbca-473e-84bb-fe1baaf98819,unrestricted,7,0.14285714285714285,1.0,0.5,0.14285714285714285,275,268
Q0127,137acc1b-dbca-473e-84bb-fe1baaf98819,unrestricted,10,0.1,1.0,0.5,0.3,275,268
Q0127,137acc1b-dbca-473e-84bb-fe1baaf98819,authorization_first,3,0.3333333333333333,1.0,0.5,0.0,268,268
Q0127,137acc1b-dbca-473e-84bb-fe1baaf98819,authorization_first,5,0.2,1.0,0.5,0.0,268,268
Q0127,137acc1b-dbca-473e-84bb-fe1baaf98819,authorization_first,7,0.14285714285714285,1.0,0.5,0.0,268,268
Q0127,137acc1b-dbca-473e-84bb-fe1baaf98819,authorization_first,10,0.1,1.0,0.5,0.0,268,268
Q0128,137acc1b-dbca-473e-84bb-fe1baaf98819,unrestricted,3,0.0,0.0,0.0,1.0,275,268
Q0128,137acc1b-dbca-473e-84bb-fe1baaf98819,unrestricted,5,0.0,0.0,0.0,0.6,275,268
Q0128,137acc1b-dbca-473e-84bb-fe1baaf98819,unrestricted,7,0.0,0.0,0.0,0.42857142857142855,275,268
Q0128,137acc1b-dbca-473e-84bb-fe1baaf98819,unrestricted,10,0.0,0.0,0.0,0.4,275,268
Q0128,137acc1b-dbca-473e-84bb-fe1baaf98819,authorization_first,3,0.0,0.0,0.0,0.0,268,268
Q0128,137acc1b-dbca-473e-84bb-fe1baaf98819,authorization_first,5,0.0,0.0,0.0,0.0,268,268
Q0128,137acc1b-dbca-473e-84bb-fe1baaf98819,authorization_first,7,0.0,0.0,0.0,0.0,268,268
Q0128,137acc1b-dbca-473e-84bb-fe1baaf98819,authorization_first,10,0.0,0.0,0.0,0.0,268,268
Q0129,137acc1b-dbca-473e-84bb-fe1baaf98819,unrestricted,3,0.6666666666666666,0.4,1.0,0.0,275,268
Q0129,137acc1b-dbca-473e-84bb-fe1baaf98819,unrestricted,5,0.4,0.4,1.0,0.4,275,268
Q0129,137acc1b-dbca-473e-84bb-fe1baaf98819,unrestricted,7,0.2857142857142857,0.4,1.0,0.42857142857142855,275,268
Q0129,137acc1b-dbca-473e-84bb-fe1baaf98819,unrestricted,10,0.2,0.4,1.0,0.3,275,268
Q0129,137acc1b-dbca-473e-84bb-fe1baaf98819,authorization_first,3,0.6666666666666666,0.4,1.0,0.0,268,268
Q0129,137acc1b-dbca-473e-84bb-fe1baaf98819,authorization_first,5,0.4,0.4,1.0,0.0,268,268
Q0129,137acc1b-dbca-473e-84bb-fe1baaf98819,authorization_first,7,0.2857142857142857,0.4,1.0,0.0,268,268
Q0129,137acc1b-dbca-473e-84bb-fe1baaf98819,authorization_first,10,0.2,0.4,1.0,0.0,268,268
Q0130,137acc1b-dbca-473e-84bb-fe1baaf98819,unrestricted,3,0.0,0.0,0.0,0.0,275,268
Q0130,137acc1b-dbca-473e-84bb-fe1baaf98819,unrestricted,5,0.2,1.0,0.25,0.0,275,268
Q0130,137acc1b-dbca-473e-84bb-fe1baaf98819,unrestricted,7,0.14285714285714285,1.0,0.25,0.14285714285714285,275,268
Q0130,137acc1b-dbca-473e-84bb-fe1baaf98819,unrestricted,10,0.1,1.0,0.25,0.3,275,268
Q0130,137acc1b-dbca-473e-84bb-fe1baaf98819,authorization_first,3,0.0,0.0,0.0,0.0,268,268
Q0130,137acc1b-dbca-473e-84bb-fe1baaf98819,authorization_first,5,0.2,1.0,0.25,0.0,268,268
Q0130,137acc1b-dbca-473e-84bb-fe1baaf98819,authorization_first,7,0.14285714285714285,1.0,0.25,0.0,268,268
Q0130,137acc1b-dbca-473e-84bb-fe1baaf98819,authorization_first,10,0.1,1.0,0.25,0.0,268,268
Q0131,13a3a783-ecc5-4ec5-b3dc-168b15cebb88,unrestricted,3,0.3333333333333333,0.25,1.0,0.0,494,490
Q0131,13a3a783-ecc5-4ec5-b3dc-168b15cebb88,unrestricted,5,0.2,0.25,1.0,0.0,494,490
Q0131,13a3a783-ecc5-4ec5-b3dc-168b15cebb88,unrestricted,7,0.14285714285714285,0.25,1.0,0.0,494,490
Q0131,13a3a783-ecc5-4ec5-b3dc-168b15cebb88,unrestricted,10,0.1,0.25,1.0,0.0,494,490
Q0131,13a3a783-ecc5-4ec5-b3dc-168b15cebb88,authorization_first,3,0.3333333333333333,0.25,1.0,0.0,490,490
Q0131,13a3a783-ecc5-4ec5-b3dc-168b15cebb88,authorization_first,5,0.2,0.25,1.0,0.0,490,490
Q0131,13a3a783-ecc5-4ec5-b3dc-168b15cebb88,authorization_first,7,0.14285714285714285,0.25,1.0,0.0,490,490
Q0131,13a3a783-ecc5-4ec5-b3dc-168b15cebb88,authorization_first,10,0.1,0.25,1.0,0.0,490,490
Q0132,13a3a783-ecc5-4ec5-b3dc-168b15cebb88,unrestricted,3,0.0,0.0,0.0,0.3333333333333333,494,490
Q0132,13a3a783-ecc5-4ec5-b3dc-168b15cebb88,unrestricted,5,0.0,0.0,0.0,0.2,494,490
Q0132,13a3a783-ecc5-4ec5-b3dc-168b15cebb88,unrestricted,7,0.0,0.0,0.0,0.14285714285714285,494,490
Q0132,13a3a783-ecc5-4ec5-b3dc-168b15cebb88,unrestricted,10,0.0,0.0,0.0,0.1,494,490
Q0132,13a3a783-ecc5-4ec5-b3dc-168b15cebb88,authorization_first,3,0.0,0.0,0.0,0.0,490,490
Q0132,13a3a783-ecc5-4ec5-b3dc-168b15cebb88,authorization_first,5,0.0,0.0,0.0,0.0,490,490
Q0132,13a3a783-ecc5-4ec5-b3dc-168b15cebb88,authorization_first,7,0.0,0.0,0.0,0.0,490,490
Q0132,13a3a783-ecc5-4ec5-b3dc-168b15cebb88,authorization_first,10,0.0,0.0,0.0,0.0,490,490
Q0133,13a3a783-ecc5-4ec5-b3dc-168b15cebb88,unrestricted,3,0.3333333333333333,0.25,0.5,0.0,494,490
Q0133,13a3a783-ecc5-4ec5-b3dc-168b15cebb88,unrestricted,5,0.2,0.25,0.5,0.0,494,490
Q0133,13a3a783-ecc5-4ec5-b3dc-168b15cebb88,unrestricted,7,0.14285714285714285,0.25,0.5,0.0,494,490
Q0133,13a3a783-ecc5-4ec5-b3dc-168b15cebb88,unrestricted,10,0.1,0.25,0.5,0.0,494,490
Q0133,13a3a783-ecc5-4ec5-b3dc-168b15cebb88,authorization_first,3,0.3333333333333333,0.25,0.5,0.0,490,490
Q0133,13a3a783-ecc5-4ec5-b3dc-168b15cebb88,authorization_first,5,0.2,0.25,0.5,0.0,490,490
Q0133,13a3a783-ecc5-4ec5-b3dc-168b15cebb88,authorization_first,7,0.14285714285714285,0.25,0.5,0.0,490,490
Q0133,13a3a783-ecc5-4ec5-b3dc-168b15cebb88,authorization_first,10,0.1,0.25,0.5,0.0,490,490
Q0134,13a3a783-ecc5-4ec5-b3dc-168b15cebb88,unrestricted,3,0.3333333333333333,1.0,1.0,0.3333333333333333,494,490
Q0134,13a3a783-ecc5-4ec5-b3dc-168b15cebb88,unrestricted,5,0.2,1.0,1.0,0.2,494,490
Q0134,13a3a783-ecc5-4ec5-b3dc-168b15cebb88,unrestricted,7,0.14285714285714285,1.0,1.0,0.14285714285714285,494,490
Q0134,13a3a783-ecc5-4ec5-b3dc-168b15cebb88,unrestricted,10,0.1,1.0,1.0,0.1,494,490
Q0134,13a3a783-ecc5-4ec5-b3dc-168b15cebb88,authorization_first,3,0.3333333333333333,1.0,1.0,0.0,490,490
Q0134,13a3a783-ecc5-4ec5-b3dc-168b15cebb88,authorization_first,5,0.2,1.0,1.0,0.0,490,490
Q0134,13a3a783-ecc5-4ec5-b3dc-168b15cebb88,authorization_first,7,0.14285714285714285,1.0,1.0,0.0,490,490
Q0134,13a3a783-ecc5-4ec5-b3dc-168b15cebb88,authorization_first,10,0.1,1.0,1.0,0.0,490,490
Q0135,13a3a783-ecc5-4ec5-b3dc-168b15cebb88,unrestricted,3,0.3333333333333333,1.0,1.0,0.0,494,490
Q0135,13a3a783-ecc5-4ec5-b3dc-168b15cebb88,unrestricted,5,0.2,1.0,1.0,0.2,494,490
Q0135,13a3a783-ecc5-4ec5-b3dc-168b15cebb88,unrestricted,7,0.14285714285714285,1.0,1.0,0.14285714285714285,494,490
Q0135,13a3a783-ecc5-4ec5-b3dc-168b15cebb88,unrestricted,10,0.1,1.0,1.0,0.1,494,490
Q0135,13a3a783-ecc5-4ec5-b3dc-168b15cebb88,authorization_first,3,0.3333333333333333,1.0,1.0,0.0,490,490
Q0135,13a3a783-ecc5-4ec5-b3dc-168b15cebb88,authorization_first,5,0.2,1.0,1.0,0.0,490,490
Q0135,13a3a783-ecc5-4ec5-b3dc-168b15cebb88,authorization_first,7,0.14285714285714285,1.0,1.0,0.0,490,490
Q0135,13a3a783-ecc5-4ec5-b3dc-168b15cebb88,authorization_first,10,0.1,1.0,1.0,0.0,490,490
Q0136,13a3a783-ecc5-4ec5-b3dc-168b15cebb88,unrestricted,3,0.3333333333333333,0.5,1.0,0.3333333333333333,494,490
Q0136,13a3a783-ecc5-4ec5-b3dc-168b15cebb88,unrestricted,5,0.2,0.5,1.0,0.2,494,490
Q0136,13a3a783-ecc5-4ec5-b3dc-168b15cebb88,unrestricted,7,0.14285714285714285,0.5,1.0,0.14285714285714285,494,490
Q0136,13a3a783-ecc5-4ec5-b3dc-168b15cebb88,unrestricted,10,0.1,0.5,1.0,0.1,494,490
Q0136,13a3a783-ecc5-4ec5-b3dc-168b15cebb88,authorization_first,3,0.3333333333333333,0.5,1.0,0.0,490,490
Q0136,13a3a783-ecc5-4ec5-b3dc-168b15cebb88,authorization_first,5,0.2,0.5,1.0,0.0,490,490
Q0136,13a3a783-ecc5-4ec5-b3dc-168b15cebb88,authorization_first,7,0.14285714285714285,0.5,1.0,0.0,490,490
Q0136,13a3a783-ecc5-4ec5-b3dc-168b15cebb88,authorization_first,10,0.1,0.5,1.0,0.0,490,490
Q0137,13a3a783-ecc5-4ec5-b3dc-168b15cebb88,unrestricted,3,0.0,0.0,0.0,0.0,494,490
Q0137,13a3a783-ecc5-4ec5-b3dc-168b15cebb88,unrestricted,5,0.0,0.0,0.0,0.0,494,490
Q0137,13a3a783-ecc5-4ec5-b3dc-168b15cebb88,unrestricted,7,0.0,0.0,0.0,0.0,494,490
Q0137,13a3a783-ecc5-4ec5-b3dc-168b15cebb88,unrestricted,10,0.0,0.0,0.0,0.0,494,490
Q0137,13a3a783-ecc5-4ec5-b3dc-168b15cebb88,authorization_first,3,0.0,0.0,0.0,0.0,490,490
Q0137,13a3a783-ecc5-4ec5-b3dc-168b15cebb88,authorization_first,5,0.0,0.0,0.0,0.0,490,490
Q0137,13a3a783-ecc5-4ec5-b3dc-168b15cebb88,authorization_first,7,0.0,0.0,0.0,0.0,490,490
Q0137,13a3a783-ecc5-4ec5-b3dc-168b15cebb88,authorization_first,10,0.0,0.0,0.0,0.0,490,490
Q0138,13a3a783-ecc5-4ec5-b3dc-168b15cebb88,unrestricted,3,0.3333333333333333,0.25,1.0,0.0,494,490
Q0138,13a3a783-ecc5-4ec5-b3dc-168b15cebb88,unrestricted,5,0.2,0.25,1.0,0.0,494,490
Q0138,13a3a783-ecc5-4ec5-b3dc-168b15cebb88,unrestricted,7,0.14285714285714285,0.25,1.0,0.0,494,490
Q0138,13a3a783-ecc5-4ec5-b3dc-168b15cebb88,unrestricted,10,0.1,0.25,1.0,0.0,494,490
Q0138,13a3a783-ecc5-4ec5-b3dc-168b15cebb88,authorization_first,3,0.3333333333333333,0.25,1.0,0.0,490,490
Q0138,13a3a783-ecc5-4ec5-b3dc-168b15cebb88,authorization_first,5,0.2,0.25,1.0,0.0,490,490
Q0138,13a3a783-ecc5-4ec5-b3dc-168b15cebb88,authorization_first,7,0.14285714285714285,0.25,1.0,0.0,490,490
Q0138,13a3a783-ecc5-4ec5-b3dc-168b15cebb88,authorization_first,10,0.1,0.25,1.0,0.0,490,490
Q0139,13a3a783-ecc5-4ec5-b3dc-168b15cebb88,unrestricted,3,0.3333333333333333,1.0,1.0,0.0,494,490
Q0139,13a3a783-ecc5-4ec5-b3dc-168b15cebb88,unrestricted,5,0.2,1.0,1.0,0.2,494,490
Q0139,13a3a783-ecc5-4ec5-b3dc-168b15cebb88,unrestricted,7,0.14285714285714285,1.0,1.0,0.14285714285714285,494,490
Q0139,13a3a783-ecc5-4ec5-b3dc-168b15cebb88,unrestricted,10,0.1,1.0,1.0,0.1,494,490
Q0139,13a3a783-ecc5-4ec5-b3dc-168b15cebb88,authorization_first,3,0.3333333333333333,1.0,1.0,0.0,490,490
Q0139,13a3a783-ecc5-4ec5-b3dc-168b15cebb88,authorization_first,5,0.2,1.0,1.0,0.0,490,490
Q0139,13a3a783-ecc5-4ec5-b3dc-168b15cebb88,authorization_first,7,0.14285714285714285,1.0,1.0,0.0,490,490
Q0139,13a3a783-ecc5-4ec5-b3dc-168b15cebb88,authorization_first,10,0.1,1.0,1.0,0.0,490,490
Q0140,13a3a783-ecc5-4ec5-b3dc-168b15cebb88,unrestricted,3,0.3333333333333333,0.25,0.3333333333333333,0.0,494,490
Q0140,13a3a783-ecc5-4ec5-b3dc-168b15cebb88,unrestricted,5,0.2,0.25,0.3333333333333333,0.0,494,490
Q0140,13a3a783-ecc5-4ec5-b3dc-168b15cebb88,unrestricted,7,0.14285714285714285,0.25,0.3333333333333333,0.0,494,490
Q0140,13a3a783-ecc5-4ec5-b3dc-168b15cebb88,unrestricted,10,0.1,0.25,0.3333333333333333,0.0,494,490
Q0140,13a3a783-ecc5-4ec5-b3dc-168b15cebb88,authorization_first,3,0.3333333333333333,0.25,0.3333333333333333,0.0,490,490
Q0140,13a3a783-ecc5-4ec5-b3dc-168b15cebb88,authorization_first,5,0.2,0.25,0.3333333333333333,0.0,490,490
Q0140,13a3a783-ecc5-4ec5-b3dc-168b15cebb88,authorization_first,7,0.14285714285714285,0.25,0.3333333333333333,0.0,490,490
Q0140,13a3a783-ecc5-4ec5-b3dc-168b15cebb88,authorization_first,10,0.1,0.25,0.3333333333333333,0.0,490,490
Q0141,80427c8e-15ba-482f-b168-fc4f1d375179,unrestricted,3,0.3333333333333333,1.0,1.0,0.0,283,251
Q0141,80427c8e-15ba-482f-b168-fc4f1d375179,unrestricted,5,0.2,1.0,1.0,0.0,283,251
Q0141,80427c8e-15ba-482f-b168-fc4f1d375179,unrestricted,7,0.14285714285714285,1.0,1.0,0.2857142857142857,283,251
Q0141,80427c8e-15ba-482f-b168-fc4f1d375179,unrestricted,10,0.1,1.0,1.0,0.4,283,251
Q0141,80427c8e-15ba-482f-b168-fc4f1d375179,authorization_first,3,0.3333333333333333,1.0,1.0,0.0,251,251
Q0141,80427c8e-15ba-482f-b168-fc4f1d375179,authorization_first,5,0.2,1.0,1.0,0.0,251,251
Q0141,80427c8e-15ba-482f-b168-fc4f1d375179,authorization_first,7,0.14285714285714285,1.0,1.0,0.0,251,251
Q0141,80427c8e-15ba-482f-b168-fc4f1d375179,authorization_first,10,0.1,1.0,1.0,0.0,251,251
Q0142,80427c8e-15ba-482f-b168-fc4f1d375179,unrestricted,3,0.0,0.0,0.0,0.3333333333333333,283,251
Q0142,80427c8e-15ba-482f-b168-fc4f1d375179,unrestricted,5,0.0,0.0,0.0,0.4,283,251
Q0142,80427c8e-15ba-482f-b168-fc4f1d375179,unrestricted,7,0.0,0.0,0.0,0.5714285714285714,283,251
Q0142,80427c8e-15ba-482f-b168-fc4f1d375179,unrestricted,10,0.0,0.0,0.0,0.4,283,251
Q0142,80427c8e-15ba-482f-b168-fc4f1d375179,authorization_first,3,0.0,0.0,0.0,0.0,251,251
Q0142,80427c8e-15ba-482f-b168-fc4f1d375179,authorization_first,5,0.0,0.0,0.0,0.0,251,251
Q0142,80427c8e-15ba-482f-b168-fc4f1d375179,authorization_first,7,0.0,0.0,0.0,0.0,251,251
Q0142,80427c8e-15ba-482f-b168-fc4f1d375179,authorization_first,10,0.0,0.0,0.0,0.0,251,251
Q0143,80427c8e-15ba-482f-b168-fc4f1d375179,unrestricted,3,0.3333333333333333,1.0,1.0,0.0,283,251
Q0143,80427c8e-15ba-482f-b168-fc4f1d375179,unrestricted,5,0.2,1.0,1.0,0.0,283,251
Q0143,80427c8e-15ba-482f-b168-fc4f1d375179,unrestricted,7,0.14285714285714285,1.0,1.0,0.2857142857142857,283,251
Q0143,80427c8e-15ba-482f-b168-fc4f1d375179,unrestricted,10,0.1,1.0,1.0,0.4,283,251
Q0143,80427c8e-15ba-482f-b168-fc4f1d375179,authorization_first,3,0.3333333333333333,1.0,1.0,0.0,251,251
Q0143,80427c8e-15ba-482f-b168-fc4f1d375179,authorization_first,5,0.2,1.0,1.0,0.0,251,251
Q0143,80427c8e-15ba-482f-b168-fc4f1d375179,authorization_first,7,0.14285714285714285,1.0,1.0,0.0,251,251
Q0143,80427c8e-15ba-482f-b168-fc4f1d375179,authorization_first,10,0.1,1.0,1.0,0.0,251,251
Q0144,80427c8e-15ba-482f-b168-fc4f1d375179,unrestricted,3,0.0,0.0,0.0,0.3333333333333333,283,251
Q0144,80427c8e-15ba-482f-b168-fc4f1d375179,unrestricted,5,0.0,0.0,0.0,0.4,283,251
Q0144,80427c8e-15ba-482f-b168-fc4f1d375179,unrestricted,7,0.0,0.0,0.0,0.5714285714285714,283,251
Q0144,80427c8e-15ba-482f-b168-fc4f1d375179,unrestricted,10,0.0,0.0,0.0,0.4,283,251
Q0144,80427c8e-15ba-482f-b168-fc4f1d375179,authorization_first,3,0.0,0.0,0.0,0.0,251,251
Q0144,80427c8e-15ba-482f-b168-fc4f1d375179,authorization_first,5,0.0,0.0,0.0,0.0,251,251
Q0144,80427c8e-15ba-482f-b168-fc4f1d375179,authorization_first,7,0.0,0.0,0.0,0.0,251,251
Q0144,80427c8e-15ba-482f-b168-fc4f1d375179,authorization_first,10,0.0,0.0,0.0,0.0,251,251
Q0145,80427c8e-15ba-482f-b168-fc4f1d375179,unrestricted,3,0.0,0.0,0.0,0.3333333333333333,283,251
Q0145,80427c8e-15ba-482f-b168-fc4f1d375179,unrestricted,5,0.0,0.0,0.0,0.4,283,251
Q0145,80427c8e-15ba-482f-b168-fc4f1d375179,unrestricted,7,0.0,0.0,0.0,0.5714285714285714,283,251
Q0145,80427c8e-15ba-482f-b168-fc4f1d375179,unrestricted,10,0.0,0.0,0.0,0.4,283,251
Q0145,80427c8e-15ba-482f-b168-fc4f1d375179,authorization_first,3,0.0,0.0,0.0,0.0,251,251
Q0145,80427c8e-15ba-482f-b168-fc4f1d375179,authorization_first,5,0.0,0.0,0.0,0.0,251,251
Q0145,80427c8e-15ba-482f-b168-fc4f1d375179,authorization_first,7,0.0,0.0,0.0,0.0,251,251
Q0145,80427c8e-15ba-482f-b168-fc4f1d375179,authorization_first,10,0.0,0.0,0.0,0.0,251,251
Q0146,80427c8e-15ba-482f-b168-fc4f1d375179,unrestricted,3,0.0,0.0,0.0,0.3333333333333333,283,251
Q0146,80427c8e-15ba-482f-b168-fc4f1d375179,unrestricted,5,0.0,0.0,0.0,0.4,283,251
Q0146,80427c8e-15ba-482f-b168-fc4f1d375179,unrestricted,7,0.0,0.0,0.0,0.5714285714285714,283,251
Q0146,80427c8e-15ba-482f-b168-fc4f1d375179,unrestricted,10,0.0,0.0,0.0,0.4,283,251
Q0146,80427c8e-15ba-482f-b168-fc4f1d375179,authorization_first,3,0.0,0.0,0.0,0.0,251,251
Q0146,80427c8e-15ba-482f-b168-fc4f1d375179,authorization_first,5,0.0,0.0,0.0,0.0,251,251
Q0146,80427c8e-15ba-482f-b168-fc4f1d375179,authorization_first,7,0.0,0.0,0.0,0.0,251,251
Q0146,80427c8e-15ba-482f-b168-fc4f1d375179,authorization_first,10,0.0,0.0,0.0,0.0,251,251
Q0147,80427c8e-15ba-482f-b168-fc4f1d375179,unrestricted,3,0.0,0.0,0.0,0.3333333333333333,283,251
Q0147,80427c8e-15ba-482f-b168-fc4f1d375179,unrestricted,5,0.0,0.0,0.0,0.4,283,251
Q0147,80427c8e-15ba-482f-b168-fc4f1d375179,unrestricted,7,0.0,0.0,0.0,0.5714285714285714,283,251
Q0147,80427c8e-15ba-482f-b168-fc4f1d375179,unrestricted,10,0.0,0.0,0.0,0.4,283,251
Q0147,80427c8e-15ba-482f-b168-fc4f1d375179,authorization_first,3,0.0,0.0,0.0,0.0,251,251
Q0147,80427c8e-15ba-482f-b168-fc4f1d375179,authorization_first,5,0.0,0.0,0.0,0.0,251,251
Q0147,80427c8e-15ba-482f-b168-fc4f1d375179,authorization_first,7,0.0,0.0,0.0,0.0,251,251
Q0147,80427c8e-15ba-482f-b168-fc4f1d375179,authorization_first,10,0.0,0.0,0.0,0.0,251,251
Q0148,80427c8e-15ba-482f-b168-fc4f1d375179,unrestricted,3,0.0,0.0,0.0,0.3333333333333333,283,251
Q0148,80427c8e-15ba-482f-b168-fc4f1d375179,unrestricted,5,0.0,0.0,0.0,0.4,283,251
Q0148,80427c8e-15ba-482f-b168-fc4f1d375179,unrestricted,7,0.0,0.0,0.0,0.5714285714285714,283,251
Q0148,80427c8e-15ba-482f-b168-fc4f1d375179,unrestricted,10,0.0,0.0,0.0,0.4,283,251
Q0148,80427c8e-15ba-482f-b168-fc4f1d375179,authorization_first,3,0.0,0.0,0.0,0.0,251,251
Q0148,80427c8e-15ba-482f-b168-fc4f1d375179,authorization_first,5,0.0,0.0,0.0,0.0,251,251
Q0148,80427c8e-15ba-482f-b168-fc4f1d375179,authorization_first,7,0.0,0.0,0.0,0.0,251,251
Q0148,80427c8e-15ba-482f-b168-fc4f1d375179,authorization_first,10,0.0,0.0,0.0,0.0,251,251
Q0149,80427c8e-15ba-482f-b168-fc4f1d375179,unrestricted,3,0.0,0.0,0.0,0.0,283,251
Q0149,80427c8e-15ba-482f-b168-fc4f1d375179,unrestricted,5,0.0,0.0,0.0,0.2,283,251
Q0149,80427c8e-15ba-482f-b168-fc4f1d375179,unrestricted,7,0.0,0.0,0.0,0.42857142857142855,283,251
Q0149,80427c8e-15ba-482f-b168-fc4f1d375179,unrestricted,10,0.0,0.0,0.0,0.4,283,251
Q0149,80427c8e-15ba-482f-b168-fc4f1d375179,authorization_first,3,0.0,0.0,0.0,0.0,251,251
Q0149,80427c8e-15ba-482f-b168-fc4f1d375179,authorization_first,5,0.0,0.0,0.0,0.0,251,251
Q0149,80427c8e-15ba-482f-b168-fc4f1d375179,authorization_first,7,0.0,0.0,0.0,0.0,251,251
Q0149,80427c8e-15ba-482f-b168-fc4f1d375179,authorization_first,10,0.0,0.0,0.0,0.0,251,251
Q0150,80427c8e-15ba-482f-b168-fc4f1d375179,unrestricted,3,0.0,0.0,0.0,0.3333333333333333,283,251
Q0150,80427c8e-15ba-482f-b168-fc4f1d375179,unrestricted,5,0.0,0.0,0.0,0.4,283,251
Q0150,80427c8e-15ba-482f-b168-fc4f1d375179,unrestricted,7,0.0,0.0,0.0,0.5714285714285714,283,251
Q0150,80427c8e-15ba-482f-b168-fc4f1d375179,unrestricted,10,0.0,0.0,0.0,0.4,283,251
Q0150,80427c8e-15ba-482f-b168-fc4f1d375179,authorization_first,3,0.0,0.0,0.0,0.0,251,251
Q0150,80427c8e-15ba-482f-b168-fc4f1d375179,authorization_first,5,0.0,0.0,0.0,0.0,251,251
Q0150,80427c8e-15ba-482f-b168-fc4f1d375179,authorization_first,7,0.0,0.0,0.0,0.0,251,251
Q0150,80427c8e-15ba-482f-b168-fc4f1d375179,authorization_first,10,0.0,0.0,0.0,0.0,251,251
Q0151,a7f102bb-e1ba-4417-a0c5-75dec6473034,unrestricted,3,0.0,0.0,0.0,0.3333333333333333,206,201
Q0151,a7f102bb-e1ba-4417-a0c5-75dec6473034,unrestricted,5,0.0,0.0,0.0,0.4,206,201
Q0151,a7f102bb-e1ba-4417-a0c5-75dec6473034,unrestricted,7,0.0,0.0,0.0,0.2857142857142857,206,201
Q0151,a7f102bb-e1ba-4417-a0c5-75dec6473034,unrestricted,10,0.0,0.0,0.0,0.2,206,201
Q0151,a7f102bb-e1ba-4417-a0c5-75dec6473034,authorization_first,3,0.0,0.0,0.0,0.0,201,201
Q0151,a7f102bb-e1ba-4417-a0c5-75dec6473034,authorization_first,5,0.0,0.0,0.0,0.0,201,201
Q0151,a7f102bb-e1ba-4417-a0c5-75dec6473034,authorization_first,7,0.0,0.0,0.0,0.0,201,201
Q0151,a7f102bb-e1ba-4417-a0c5-75dec6473034,authorization_first,10,0.0,0.0,0.0,0.0,201,201
Q0152,a7f102bb-e1ba-4417-a0c5-75dec6473034,unrestricted,3,0.0,0.0,0.0,0.3333333333333333,206,201
Q0152,a7f102bb-e1ba-4417-a0c5-75dec6473034,unrestricted,5,0.0,0.0,0.0,0.4,206,201
Q0152,a7f102bb-e1ba-4417-a0c5-75dec6473034,unrestricted,7,0.0,0.0,0.0,0.2857142857142857,206,201
Q0152,a7f102bb-e1ba-4417-a0c5-75dec6473034,unrestricted,10,0.0,0.0,0.0,0.2,206,201
Q0152,a7f102bb-e1ba-4417-a0c5-75dec6473034,authorization_first,3,0.0,0.0,0.0,0.0,201,201
Q0152,a7f102bb-e1ba-4417-a0c5-75dec6473034,authorization_first,5,0.0,0.0,0.0,0.0,201,201
Q0152,a7f102bb-e1ba-4417-a0c5-75dec6473034,authorization_first,7,0.0,0.0,0.0,0.0,201,201
Q0152,a7f102bb-e1ba-4417-a0c5-75dec6473034,authorization_first,10,0.0,0.0,0.0,0.0,201,201
Q0153,a7f102bb-e1ba-4417-a0c5-75dec6473034,unrestricted,3,0.0,0.0,0.0,0.3333333333333333,206,201
Q0153,a7f102bb-e1ba-4417-a0c5-75dec6473034,unrestricted,5,0.0,0.0,0.0,0.4,206,201
Q0153,a7f102bb-e1ba-4417-a0c5-75dec6473034,unrestricted,7,0.0,0.0,0.0,0.2857142857142857,206,201
Q0153,a7f102bb-e1ba-4417-a0c5-75dec6473034,unrestricted,10,0.0,0.0,0.0,0.2,206,201
Q0153,a7f102bb-e1ba-4417-a0c5-75dec6473034,authorization_first,3,0.0,0.0,0.0,0.0,201,201
Q0153,a7f102bb-e1ba-4417-a0c5-75dec6473034,authorization_first,5,0.0,0.0,0.0,0.0,201,201
Q0153,a7f102bb-e1ba-4417-a0c5-75dec6473034,authorization_first,7,0.0,0.0,0.0,0.0,201,201
Q0153,a7f102bb-e1ba-4417-a0c5-75dec6473034,authorization_first,10,0.0,0.0,0.0,0.0,201,201
Q0154,a7f102bb-e1ba-4417-a0c5-75dec6473034,unrestricted,3,0.0,0.0,0.0,0.0,206,201
Q0154,a7f102bb-e1ba-4417-a0c5-75dec6473034,unrestricted,5,0.0,0.0,0.0,0.2,206,201
Q0154,a7f102bb-e1ba-4417-a0c5-75dec6473034,unrestricted,7,0.0,0.0,0.0,0.2857142857142857,206,201
Q0154,a7f102bb-e1ba-4417-a0c5-75dec6473034,unrestricted,10,0.0,0.0,0.0,0.2,206,201
Q0154,a7f102bb-e1ba-4417-a0c5-75dec6473034,authorization_first,3,0.0,0.0,0.0,0.0,201,201
Q0154,a7f102bb-e1ba-4417-a0c5-75dec6473034,authorization_first,5,0.0,0.0,0.0,0.0,201,201
Q0154,a7f102bb-e1ba-4417-a0c5-75dec6473034,authorization_first,7,0.0,0.0,0.0,0.0,201,201
Q0154,a7f102bb-e1ba-4417-a0c5-75dec6473034,authorization_first,10,0.0,0.0,0.0,0.0,201,201
Q0155,a7f102bb-e1ba-4417-a0c5-75dec6473034,unrestricted,3,0.0,0.0,0.0,0.3333333333333333,206,201
Q0155,a7f102bb-e1ba-4417-a0c5-75dec6473034,unrestricted,5,0.0,0.0,0.0,0.4,206,201
Q0155,a7f102bb-e1ba-4417-a0c5-75dec6473034,unrestricted,7,0.0,0.0,0.0,0.2857142857142857,206,201
Q0155,a7f102bb-e1ba-4417-a0c5-75dec6473034,unrestricted,10,0.0,0.0,0.0,0.2,206,201
Q0155,a7f102bb-e1ba-4417-a0c5-75dec6473034,authorization_first,3,0.0,0.0,0.0,0.0,201,201
Q0155,a7f102bb-e1ba-4417-a0c5-75dec6473034,authorization_first,5,0.0,0.0,0.0,0.0,201,201
Q0155,a7f102bb-e1ba-4417-a0c5-75dec6473034,authorization_first,7,0.0,0.0,0.0,0.0,201,201
Q0155,a7f102bb-e1ba-4417-a0c5-75dec6473034,authorization_first,10,0.0,0.0,0.0,0.0,201,201
Q0156,a7f102bb-e1ba-4417-a0c5-75dec6473034,unrestricted,3,0.0,0.0,0.0,0.3333333333333333,206,201
Q0156,a7f102bb-e1ba-4417-a0c5-75dec6473034,unrestricted,5,0.0,0.0,0.0,0.4,206,201
Q0156,a7f102bb-e1ba-4417-a0c5-75dec6473034,unrestricted,7,0.0,0.0,0.0,0.2857142857142857,206,201
Q0156,a7f102bb-e1ba-4417-a0c5-75dec6473034,unrestricted,10,0.0,0.0,0.0,0.2,206,201
Q0156,a7f102bb-e1ba-4417-a0c5-75dec6473034,authorization_first,3,0.0,0.0,0.0,0.0,201,201
Q0156,a7f102bb-e1ba-4417-a0c5-75dec6473034,authorization_first,5,0.0,0.0,0.0,0.0,201,201
Q0156,a7f102bb-e1ba-4417-a0c5-75dec6473034,authorization_first,7,0.0,0.0,0.0,0.0,201,201
Q0156,a7f102bb-e1ba-4417-a0c5-75dec6473034,authorization_first,10,0.0,0.0,0.0,0.0,201,201
Q0157,a7f102bb-e1ba-4417-a0c5-75dec6473034,unrestricted,3,0.0,0.0,0.0,0.3333333333333333,206,201
Q0157,a7f102bb-e1ba-4417-a0c5-75dec6473034,unrestricted,5,0.0,0.0,0.0,0.4,206,201
Q0157,a7f102bb-e1ba-4417-a0c5-75dec6473034,unrestricted,7,0.0,0.0,0.0,0.2857142857142857,206,201
Q0157,a7f102bb-e1ba-4417-a0c5-75dec6473034,unrestricted,10,0.0,0.0,0.0,0.2,206,201
Q0157,a7f102bb-e1ba-4417-a0c5-75dec6473034,authorization_first,3,0.0,0.0,0.0,0.0,201,201
Q0157,a7f102bb-e1ba-4417-a0c5-75dec6473034,authorization_first,5,0.0,0.0,0.0,0.0,201,201
Q0157,a7f102bb-e1ba-4417-a0c5-75dec6473034,authorization_first,7,0.0,0.0,0.0,0.0,201,201
Q0157,a7f102bb-e1ba-4417-a0c5-75dec6473034,authorization_first,10,0.0,0.0,0.0,0.0,201,201
Q0158,a7f102bb-e1ba-4417-a0c5-75dec6473034,unrestricted,3,0.0,0.0,0.0,0.3333333333333333,206,201
Q0158,a7f102bb-e1ba-4417-a0c5-75dec6473034,unrestricted,5,0.0,0.0,0.0,0.4,206,201
Q0158,a7f102bb-e1ba-4417-a0c5-75dec6473034,unrestricted,7,0.0,0.0,0.0,0.2857142857142857,206,201
Q0158,a7f102bb-e1ba-4417-a0c5-75dec6473034,unrestricted,10,0.0,0.0,0.0,0.2,206,201
Q0158,a7f102bb-e1ba-4417-a0c5-75dec6473034,authorization_first,3,0.0,0.0,0.0,0.0,201,201
Q0158,a7f102bb-e1ba-4417-a0c5-75dec6473034,authorization_first,5,0.0,0.0,0.0,0.0,201,201
Q0158,a7f102bb-e1ba-4417-a0c5-75dec6473034,authorization_first,7,0.0,0.0,0.0,0.0,201,201
Q0158,a7f102bb-e1ba-4417-a0c5-75dec6473034,authorization_first,10,0.0,0.0,0.0,0.0,201,201
Q0159,a7f102bb-e1ba-4417-a0c5-75dec6473034,unrestricted,3,0.0,0.0,0.0,0.3333333333333333,206,201
Q0159,a7f102bb-e1ba-4417-a0c5-75dec6473034,unrestricted,5,0.0,0.0,0.0,0.4,206,201
Q0159,a7f102bb-e1ba-4417-a0c5-75dec6473034,unrestricted,7,0.0,0.0,0.0,0.2857142857142857,206,201
Q0159,a7f102bb-e1ba-4417-a0c5-75dec6473034,unrestricted,10,0.0,0.0,0.0,0.2,206,201
Q0159,a7f102bb-e1ba-4417-a0c5-75dec6473034,authorization_first,3,0.0,0.0,0.0,0.0,201,201
Q0159,a7f102bb-e1ba-4417-a0c5-75dec6473034,authorization_first,5,0.0,0.0,0.0,0.0,201,201
Q0159,a7f102bb-e1ba-4417-a0c5-75dec6473034,authorization_first,7,0.0,0.0,0.0,0.0,201,201
Q0159,a7f102bb-e1ba-4417-a0c5-75dec6473034,authorization_first,10,0.0,0.0,0.0,0.0,201,201
Q0160,a7f102bb-e1ba-4417-a0c5-75dec6473034,unrestricted,3,0.0,0.0,0.0,0.3333333333333333,206,201
Q0160,a7f102bb-e1ba-4417-a0c5-75dec6473034,unrestricted,5,0.0,0.0,0.0,0.4,206,201
Q0160,a7f102bb-e1ba-4417-a0c5-75dec6473034,unrestricted,7,0.0,0.0,0.0,0.2857142857142857,206,201
Q0160,a7f102bb-e1ba-4417-a0c5-75dec6473034,unrestricted,10,0.0,0.0,0.0,0.2,206,201
Q0160,a7f102bb-e1ba-4417-a0c5-75dec6473034,authorization_first,3,0.0,0.0,0.0,0.0,201,201
Q0160,a7f102bb-e1ba-4417-a0c5-75dec6473034,authorization_first,5,0.0,0.0,0.0,0.0,201,201
Q0160,a7f102bb-e1ba-4417-a0c5-75dec6473034,authorization_first,7,0.0,0.0,0.0,0.0,201,201
Q0160,a7f102bb-e1ba-4417-a0c5-75dec6473034,authorization_first,10,0.0,0.0,0.0,0.0,201,201
Q0161,cd1d1f54-e4ea-458e-a264-b3e9c57d902e,unrestricted,3,0.0,0.0,0.0,0.0,156,141
Q0161,cd1d1f54-e4ea-458e-a264-b3e9c57d902e,unrestricted,5,0.0,0.0,0.0,0.2,156,141
Q0161,cd1d1f54-e4ea-458e-a264-b3e9c57d902e,unrestricted,7,0.0,0.0,0.0,0.14285714285714285,156,141
Q0161,cd1d1f54-e4ea-458e-a264-b3e9c57d902e,unrestricted,10,0.0,0.0,0.0,0.2,156,141
Q0161,cd1d1f54-e4ea-458e-a264-b3e9c57d902e,authorization_first,3,0.0,0.0,0.0,0.0,141,141
Q0161,cd1d1f54-e4ea-458e-a264-b3e9c57d902e,authorization_first,5,0.0,0.0,0.0,0.0,141,141
Q0161,cd1d1f54-e4ea-458e-a264-b3e9c57d902e,authorization_first,7,0.0,0.0,0.0,0.0,141,141
Q0161,cd1d1f54-e4ea-458e-a264-b3e9c57d902e,authorization_first,10,0.0,0.0,0.0,0.0,141,141
Q0162,cd1d1f54-e4ea-458e-a264-b3e9c57d902e,unrestricted,3,0.0,0.0,0.0,0.0,156,141
Q0162,cd1d1f54-e4ea-458e-a264-b3e9c57d902e,unrestricted,5,0.0,0.0,0.0,0.2,156,141
Q0162,cd1d1f54-e4ea-458e-a264-b3e9c57d902e,unrestricted,7,0.0,0.0,0.0,0.14285714285714285,156,141
Q0162,cd1d1f54-e4ea-458e-a264-b3e9c57d902e,unrestricted,10,0.0,0.0,0.0,0.2,156,141
Q0162,cd1d1f54-e4ea-458e-a264-b3e9c57d902e,authorization_first,3,0.0,0.0,0.0,0.0,141,141
Q0162,cd1d1f54-e4ea-458e-a264-b3e9c57d902e,authorization_first,5,0.0,0.0,0.0,0.0,141,141
Q0162,cd1d1f54-e4ea-458e-a264-b3e9c57d902e,authorization_first,7,0.0,0.0,0.0,0.0,141,141
Q0162,cd1d1f54-e4ea-458e-a264-b3e9c57d902e,authorization_first,10,0.0,0.0,0.0,0.0,141,141
Q0163,cd1d1f54-e4ea-458e-a264-b3e9c57d902e,unrestricted,3,0.0,0.0,0.0,0.0,156,141
Q0163,cd1d1f54-e4ea-458e-a264-b3e9c57d902e,unrestricted,5,0.0,0.0,0.0,0.2,156,141
Q0163,cd1d1f54-e4ea-458e-a264-b3e9c57d902e,unrestricted,7,0.0,0.0,0.0,0.14285714285714285,156,141
Q0163,cd1d1f54-e4ea-458e-a264-b3e9c57d902e,unrestricted,10,0.0,0.0,0.0,0.2,156,141
Q0163,cd1d1f54-e4ea-458e-a264-b3e9c57d902e,authorization_first,3,0.0,0.0,0.0,0.0,141,141
Q0163,cd1d1f54-e4ea-458e-a264-b3e9c57d902e,authorization_first,5,0.0,0.0,0.0,0.0,141,141
Q0163,cd1d1f54-e4ea-458e-a264-b3e9c57d902e,authorization_first,7,0.0,0.0,0.0,0.0,141,141
Q0163,cd1d1f54-e4ea-458e-a264-b3e9c57d902e,authorization_first,10,0.0,0.0,0.0,0.0,141,141
Q0164,cd1d1f54-e4ea-458e-a264-b3e9c57d902e,unrestricted,3,0.3333333333333333,1.0,1.0,0.0,156,141
Q0164,cd1d1f54-e4ea-458e-a264-b3e9c57d902e,unrestricted,5,0.2,1.0,1.0,0.2,156,141
Q0164,cd1d1f54-e4ea-458e-a264-b3e9c57d902e,unrestricted,7,0.14285714285714285,1.0,1.0,0.42857142857142855,156,141
Q0164,cd1d1f54-e4ea-458e-a264-b3e9c57d902e,unrestricted,10,0.1,1.0,1.0,0.4,156,141
Q0164,cd1d1f54-e4ea-458e-a264-b3e9c57d902e,authorization_first,3,0.3333333333333333,1.0,1.0,0.0,141,141
Q0164,cd1d1f54-e4ea-458e-a264-b3e9c57d902e,authorization_first,5,0.2,1.0,1.0,0.0,141,141
Q0164,cd1d1f54-e4ea-458e-a264-b3e9c57d902e,authorization_first,7,0.14285714285714285,1.0,1.0,0.0,141,141
Q0164,cd1d1f54-e4ea-458e-a264-b3e9c57d902e,authorization_first,10,0.1,1.0,1.0,0.0,141,141
Q0165,cd1d1f54-e4ea-458e-a264-b3e9c57d902e,unrestricted,3,0.0,0.0,0.0,0.0,156,141
Q0165,cd1d1f54-e4ea-458e-a264-b3e9c57d902e,unrestricted,5,0.0,0.0,0.0,0.2,156,141
Q0165,cd1d1f54-e4ea-458e-a264-b3e9c57d902e,unrestricted,7,0.0,0.0,0.0,0.14285714285714285,156,141
Q0165,cd1d1f54-e4ea-458e-a264-b3e9c57d902e,unrestricted,10,0.0,0.0,0.0,0.2,156,141
Q0165,cd1d1f54-e4ea-458e-a264-b3e9c57d902e,authorization_first,3,0.0,0.0,0.0,0.0,141,141
Q0165,cd1d1f54-e4ea-458e-a264-b3e9c57d902e,authorization_first,5,0.0,0.0,0.0,0.0,141,141
Q0165,cd1d1f54-e4ea-458e-a264-b3e9c57d902e,authorization_first,7,0.0,0.0,0.0,0.0,141,141
Q0165,cd1d1f54-e4ea-458e-a264-b3e9c57d902e,authorization_first,10,0.0,0.0,0.0,0.0,141,141
Q0166,cd1d1f54-e4ea-458e-a264-b3e9c57d902e,unrestricted,3,0.0,0.0,0.0,0.0,156,141
Q0166,cd1d1f54-e4ea-458e-a264-b3e9c57d902e,unrestricted,5,0.0,0.0,0.0,0.2,156,141
Q0166,cd1d1f54-e4ea-458e-a264-b3e9c57d902e,unrestricted,7,0.0,0.0,0.0,0.14285714285714285,156,141
Q0166,cd1d1f54-e4ea-458e-a264-b3e9c57d902e,unrestricted,10,0.0,0.0,0.0,0.2,156,141
Q0166,cd1d1f54-e4ea-458e-a264-b3e9c57d902e,authorization_first,3,0.0,0.0,0.0,0.0,141,141
Q0166,cd1d1f54-e4ea-458e-a264-b3e9c57d902e,authorization_first,5,0.0,0.0,0.0,0.0,141,141
Q0166,cd1d1f54-e4ea-458e-a264-b3e9c57d902e,authorization_first,7,0.0,0.0,0.0,0.0,141,141
Q0166,cd1d1f54-e4ea-458e-a264-b3e9c57d902e,authorization_first,10,0.0,0.0,0.0,0.0,141,141
Q0167,cd1d1f54-e4ea-458e-a264-b3e9c57d902e,unrestricted,3,0.0,0.0,0.0,0.0,156,141
Q0167,cd1d1f54-e4ea-458e-a264-b3e9c57d902e,unrestricted,5,0.0,0.0,0.0,0.2,156,141
Q0167,cd1d1f54-e4ea-458e-a264-b3e9c57d902e,unrestricted,7,0.0,0.0,0.0,0.14285714285714285,156,141
Q0167,cd1d1f54-e4ea-458e-a264-b3e9c57d902e,unrestricted,10,0.0,0.0,0.0,0.2,156,141
Q0167,cd1d1f54-e4ea-458e-a264-b3e9c57d902e,authorization_first,3,0.0,0.0,0.0,0.0,141,141
Q0167,cd1d1f54-e4ea-458e-a264-b3e9c57d902e,authorization_first,5,0.0,0.0,0.0,0.0,141,141
Q0167,cd1d1f54-e4ea-458e-a264-b3e9c57d902e,authorization_first,7,0.0,0.0,0.0,0.0,141,141
Q0167,cd1d1f54-e4ea-458e-a264-b3e9c57d902e,authorization_first,10,0.0,0.0,0.0,0.0,141,141
Q0168,cd1d1f54-e4ea-458e-a264-b3e9c57d902e,unrestricted,3,0.0,0.0,0.0,0.0,156,141
Q0168,cd1d1f54-e4ea-458e-a264-b3e9c57d902e,unrestricted,5,0.0,0.0,0.0,0.2,156,141
Q0168,cd1d1f54-e4ea-458e-a264-b3e9c57d902e,unrestricted,7,0.0,0.0,0.0,0.14285714285714285,156,141
Q0168,cd1d1f54-e4ea-458e-a264-b3e9c57d902e,unrestricted,10,0.0,0.0,0.0,0.2,156,141
Q0168,cd1d1f54-e4ea-458e-a264-b3e9c57d902e,authorization_first,3,0.0,0.0,0.0,0.0,141,141
Q0168,cd1d1f54-e4ea-458e-a264-b3e9c57d902e,authorization_first,5,0.0,0.0,0.0,0.0,141,141
Q0168,cd1d1f54-e4ea-458e-a264-b3e9c57d902e,authorization_first,7,0.0,0.0,0.0,0.0,141,141
Q0168,cd1d1f54-e4ea-458e-a264-b3e9c57d902e,authorization_first,10,0.0,0.0,0.0,0.0,141,141
Q0169,cd1d1f54-e4ea-458e-a264-b3e9c57d902e,unrestricted,3,0.0,0.0,0.0,0.0,156,141
Q0169,cd1d1f54-e4ea-458e-a264-b3e9c57d902e,unrestricted,5,0.0,0.0,0.0,0.2,156,141
Q0169,cd1d1f54-e4ea-458e-a264-b3e9c57d902e,unrestricted,7,0.0,0.0,0.0,0.14285714285714285,156,141
Q0169,cd1d1f54-e4ea-458e-a264-b3e9c57d902e,unrestricted,10,0.0,0.0,0.0,0.2,156,141
Q0169,cd1d1f54-e4ea-458e-a264-b3e9c57d902e,authorization_first,3,0.0,0.0,0.0,0.0,141,141
Q0169,cd1d1f54-e4ea-458e-a264-b3e9c57d902e,authorization_first,5,0.0,0.0,0.0,0.0,141,141
Q0169,cd1d1f54-e4ea-458e-a264-b3e9c57d902e,authorization_first,7,0.0,0.0,0.0,0.0,141,141
Q0169,cd1d1f54-e4ea-458e-a264-b3e9c57d902e,authorization_first,10,0.0,0.0,0.0,0.0,141,141
Q0170,cd1d1f54-e4ea-458e-a264-b3e9c57d902e,unrestricted,3,0.0,0.0,0.0,0.0,156,141
Q0170,cd1d1f54-e4ea-458e-a264-b3e9c57d902e,unrestricted,5,0.0,0.0,0.0,0.2,156,141
Q0170,cd1d1f54-e4ea-458e-a264-b3e9c57d902e,unrestricted,7,0.0,0.0,0.0,0.14285714285714285,156,141
Q0170,cd1d1f54-e4ea-458e-a264-b3e9c57d902e,unrestricted,10,0.0,0.0,0.0,0.2,156,141
Q0170,cd1d1f54-e4ea-458e-a264-b3e9c57d902e,authorization_first,3,0.0,0.0,0.0,0.0,141,141
Q0170,cd1d1f54-e4ea-458e-a264-b3e9c57d902e,authorization_first,5,0.0,0.0,0.0,0.0,141,141
Q0170,cd1d1f54-e4ea-458e-a264-b3e9c57d902e,authorization_first,7,0.0,0.0,0.0,0.0,141,141
Q0170,cd1d1f54-e4ea-458e-a264-b3e9c57d902e,authorization_first,10,0.0,0.0,0.0,0.0,141,141
Q0171,5cb510f1-244d-4f02-a82b-3631e998fad1,unrestricted,3,0.0,0.0,0.0,0.0,450,444
Q0171,5cb510f1-244d-4f02-a82b-3631e998fad1,unrestricted,5,0.0,0.0,0.0,0.0,450,444
Q0171,5cb510f1-244d-4f02-a82b-3631e998fad1,unrestricted,7,0.0,0.0,0.0,0.0,450,444
Q0171,5cb510f1-244d-4f02-a82b-3631e998fad1,unrestricted,10,0.0,0.0,0.0,0.0,450,444
Q0171,5cb510f1-244d-4f02-a82b-3631e998fad1,authorization_first,3,0.0,0.0,0.0,0.0,444,444
Q0171,5cb510f1-244d-4f02-a82b-3631e998fad1,authorization_first,5,0.0,0.0,0.0,0.0,444,444
Q0171,5cb510f1-244d-4f02-a82b-3631e998fad1,authorization_first,7,0.0,0.0,0.0,0.0,444,444
Q0171,5cb510f1-244d-4f02-a82b-3631e998fad1,authorization_first,10,0.0,0.0,0.0,0.0,444,444
Q0172,5cb510f1-244d-4f02-a82b-3631e998fad1,unrestricted,3,0.0,0.0,0.0,0.0,450,444
Q0172,5cb510f1-244d-4f02-a82b-3631e998fad1,unrestricted,5,0.0,0.0,0.0,0.0,450,444
Q0172,5cb510f1-244d-4f02-a82b-3631e998fad1,unrestricted,7,0.0,0.0,0.0,0.0,450,444
Q0172,5cb510f1-244d-4f02-a82b-3631e998fad1,unrestricted,10,0.0,0.0,0.0,0.0,450,444
Q0172,5cb510f1-244d-4f02-a82b-3631e998fad1,authorization_first,3,0.0,0.0,0.0,0.0,444,444
Q0172,5cb510f1-244d-4f02-a82b-3631e998fad1,authorization_first,5,0.0,0.0,0.0,0.0,444,444
Q0172,5cb510f1-244d-4f02-a82b-3631e998fad1,authorization_first,7,0.0,0.0,0.0,0.0,444,444
Q0172,5cb510f1-244d-4f02-a82b-3631e998fad1,authorization_first,10,0.0,0.0,0.0,0.0,444,444
Q0173,5cb510f1-244d-4f02-a82b-3631e998fad1,unrestricted,3,0.3333333333333333,0.5,1.0,0.0,450,444
Q0173,5cb510f1-244d-4f02-a82b-3631e998fad1,unrestricted,5,0.2,0.5,1.0,0.0,450,444
Q0173,5cb510f1-244d-4f02-a82b-3631e998fad1,unrestricted,7,0.14285714285714285,0.5,1.0,0.0,450,444
Q0173,5cb510f1-244d-4f02-a82b-3631e998fad1,unrestricted,10,0.1,0.5,1.0,0.0,450,444
Q0173,5cb510f1-244d-4f02-a82b-3631e998fad1,authorization_first,3,0.3333333333333333,0.5,1.0,0.0,444,444
Q0173,5cb510f1-244d-4f02-a82b-3631e998fad1,authorization_first,5,0.2,0.5,1.0,0.0,444,444
Q0173,5cb510f1-244d-4f02-a82b-3631e998fad1,authorization_first,7,0.14285714285714285,0.5,1.0,0.0,444,444
Q0173,5cb510f1-244d-4f02-a82b-3631e998fad1,authorization_first,10,0.1,0.5,1.0,0.0,444,444
Q0174,5cb510f1-244d-4f02-a82b-3631e998fad1,unrestricted,3,0.0,0.0,0.0,0.0,450,444
Q0174,5cb510f1-244d-4f02-a82b-3631e998fad1,unrestricted,5,0.0,0.0,0.0,0.0,450,444
Q0174,5cb510f1-244d-4f02-a82b-3631e998fad1,unrestricted,7,0.0,0.0,0.0,0.0,450,444
Q0174,5cb510f1-244d-4f02-a82b-3631e998fad1,unrestricted,10,0.0,0.0,0.0,0.0,450,444
Q0174,5cb510f1-244d-4f02-a82b-3631e998fad1,authorization_first,3,0.0,0.0,0.0,0.0,444,444
Q0174,5cb510f1-244d-4f02-a82b-3631e998fad1,authorization_first,5,0.0,0.0,0.0,0.0,444,444
Q0174,5cb510f1-244d-4f02-a82b-3631e998fad1,authorization_first,7,0.0,0.0,0.0,0.0,444,444
Q0174,5cb510f1-244d-4f02-a82b-3631e998fad1,authorization_first,10,0.0,0.0,0.0,0.0,444,444
Q0175,5cb510f1-244d-4f02-a82b-3631e998fad1,unrestricted,3,0.0,0.0,0.0,0.0,450,444
Q0175,5cb510f1-244d-4f02-a82b-3631e998fad1,unrestricted,5,0.0,0.0,0.0,0.0,450,444
Q0175,5cb510f1-244d-4f02-a82b-3631e998fad1,unrestricted,7,0.0,0.0,0.0,0.0,450,444
Q0175,5cb510f1-244d-4f02-a82b-3631e998fad1,unrestricted,10,0.0,0.0,0.0,0.0,450,444
Q0175,5cb510f1-244d-4f02-a82b-3631e998fad1,authorization_first,3,0.0,0.0,0.0,0.0,444,444
Q0175,5cb510f1-244d-4f02-a82b-3631e998fad1,authorization_first,5,0.0,0.0,0.0,0.0,444,444
Q0175,5cb510f1-244d-4f02-a82b-3631e998fad1,authorization_first,7,0.0,0.0,0.0,0.0,444,444
Q0175,5cb510f1-244d-4f02-a82b-3631e998fad1,authorization_first,10,0.0,0.0,0.0,0.0,444,444
Q0176,5cb510f1-244d-4f02-a82b-3631e998fad1,unrestricted,3,0.3333333333333333,0.5,1.0,0.3333333333333333,450,444
Q0176,5cb510f1-244d-4f02-a82b-3631e998fad1,unrestricted,5,0.2,0.5,1.0,0.2,450,444
Q0176,5cb510f1-244d-4f02-a82b-3631e998fad1,unrestricted,7,0.14285714285714285,0.5,1.0,0.14285714285714285,450,444
Q0176,5cb510f1-244d-4f02-a82b-3631e998fad1,unrestricted,10,0.1,0.5,1.0,0.1,450,444
Q0176,5cb510f1-244d-4f02-a82b-3631e998fad1,authorization_first,3,0.3333333333333333,0.5,1.0,0.0,444,444
Q0176,5cb510f1-244d-4f02-a82b-3631e998fad1,authorization_first,5,0.2,0.5,1.0,0.0,444,444
Q0176,5cb510f1-244d-4f02-a82b-3631e998fad1,authorization_first,7,0.14285714285714285,0.5,1.0,0.0,444,444
Q0176,5cb510f1-244d-4f02-a82b-3631e998fad1,authorization_first,10,0.1,0.5,1.0,0.0,444,444
Q0177,5cb510f1-244d-4f02-a82b-3631e998fad1,unrestricted,3,0.0,0.0,0.0,0.0,450,444
Q0177,5cb510f1-244d-4f02-a82b-3631e998fad1,unrestricted,5,0.0,0.0,0.0,0.0,450,444
Q0177,5cb510f1-244d-4f02-a82b-3631e998fad1,unrestricted,7,0.0,0.0,0.0,0.0,450,444
Q0177,5cb510f1-244d-4f02-a82b-3631e998fad1,unrestricted,10,0.0,0.0,0.0,0.0,450,444
Q0177,5cb510f1-244d-4f02-a82b-3631e998fad1,authorization_first,3,0.0,0.0,0.0,0.0,444,444
Q0177,5cb510f1-244d-4f02-a82b-3631e998fad1,authorization_first,5,0.0,0.0,0.0,0.0,444,444
Q0177,5cb510f1-244d-4f02-a82b-3631e998fad1,authorization_first,7,0.0,0.0,0.0,0.0,444,444
Q0177,5cb510f1-244d-4f02-a82b-3631e998fad1,authorization_first,10,0.0,0.0,0.0,0.0,444,444
Q0178,5cb510f1-244d-4f02-a82b-3631e998fad1,unrestricted,3,0.0,0.0,0.0,0.0,450,444
Q0178,5cb510f1-244d-4f02-a82b-3631e998fad1,unrestricted,5,0.0,0.0,0.0,0.0,450,444
Q0178,5cb510f1-244d-4f02-a82b-3631e998fad1,unrestricted,7,0.0,0.0,0.0,0.0,450,444
Q0178,5cb510f1-244d-4f02-a82b-3631e998fad1,unrestricted,10,0.0,0.0,0.0,0.0,450,444
Q0178,5cb510f1-244d-4f02-a82b-3631e998fad1,authorization_first,3,0.0,0.0,0.0,0.0,444,444
Q0178,5cb510f1-244d-4f02-a82b-3631e998fad1,authorization_first,5,0.0,0.0,0.0,0.0,444,444
Q0178,5cb510f1-244d-4f02-a82b-3631e998fad1,authorization_first,7,0.0,0.0,0.0,0.0,444,444
Q0178,5cb510f1-244d-4f02-a82b-3631e998fad1,authorization_first,10,0.0,0.0,0.0,0.0,444,444
Q0179,5cb510f1-244d-4f02-a82b-3631e998fad1,unrestricted,3,0.0,0.0,0.0,0.0,450,444
Q0179,5cb510f1-244d-4f02-a82b-3631e998fad1,unrestricted,5,0.0,0.0,0.0,0.0,450,444
Q0179,5cb510f1-244d-4f02-a82b-3631e998fad1,unrestricted,7,0.0,0.0,0.0,0.0,450,444
Q0179,5cb510f1-244d-4f02-a82b-3631e998fad1,unrestricted,10,0.0,0.0,0.0,0.0,450,444
Q0179,5cb510f1-244d-4f02-a82b-3631e998fad1,authorization_first,3,0.0,0.0,0.0,0.0,444,444
Q0179,5cb510f1-244d-4f02-a82b-3631e998fad1,authorization_first,5,0.0,0.0,0.0,0.0,444,444
Q0179,5cb510f1-244d-4f02-a82b-3631e998fad1,authorization_first,7,0.0,0.0,0.0,0.0,444,444
Q0179,5cb510f1-244d-4f02-a82b-3631e998fad1,authorization_first,10,0.0,0.0,0.0,0.0,444,444
Q0180,5cb510f1-244d-4f02-a82b-3631e998fad1,unrestricted,3,0.0,0.0,0.0,0.0,450,444
Q0180,5cb510f1-244d-4f02-a82b-3631e998fad1,unrestricted,5,0.0,0.0,0.0,0.0,450,444
Q0180,5cb510f1-244d-4f02-a82b-3631e998fad1,unrestricted,7,0.0,0.0,0.0,0.0,450,444
Q0180,5cb510f1-244d-4f02-a82b-3631e998fad1,unrestricted,10,0.0,0.0,0.0,0.0,450,444
Q0180,5cb510f1-244d-4f02-a82b-3631e998fad1,authorization_first,3,0.0,0.0,0.0,0.0,444,444
Q0180,5cb510f1-244d-4f02-a82b-3631e998fad1,authorization_first,5,0.0,0.0,0.0,0.0,444,444
Q0180,5cb510f1-244d-4f02-a82b-3631e998fad1,authorization_first,7,0.0,0.0,0.0,0.0,444,444
Q0180,5cb510f1-244d-4f02-a82b-3631e998fad1,authorization_first,10,0.0,0.0,0.0,0.0,444,444
Q0181,3b46f9a9-3447-441d-abd4-4f8e46f9e0c2,unrestricted,3,0.0,0.0,0.0,0.0,337,315
Q0181,3b46f9a9-3447-441d-abd4-4f8e46f9e0c2,unrestricted,5,0.0,0.0,0.0,0.0,337,315
Q0181,3b46f9a9-3447-441d-abd4-4f8e46f9e0c2,unrestricted,7,0.0,0.0,0.0,0.2857142857142857,337,315
Q0181,3b46f9a9-3447-441d-abd4-4f8e46f9e0c2,unrestricted,10,0.0,0.0,0.0,0.5,337,315
Q0181,3b46f9a9-3447-441d-abd4-4f8e46f9e0c2,authorization_first,3,0.0,0.0,0.0,0.0,315,315
Q0181,3b46f9a9-3447-441d-abd4-4f8e46f9e0c2,authorization_first,5,0.0,0.0,0.0,0.0,315,315
Q0181,3b46f9a9-3447-441d-abd4-4f8e46f9e0c2,authorization_first,7,0.0,0.0,0.0,0.0,315,315
Q0181,3b46f9a9-3447-441d-abd4-4f8e46f9e0c2,authorization_first,10,0.0,0.0,0.0,0.0,315,315
Q0182,3b46f9a9-3447-441d-abd4-4f8e46f9e0c2,unrestricted,3,0.0,0.0,0.0,0.0,337,315
Q0182,3b46f9a9-3447-441d-abd4-4f8e46f9e0c2,unrestricted,5,0.0,0.0,0.0,0.0,337,315
Q0182,3b46f9a9-3447-441d-abd4-4f8e46f9e0c2,unrestricted,7,0.0,0.0,0.0,0.2857142857142857,337,315
Q0182,3b46f9a9-3447-441d-abd4-4f8e46f9e0c2,unrestricted,10,0.0,0.0,0.0,0.5,337,315
Q0182,3b46f9a9-3447-441d-abd4-4f8e46f9e0c2,authorization_first,3,0.0,0.0,0.0,0.0,315,315
Q0182,3b46f9a9-3447-441d-abd4-4f8e46f9e0c2,authorization_first,5,0.0,0.0,0.0,0.0,315,315
Q0182,3b46f9a9-3447-441d-abd4-4f8e46f9e0c2,authorization_first,7,0.0,0.0,0.0,0.0,315,315
Q0182,3b46f9a9-3447-441d-abd4-4f8e46f9e0c2,authorization_first,10,0.0,0.0,0.0,0.0,315,315
Q0183,3b46f9a9-3447-441d-abd4-4f8e46f9e0c2,unrestricted,3,0.3333333333333333,0.3333333333333333,1.0,0.3333333333333333,337,315
Q0183,3b46f9a9-3447-441d-abd4-4f8e46f9e0c2,unrestricted,5,0.2,0.3333333333333333,1.0,0.6,337,315
Q0183,3b46f9a9-3447-441d-abd4-4f8e46f9e0c2,unrestricted,7,0.14285714285714285,0.3333333333333333,1.0,0.42857142857142855,337,315
Q0183,3b46f9a9-3447-441d-abd4-4f8e46f9e0c2,unrestricted,10,0.1,0.3333333333333333,1.0,0.5,337,315
Q0183,3b46f9a9-3447-441d-abd4-4f8e46f9e0c2,authorization_first,3,0.3333333333333333,0.3333333333333333,1.0,0.0,315,315
Q0183,3b46f9a9-3447-441d-abd4-4f8e46f9e0c2,authorization_first,5,0.2,0.3333333333333333,1.0,0.0,315,315
Q0183,3b46f9a9-3447-441d-abd4-4f8e46f9e0c2,authorization_first,7,0.14285714285714285,0.3333333333333333,1.0,0.0,315,315
Q0183,3b46f9a9-3447-441d-abd4-4f8e46f9e0c2,authorization_first,10,0.1,0.3333333333333333,1.0,0.0,315,315
Q0184,3b46f9a9-3447-441d-abd4-4f8e46f9e0c2,unrestricted,3,0.0,0.0,0.0,0.0,337,315
Q0184,3b46f9a9-3447-441d-abd4-4f8e46f9e0c2,unrestricted,5,0.0,0.0,0.0,0.0,337,315
Q0184,3b46f9a9-3447-441d-abd4-4f8e46f9e0c2,unrestricted,7,0.0,0.0,0.0,0.2857142857142857,337,315
Q0184,3b46f9a9-3447-441d-abd4-4f8e46f9e0c2,unrestricted,10,0.0,0.0,0.0,0.5,337,315
Q0184,3b46f9a9-3447-441d-abd4-4f8e46f9e0c2,authorization_first,3,0.0,0.0,0.0,0.0,315,315
Q0184,3b46f9a9-3447-441d-abd4-4f8e46f9e0c2,authorization_first,5,0.0,0.0,0.0,0.0,315,315
Q0184,3b46f9a9-3447-441d-abd4-4f8e46f9e0c2,authorization_first,7,0.0,0.0,0.0,0.0,315,315
Q0184,3b46f9a9-3447-441d-abd4-4f8e46f9e0c2,authorization_first,10,0.0,0.0,0.0,0.0,315,315
Q0185,3b46f9a9-3447-441d-abd4-4f8e46f9e0c2,unrestricted,3,0.0,0.0,0.0,0.6666666666666666,337,315
Q0185,3b46f9a9-3447-441d-abd4-4f8e46f9e0c2,unrestricted,5,0.0,0.0,0.0,0.8,337,315
Q0185,3b46f9a9-3447-441d-abd4-4f8e46f9e0c2,unrestricted,7,0.0,0.0,0.0,0.7142857142857143,337,315
Q0185,3b46f9a9-3447-441d-abd4-4f8e46f9e0c2,unrestricted,10,0.0,0.0,0.0,0.5,337,315
Q0185,3b46f9a9-3447-441d-abd4-4f8e46f9e0c2,authorization_first,3,0.0,0.0,0.0,0.0,315,315
Q0185,3b46f9a9-3447-441d-abd4-4f8e46f9e0c2,authorization_first,5,0.0,0.0,0.0,0.0,315,315
Q0185,3b46f9a9-3447-441d-abd4-4f8e46f9e0c2,authorization_first,7,0.0,0.0,0.0,0.0,315,315
Q0185,3b46f9a9-3447-441d-abd4-4f8e46f9e0c2,authorization_first,10,0.0,0.0,0.0,0.0,315,315
Q0186,3b46f9a9-3447-441d-abd4-4f8e46f9e0c2,unrestricted,3,0.3333333333333333,0.25,0.3333333333333333,0.0,337,315
Q0186,3b46f9a9-3447-441d-abd4-4f8e46f9e0c2,unrestricted,5,0.4,0.5,0.3333333333333333,0.0,337,315
Q0186,3b46f9a9-3447-441d-abd4-4f8e46f9e0c2,unrestricted,7,0.2857142857142857,0.5,0.3333333333333333,0.2857142857142857,337,315
Q0186,3b46f9a9-3447-441d-abd4-4f8e46f9e0c2,unrestricted,10,0.2,0.5,0.3333333333333333,0.5,337,315
Q0186,3b46f9a9-3447-441d-abd4-4f8e46f9e0c2,authorization_first,3,0.3333333333333333,0.25,0.3333333333333333,0.0,315,315
Q0186,3b46f9a9-3447-441d-abd4-4f8e46f9e0c2,authorization_first,5,0.4,0.5,0.3333333333333333,0.0,315,315
Q0186,3b46f9a9-3447-441d-abd4-4f8e46f9e0c2,authorization_first,7,0.2857142857142857,0.5,0.3333333333333333,0.0,315,315
Q0186,3b46f9a9-3447-441d-abd4-4f8e46f9e0c2,authorization_first,10,0.3,0.75,0.3333333333333333,0.0,315,315
Q0187,3b46f9a9-3447-441d-abd4-4f8e46f9e0c2,unrestricted,3,0.0,0.0,0.0,0.0,337,315
Q0187,3b46f9a9-3447-441d-abd4-4f8e46f9e0c2,unrestricted,5,0.0,0.0,0.0,0.0,337,315
Q0187,3b46f9a9-3447-441d-abd4-4f8e46f9e0c2,unrestricted,7,0.0,0.0,0.0,0.2857142857142857,337,315
Q0187,3b46f9a9-3447-441d-abd4-4f8e46f9e0c2,unrestricted,10,0.0,0.0,0.0,0.5,337,315
Q0187,3b46f9a9-3447-441d-abd4-4f8e46f9e0c2,authorization_first,3,0.0,0.0,0.0,0.0,315,315
Q0187,3b46f9a9-3447-441d-abd4-4f8e46f9e0c2,authorization_first,5,0.0,0.0,0.0,0.0,315,315
Q0187,3b46f9a9-3447-441d-abd4-4f8e46f9e0c2,authorization_first,7,0.0,0.0,0.0,0.0,315,315
Q0187,3b46f9a9-3447-441d-abd4-4f8e46f9e0c2,authorization_first,10,0.0,0.0,0.0,0.0,315,315
Q0188,3b46f9a9-3447-441d-abd4-4f8e46f9e0c2,unrestricted,3,0.3333333333333333,0.5,1.0,0.0,337,315
Q0188,3b46f9a9-3447-441d-abd4-4f8e46f9e0c2,unrestricted,5,0.2,0.5,1.0,0.0,337,315
Q0188,3b46f9a9-3447-441d-abd4-4f8e46f9e0c2,unrestricted,7,0.14285714285714285,0.5,1.0,0.2857142857142857,337,315
Q0188,3b46f9a9-3447-441d-abd4-4f8e46f9e0c2,unrestricted,10,0.1,0.5,1.0,0.5,337,315
Q0188,3b46f9a9-3447-441d-abd4-4f8e46f9e0c2,authorization_first,3,0.3333333333333333,0.5,1.0,0.0,315,315
Q0188,3b46f9a9-3447-441d-abd4-4f8e46f9e0c2,authorization_first,5,0.2,0.5,1.0,0.0,315,315
Q0188,3b46f9a9-3447-441d-abd4-4f8e46f9e0c2,authorization_first,7,0.14285714285714285,0.5,1.0,0.0,315,315
Q0188,3b46f9a9-3447-441d-abd4-4f8e46f9e0c2,authorization_first,10,0.1,0.5,1.0,0.0,315,315
Q0189,3b46f9a9-3447-441d-abd4-4f8e46f9e0c2,unrestricted,3,0.0,0.0,0.0,0.3333333333333333,337,315
Q0189,3b46f9a9-3447-441d-abd4-4f8e46f9e0c2,unrestricted,5,0.0,0.0,0.0,0.6,337,315
Q0189,3b46f9a9-3447-441d-abd4-4f8e46f9e0c2,unrestricted,7,0.0,0.0,0.0,0.7142857142857143,337,315
Q0189,3b46f9a9-3447-441d-abd4-4f8e46f9e0c2,unrestricted,10,0.0,0.0,0.0,0.5,337,315
Q0189,3b46f9a9-3447-441d-abd4-4f8e46f9e0c2,authorization_first,3,0.0,0.0,0.0,0.0,315,315
Q0189,3b46f9a9-3447-441d-abd4-4f8e46f9e0c2,authorization_first,5,0.0,0.0,0.0,0.0,315,315
Q0189,3b46f9a9-3447-441d-abd4-4f8e46f9e0c2,authorization_first,7,0.0,0.0,0.0,0.0,315,315
Q0189,3b46f9a9-3447-441d-abd4-4f8e46f9e0c2,authorization_first,10,0.0,0.0,0.0,0.0,315,315
Q0190,3b46f9a9-3447-441d-abd4-4f8e46f9e0c2,unrestricted,3,0.0,0.0,0.0,0.3333333333333333,337,315
Q0190,3b46f9a9-3447-441d-abd4-4f8e46f9e0c2,unrestricted,5,0.0,0.0,0.0,0.6,337,315
Q0190,3b46f9a9-3447-441d-abd4-4f8e46f9e0c2,unrestricted,7,0.0,0.0,0.0,0.7142857142857143,337,315
Q0190,3b46f9a9-3447-441d-abd4-4f8e46f9e0c2,unrestricted,10,0.0,0.0,0.0,0.5,337,315
Q0190,3b46f9a9-3447-441d-abd4-4f8e46f9e0c2,authorization_first,3,0.0,0.0,0.0,0.0,315,315
Q0190,3b46f9a9-3447-441d-abd4-4f8e46f9e0c2,authorization_first,5,0.0,0.0,0.0,0.0,315,315
Q0190,3b46f9a9-3447-441d-abd4-4f8e46f9e0c2,authorization_first,7,0.0,0.0,0.0,0.0,315,315
Q0190,3b46f9a9-3447-441d-abd4-4f8e46f9e0c2,authorization_first,10,0.0,0.0,0.0,0.0,315,315
Q0191,ca3330c5-bbbc-47e7-addb-302f2e069986,unrestricted,3,0.0,0.0,0.0,0.0,182,177
Q0191,ca3330c5-bbbc-47e7-addb-302f2e069986,unrestricted,5,0.0,0.0,0.0,0.0,182,177
Q0191,ca3330c5-bbbc-47e7-addb-302f2e069986,unrestricted,7,0.0,0.0,0.0,0.0,182,177
Q0191,ca3330c5-bbbc-47e7-addb-302f2e069986,unrestricted,10,0.0,0.0,0.0,0.0,182,177
Q0191,ca3330c5-bbbc-47e7-addb-302f2e069986,authorization_first,3,0.0,0.0,0.0,0.0,177,177
Q0191,ca3330c5-bbbc-47e7-addb-302f2e069986,authorization_first,5,0.0,0.0,0.0,0.0,177,177
Q0191,ca3330c5-bbbc-47e7-addb-302f2e069986,authorization_first,7,0.0,0.0,0.0,0.0,177,177
Q0191,ca3330c5-bbbc-47e7-addb-302f2e069986,authorization_first,10,0.0,0.0,0.0,0.0,177,177
Q0192,ca3330c5-bbbc-47e7-addb-302f2e069986,unrestricted,3,0.3333333333333333,0.5,1.0,0.0,182,177
Q0192,ca3330c5-bbbc-47e7-addb-302f2e069986,unrestricted,5,0.2,0.5,1.0,0.0,182,177
Q0192,ca3330c5-bbbc-47e7-addb-302f2e069986,unrestricted,7,0.14285714285714285,0.5,1.0,0.0,182,177
Q0192,ca3330c5-bbbc-47e7-addb-302f2e069986,unrestricted,10,0.1,0.5,1.0,0.0,182,177
Q0192,ca3330c5-bbbc-47e7-addb-302f2e069986,authorization_first,3,0.3333333333333333,0.5,1.0,0.0,177,177
Q0192,ca3330c5-bbbc-47e7-addb-302f2e069986,authorization_first,5,0.2,0.5,1.0,0.0,177,177
Q0192,ca3330c5-bbbc-47e7-addb-302f2e069986,authorization_first,7,0.14285714285714285,0.5,1.0,0.0,177,177
Q0192,ca3330c5-bbbc-47e7-addb-302f2e069986,authorization_first,10,0.1,0.5,1.0,0.0,177,177
Q0193,ca3330c5-bbbc-47e7-addb-302f2e069986,unrestricted,3,0.0,0.0,0.0,0.0,182,177
Q0193,ca3330c5-bbbc-47e7-addb-302f2e069986,unrestricted,5,0.0,0.0,0.0,0.0,182,177
Q0193,ca3330c5-bbbc-47e7-addb-302f2e069986,unrestricted,7,0.0,0.0,0.0,0.0,182,177
Q0193,ca3330c5-bbbc-47e7-addb-302f2e069986,unrestricted,10,0.0,0.0,0.0,0.0,182,177
Q0193,ca3330c5-bbbc-47e7-addb-302f2e069986,authorization_first,3,0.0,0.0,0.0,0.0,177,177
Q0193,ca3330c5-bbbc-47e7-addb-302f2e069986,authorization_first,5,0.0,0.0,0.0,0.0,177,177
Q0193,ca3330c5-bbbc-47e7-addb-302f2e069986,authorization_first,7,0.0,0.0,0.0,0.0,177,177
Q0193,ca3330c5-bbbc-47e7-addb-302f2e069986,authorization_first,10,0.0,0.0,0.0,0.0,177,177
Q0194,ca3330c5-bbbc-47e7-addb-302f2e069986,unrestricted,3,0.0,0.0,0.0,0.0,182,177
Q0194,ca3330c5-bbbc-47e7-addb-302f2e069986,unrestricted,5,0.0,0.0,0.0,0.0,182,177
Q0194,ca3330c5-bbbc-47e7-addb-302f2e069986,unrestricted,7,0.0,0.0,0.0,0.0,182,177
Q0194,ca3330c5-bbbc-47e7-addb-302f2e069986,unrestricted,10,0.0,0.0,0.0,0.0,182,177
Q0194,ca3330c5-bbbc-47e7-addb-302f2e069986,authorization_first,3,0.0,0.0,0.0,0.0,177,177
Q0194,ca3330c5-bbbc-47e7-addb-302f2e069986,authorization_first,5,0.0,0.0,0.0,0.0,177,177
Q0194,ca3330c5-bbbc-47e7-addb-302f2e069986,authorization_first,7,0.0,0.0,0.0,0.0,177,177
Q0194,ca3330c5-bbbc-47e7-addb-302f2e069986,authorization_first,10,0.0,0.0,0.0,0.0,177,177
Q0195,ca3330c5-bbbc-47e7-addb-302f2e069986,unrestricted,3,0.3333333333333333,0.5,1.0,0.0,182,177
Q0195,ca3330c5-bbbc-47e7-addb-302f2e069986,unrestricted,5,0.2,0.5,1.0,0.0,182,177
Q0195,ca3330c5-bbbc-47e7-addb-302f2e069986,unrestricted,7,0.14285714285714285,0.5,1.0,0.0,182,177
Q0195,ca3330c5-bbbc-47e7-addb-302f2e069986,unrestricted,10,0.1,0.5,1.0,0.0,182,177
Q0195,ca3330c5-bbbc-47e7-addb-302f2e069986,authorization_first,3,0.3333333333333333,0.5,1.0,0.0,177,177
Q0195,ca3330c5-bbbc-47e7-addb-302f2e069986,authorization_first,5,0.2,0.5,1.0,0.0,177,177
Q0195,ca3330c5-bbbc-47e7-addb-302f2e069986,authorization_first,7,0.14285714285714285,0.5,1.0,0.0,177,177
Q0195,ca3330c5-bbbc-47e7-addb-302f2e069986,authorization_first,10,0.1,0.5,1.0,0.0,177,177
Q0196,ca3330c5-bbbc-47e7-addb-302f2e069986,unrestricted,3,0.0,0.0,0.0,0.0,182,177
Q0196,ca3330c5-bbbc-47e7-addb-302f2e069986,unrestricted,5,0.0,0.0,0.0,0.0,182,177
Q0196,ca3330c5-bbbc-47e7-addb-302f2e069986,unrestricted,7,0.0,0.0,0.0,0.0,182,177
Q0196,ca3330c5-bbbc-47e7-addb-302f2e069986,unrestricted,10,0.0,0.0,0.0,0.0,182,177
Q0196,ca3330c5-bbbc-47e7-addb-302f2e069986,authorization_first,3,0.0,0.0,0.0,0.0,177,177
Q0196,ca3330c5-bbbc-47e7-addb-302f2e069986,authorization_first,5,0.0,0.0,0.0,0.0,177,177
Q0196,ca3330c5-bbbc-47e7-addb-302f2e069986,authorization_first,7,0.0,0.0,0.0,0.0,177,177
Q0196,ca3330c5-bbbc-47e7-addb-302f2e069986,authorization_first,10,0.0,0.0,0.0,0.0,177,177
Q0197,ca3330c5-bbbc-47e7-addb-302f2e069986,unrestricted,3,0.0,0.0,0.0,0.0,182,177
Q0197,ca3330c5-bbbc-47e7-addb-302f2e069986,unrestricted,5,0.0,0.0,0.0,0.0,182,177
Q0197,ca3330c5-bbbc-47e7-addb-302f2e069986,unrestricted,7,0.0,0.0,0.0,0.0,182,177
Q0197,ca3330c5-bbbc-47e7-addb-302f2e069986,unrestricted,10,0.0,0.0,0.0,0.0,182,177
Q0197,ca3330c5-bbbc-47e7-addb-302f2e069986,authorization_first,3,0.0,0.0,0.0,0.0,177,177
Q0197,ca3330c5-bbbc-47e7-addb-302f2e069986,authorization_first,5,0.0,0.0,0.0,0.0,177,177
Q0197,ca3330c5-bbbc-47e7-addb-302f2e069986,authorization_first,7,0.0,0.0,0.0,0.0,177,177
Q0197,ca3330c5-bbbc-47e7-addb-302f2e069986,authorization_first,10,0.0,0.0,0.0,0.0,177,177
Q0198,ca3330c5-bbbc-47e7-addb-302f2e069986,unrestricted,3,0.0,0.0,0.0,0.0,182,177
Q0198,ca3330c5-bbbc-47e7-addb-302f2e069986,unrestricted,5,0.0,0.0,0.0,0.0,182,177
Q0198,ca3330c5-bbbc-47e7-addb-302f2e069986,unrestricted,7,0.0,0.0,0.0,0.0,182,177
Q0198,ca3330c5-bbbc-47e7-addb-302f2e069986,unrestricted,10,0.0,0.0,0.0,0.0,182,177
Q0198,ca3330c5-bbbc-47e7-addb-302f2e069986,authorization_first,3,0.0,0.0,0.0,0.0,177,177
Q0198,ca3330c5-bbbc-47e7-addb-302f2e069986,authorization_first,5,0.0,0.0,0.0,0.0,177,177
Q0198,ca3330c5-bbbc-47e7-addb-302f2e069986,authorization_first,7,0.0,0.0,0.0,0.0,177,177
Q0198,ca3330c5-bbbc-47e7-addb-302f2e069986,authorization_first,10,0.0,0.0,0.0,0.0,177,177
Q0199,ca3330c5-bbbc-47e7-addb-302f2e069986,unrestricted,3,0.0,0.0,0.0,0.0,182,177
Q0199,ca3330c5-bbbc-47e7-addb-302f2e069986,unrestricted,5,0.0,0.0,0.0,0.0,182,177
Q0199,ca3330c5-bbbc-47e7-addb-302f2e069986,unrestricted,7,0.0,0.0,0.0,0.0,182,177
Q0199,ca3330c5-bbbc-47e7-addb-302f2e069986,unrestricted,10,0.0,0.0,0.0,0.0,182,177
Q0199,ca3330c5-bbbc-47e7-addb-302f2e069986,authorization_first,3,0.0,0.0,0.0,0.0,177,177
Q0199,ca3330c5-bbbc-47e7-addb-302f2e069986,authorization_first,5,0.0,0.0,0.0,0.0,177,177
Q0199,ca3330c5-bbbc-47e7-addb-302f2e069986,authorization_first,7,0.0,0.0,0.0,0.0,177,177
Q0199,ca3330c5-bbbc-47e7-addb-302f2e069986,authorization_first,10,0.0,0.0,0.0,0.0,177,177
Q0200,ca3330c5-bbbc-47e7-addb-302f2e069986,unrestricted,3,0.0,0.0,0.0,0.0,182,177
Q0200,ca3330c5-bbbc-47e7-addb-302f2e069986,unrestricted,5,0.0,0.0,0.0,0.0,182,177
Q0200,ca3330c5-bbbc-47e7-addb-302f2e069986,unrestricted,7,0.0,0.0,0.0,0.0,182,177
Q0200,ca3330c5-bbbc-47e7-addb-302f2e069986,unrestricted,10,0.0,0.0,0.0,0.0,182,177
Q0200,ca3330c5-bbbc-47e7-addb-302f2e069986,authorization_first,3,0.0,0.0,0.0,0.0,177,177
Q0200,ca3330c5-bbbc-47e7-addb-302f2e069986,authorization_first,5,0.0,0.0,0.0,0.0,177,177
Q0200,ca3330c5-bbbc-47e7-addb-302f2e069986,authorization_first,7,0.0,0.0,0.0,0.0,177,177
Q0200,ca3330c5-bbbc-47e7-addb-302f2e069986,authorization_first,10,0.0,0.0,0.0,0.0,177,177
Q0201,b1b10f6e-e97a-426a-9581-f1a5c29b6e05,unrestricted,3,0.0,0.0,0.0,0.0,203,197
Q0201,b1b10f6e-e97a-426a-9581-f1a5c29b6e05,unrestricted,5,0.0,0.0,0.0,0.0,203,197
Q0201,b1b10f6e-e97a-426a-9581-f1a5c29b6e05,unrestricted,7,0.0,0.0,0.0,0.14285714285714285,203,197
Q0201,b1b10f6e-e97a-426a-9581-f1a5c29b6e05,unrestricted,10,0.0,0.0,0.0,0.1,203,197
Q0201,b1b10f6e-e97a-426a-9581-f1a5c29b6e05,authorization_first,3,0.0,0.0,0.0,0.0,197,197
Q0201,b1b10f6e-e97a-426a-9581-f1a5c29b6e05,authorization_first,5,0.0,0.0,0.0,0.0,197,197
Q0201,b1b10f6e-e97a-426a-9581-f1a5c29b6e05,authorization_first,7,0.0,0.0,0.0,0.0,197,197
Q0201,b1b10f6e-e97a-426a-9581-f1a5c29b6e05,authorization_first,10,0.0,0.0,0.0,0.0,197,197
Q0202,b1b10f6e-e97a-426a-9581-f1a5c29b6e05,unrestricted,3,0.0,0.0,0.0,0.3333333333333333,203,197
Q0202,b1b10f6e-e97a-426a-9581-f1a5c29b6e05,unrestricted,5,0.0,0.0,0.0,0.4,203,197
Q0202,b1b10f6e-e97a-426a-9581-f1a5c29b6e05,unrestricted,7,0.0,0.0,0.0,0.2857142857142857,203,197
Q0202,b1b10f6e-e97a-426a-9581-f1a5c29b6e05,unrestricted,10,0.0,0.0,0.0,0.2,203,197
Q0202,b1b10f6e-e97a-426a-9581-f1a5c29b6e05,authorization_first,3,0.0,0.0,0.0,0.0,197,197
Q0202,b1b10f6e-e97a-426a-9581-f1a5c29b6e05,authorization_first,5,0.0,0.0,0.0,0.0,197,197
Q0202,b1b10f6e-e97a-426a-9581-f1a5c29b6e05,authorization_first,7,0.0,0.0,0.0,0.0,197,197
Q0202,b1b10f6e-e97a-426a-9581-f1a5c29b6e05,authorization_first,10,0.0,0.0,0.0,0.0,197,197
Q0203,b1b10f6e-e97a-426a-9581-f1a5c29b6e05,unrestricted,3,0.0,0.0,0.0,0.3333333333333333,203,197
Q0203,b1b10f6e-e97a-426a-9581-f1a5c29b6e05,unrestricted,5,0.0,0.0,0.0,0.4,203,197
Q0203,b1b10f6e-e97a-426a-9581-f1a5c29b6e05,unrestricted,7,0.0,0.0,0.0,0.2857142857142857,203,197
Q0203,b1b10f6e-e97a-426a-9581-f1a5c29b6e05,unrestricted,10,0.0,0.0,0.0,0.2,203,197
Q0203,b1b10f6e-e97a-426a-9581-f1a5c29b6e05,authorization_first,3,0.0,0.0,0.0,0.0,197,197
Q0203,b1b10f6e-e97a-426a-9581-f1a5c29b6e05,authorization_first,5,0.0,0.0,0.0,0.0,197,197
Q0203,b1b10f6e-e97a-426a-9581-f1a5c29b6e05,authorization_first,7,0.0,0.0,0.0,0.0,197,197
Q0203,b1b10f6e-e97a-426a-9581-f1a5c29b6e05,authorization_first,10,0.0,0.0,0.0,0.0,197,197
Q0204,b1b10f6e-e97a-426a-9581-f1a5c29b6e05,unrestricted,3,0.0,0.0,0.0,0.0,203,197
Q0204,b1b10f6e-e97a-426a-9581-f1a5c29b6e05,unrestricted,5,0.0,0.0,0.0,0.0,203,197
Q0204,b1b10f6e-e97a-426a-9581-f1a5c29b6e05,unrestricted,7,0.0,0.0,0.0,0.14285714285714285,203,197
Q0204,b1b10f6e-e97a-426a-9581-f1a5c29b6e05,unrestricted,10,0.0,0.0,0.0,0.1,203,197
Q0204,b1b10f6e-e97a-426a-9581-f1a5c29b6e05,authorization_first,3,0.0,0.0,0.0,0.0,197,197
Q0204,b1b10f6e-e97a-426a-9581-f1a5c29b6e05,authorization_first,5,0.0,0.0,0.0,0.0,197,197
Q0204,b1b10f6e-e97a-426a-9581-f1a5c29b6e05,authorization_first,7,0.0,0.0,0.0,0.0,197,197
Q0204,b1b10f6e-e97a-426a-9581-f1a5c29b6e05,authorization_first,10,0.0,0.0,0.0,0.0,197,197
Q0205,b1b10f6e-e97a-426a-9581-f1a5c29b6e05,unrestricted,3,0.0,0.0,0.0,0.3333333333333333,203,197
Q0205,b1b10f6e-e97a-426a-9581-f1a5c29b6e05,unrestricted,5,0.0,0.0,0.0,0.4,203,197
Q0205,b1b10f6e-e97a-426a-9581-f1a5c29b6e05,unrestricted,7,0.0,0.0,0.0,0.2857142857142857,203,197
Q0205,b1b10f6e-e97a-426a-9581-f1a5c29b6e05,unrestricted,10,0.0,0.0,0.0,0.2,203,197
Q0205,b1b10f6e-e97a-426a-9581-f1a5c29b6e05,authorization_first,3,0.0,0.0,0.0,0.0,197,197
Q0205,b1b10f6e-e97a-426a-9581-f1a5c29b6e05,authorization_first,5,0.0,0.0,0.0,0.0,197,197
Q0205,b1b10f6e-e97a-426a-9581-f1a5c29b6e05,authorization_first,7,0.0,0.0,0.0,0.0,197,197
Q0205,b1b10f6e-e97a-426a-9581-f1a5c29b6e05,authorization_first,10,0.0,0.0,0.0,0.0,197,197
Q0206,b1b10f6e-e97a-426a-9581-f1a5c29b6e05,unrestricted,3,0.0,0.0,0.0,0.3333333333333333,203,197
Q0206,b1b10f6e-e97a-426a-9581-f1a5c29b6e05,unrestricted,5,0.0,0.0,0.0,0.4,203,197
Q0206,b1b10f6e-e97a-426a-9581-f1a5c29b6e05,unrestricted,7,0.0,0.0,0.0,0.2857142857142857,203,197
Q0206,b1b10f6e-e97a-426a-9581-f1a5c29b6e05,unrestricted,10,0.0,0.0,0.0,0.2,203,197
Q0206,b1b10f6e-e97a-426a-9581-f1a5c29b6e05,authorization_first,3,0.0,0.0,0.0,0.0,197,197
Q0206,b1b10f6e-e97a-426a-9581-f1a5c29b6e05,authorization_first,5,0.0,0.0,0.0,0.0,197,197
Q0206,b1b10f6e-e97a-426a-9581-f1a5c29b6e05,authorization_first,7,0.0,0.0,0.0,0.0,197,197
Q0206,b1b10f6e-e97a-426a-9581-f1a5c29b6e05,authorization_first,10,0.0,0.0,0.0,0.0,197,197
Q0207,b1b10f6e-e97a-426a-9581-f1a5c29b6e05,unrestricted,3,0.0,0.0,0.0,0.3333333333333333,203,197
Q0207,b1b10f6e-e97a-426a-9581-f1a5c29b6e05,unrestricted,5,0.0,0.0,0.0,0.4,203,197
Q0207,b1b10f6e-e97a-426a-9581-f1a5c29b6e05,unrestricted,7,0.0,0.0,0.0,0.2857142857142857,203,197
Q0207,b1b10f6e-e97a-426a-9581-f1a5c29b6e05,unrestricted,10,0.0,0.0,0.0,0.2,203,197
Q0207,b1b10f6e-e97a-426a-9581-f1a5c29b6e05,authorization_first,3,0.0,0.0,0.0,0.0,197,197
Q0207,b1b10f6e-e97a-426a-9581-f1a5c29b6e05,authorization_first,5,0.0,0.0,0.0,0.0,197,197
Q0207,b1b10f6e-e97a-426a-9581-f1a5c29b6e05,authorization_first,7,0.0,0.0,0.0,0.0,197,197
Q0207,b1b10f6e-e97a-426a-9581-f1a5c29b6e05,authorization_first,10,0.0,0.0,0.0,0.0,197,197
Q0208,b1b10f6e-e97a-426a-9581-f1a5c29b6e05,unrestricted,3,0.0,0.0,0.0,0.0,203,197
Q0208,b1b10f6e-e97a-426a-9581-f1a5c29b6e05,unrestricted,5,0.0,0.0,0.0,0.0,203,197
Q0208,b1b10f6e-e97a-426a-9581-f1a5c29b6e05,unrestricted,7,0.0,0.0,0.0,0.14285714285714285,203,197
Q0208,b1b10f6e-e97a-426a-9581-f1a5c29b6e05,unrestricted,10,0.0,0.0,0.0,0.1,203,197
Q0208,b1b10f6e-e97a-426a-9581-f1a5c29b6e05,authorization_first,3,0.0,0.0,0.0,0.0,197,197
Q0208,b1b10f6e-e97a-426a-9581-f1a5c29b6e05,authorization_first,5,0.0,0.0,0.0,0.0,197,197
Q0208,b1b10f6e-e97a-426a-9581-f1a5c29b6e05,authorization_first,7,0.0,0.0,0.0,0.0,197,197
Q0208,b1b10f6e-e97a-426a-9581-f1a5c29b6e05,authorization_first,10,0.0,0.0,0.0,0.0,197,197
Q0209,b1b10f6e-e97a-426a-9581-f1a5c29b6e05,unrestricted,3,0.0,0.0,0.0,0.3333333333333333,203,197
Q0209,b1b10f6e-e97a-426a-9581-f1a5c29b6e05,unrestricted,5,0.0,0.0,0.0,0.4,203,197
Q0209,b1b10f6e-e97a-426a-9581-f1a5c29b6e05,unrestricted,7,0.0,0.0,0.0,0.2857142857142857,203,197
Q0209,b1b10f6e-e97a-426a-9581-f1a5c29b6e05,unrestricted,10,0.0,0.0,0.0,0.2,203,197
Q0209,b1b10f6e-e97a-426a-9581-f1a5c29b6e05,authorization_first,3,0.0,0.0,0.0,0.0,197,197
Q0209,b1b10f6e-e97a-426a-9581-f1a5c29b6e05,authorization_first,5,0.0,0.0,0.0,0.0,197,197
Q0209,b1b10f6e-e97a-426a-9581-f1a5c29b6e05,authorization_first,7,0.0,0.0,0.0,0.0,197,197
Q0209,b1b10f6e-e97a-426a-9581-f1a5c29b6e05,authorization_first,10,0.0,0.0,0.0,0.0,197,197
Q0210,b1b10f6e-e97a-426a-9581-f1a5c29b6e05,unrestricted,3,0.0,0.0,0.0,0.0,203,197
Q0210,b1b10f6e-e97a-426a-9581-f1a5c29b6e05,unrestricted,5,0.0,0.0,0.0,0.0,203,197
Q0210,b1b10f6e-e97a-426a-9581-f1a5c29b6e05,unrestricted,7,0.0,0.0,0.0,0.14285714285714285,203,197
Q0210,b1b10f6e-e97a-426a-9581-f1a5c29b6e05,unrestricted,10,0.0,0.0,0.0,0.1,203,197
Q0210,b1b10f6e-e97a-426a-9581-f1a5c29b6e05,authorization_first,3,0.0,0.0,0.0,0.0,197,197
Q0210,b1b10f6e-e97a-426a-9581-f1a5c29b6e05,authorization_first,5,0.0,0.0,0.0,0.0,197,197
Q0210,b1b10f6e-e97a-426a-9581-f1a5c29b6e05,authorization_first,7,0.0,0.0,0.0,0.0,197,197
Q0210,b1b10f6e-e97a-426a-9581-f1a5c29b6e05,authorization_first,10,0.0,0.0,0.0,0.0,197,197
Q0211,df7c1d66-eac2-49bd-9d12-ee17e8758f68,unrestricted,3,0.0,0.0,0.0,0.0,331,306
Q0211,df7c1d66-eac2-49bd-9d12-ee17e8758f68,unrestricted,5,0.0,0.0,0.0,0.0,331,306
Q0211,df7c1d66-eac2-49bd-9d12-ee17e8758f68,unrestricted,7,0.0,0.0,0.0,0.0,331,306
Q0211,df7c1d66-eac2-49bd-9d12-ee17e8758f68,unrestricted,10,0.0,0.0,0.0,0.0,331,306
Q0211,df7c1d66-eac2-49bd-9d12-ee17e8758f68,authorization_first,3,0.0,0.0,0.0,0.0,306,306
Q0211,df7c1d66-eac2-49bd-9d12-ee17e8758f68,authorization_first,5,0.0,0.0,0.0,0.0,306,306
Q0211,df7c1d66-eac2-49bd-9d12-ee17e8758f68,authorization_first,7,0.0,0.0,0.0,0.0,306,306
Q0211,df7c1d66-eac2-49bd-9d12-ee17e8758f68,authorization_first,10,0.0,0.0,0.0,0.0,306,306
Q0212,df7c1d66-eac2-49bd-9d12-ee17e8758f68,unrestricted,3,0.3333333333333333,0.045454545454545456,0.5,0.0,331,306
Q0212,df7c1d66-eac2-49bd-9d12-ee17e8758f68,unrestricted,5,0.2,0.045454545454545456,0.5,0.0,331,306
Q0212,df7c1d66-eac2-49bd-9d12-ee17e8758f68,unrestricted,7,0.2857142857142857,0.09090909090909091,0.5,0.0,331,306
Q0212,df7c1d66-eac2-49bd-9d12-ee17e8758f68,unrestricted,10,0.2,0.09090909090909091,0.5,0.0,331,306
Q0212,df7c1d66-eac2-49bd-9d12-ee17e8758f68,authorization_first,3,0.3333333333333333,0.045454545454545456,0.5,0.0,306,306
Q0212,df7c1d66-eac2-49bd-9d12-ee17e8758f68,authorization_first,5,0.2,0.045454545454545456,0.5,0.0,306,306
Q0212,df7c1d66-eac2-49bd-9d12-ee17e8758f68,authorization_first,7,0.2857142857142857,0.09090909090909091,0.5,0.0,306,306
Q0212,df7c1d66-eac2-49bd-9d12-ee17e8758f68,authorization_first,10,0.2,0.09090909090909091,0.5,0.0,306,306
Q0213,df7c1d66-eac2-49bd-9d12-ee17e8758f68,unrestricted,3,0.0,0.0,0.0,0.0,331,306
Q0213,df7c1d66-eac2-49bd-9d12-ee17e8758f68,unrestricted,5,0.0,0.0,0.0,0.0,331,306
Q0213,df7c1d66-eac2-49bd-9d12-ee17e8758f68,unrestricted,7,0.0,0.0,0.0,0.0,331,306
Q0213,df7c1d66-eac2-49bd-9d12-ee17e8758f68,unrestricted,10,0.0,0.0,0.0,0.0,331,306
Q0213,df7c1d66-eac2-49bd-9d12-ee17e8758f68,authorization_first,3,0.0,0.0,0.0,0.0,306,306
Q0213,df7c1d66-eac2-49bd-9d12-ee17e8758f68,authorization_first,5,0.0,0.0,0.0,0.0,306,306
Q0213,df7c1d66-eac2-49bd-9d12-ee17e8758f68,authorization_first,7,0.0,0.0,0.0,0.0,306,306
Q0213,df7c1d66-eac2-49bd-9d12-ee17e8758f68,authorization_first,10,0.0,0.0,0.0,0.0,306,306
Q0214,df7c1d66-eac2-49bd-9d12-ee17e8758f68,unrestricted,3,0.0,0.0,0.0,0.0,331,306
Q0214,df7c1d66-eac2-49bd-9d12-ee17e8758f68,unrestricted,5,0.0,0.0,0.0,0.0,331,306
Q0214,df7c1d66-eac2-49bd-9d12-ee17e8758f68,unrestricted,7,0.0,0.0,0.0,0.0,331,306
Q0214,df7c1d66-eac2-49bd-9d12-ee17e8758f68,unrestricted,10,0.0,0.0,0.0,0.0,331,306
Q0214,df7c1d66-eac2-49bd-9d12-ee17e8758f68,authorization_first,3,0.0,0.0,0.0,0.0,306,306
Q0214,df7c1d66-eac2-49bd-9d12-ee17e8758f68,authorization_first,5,0.0,0.0,0.0,0.0,306,306
Q0214,df7c1d66-eac2-49bd-9d12-ee17e8758f68,authorization_first,7,0.0,0.0,0.0,0.0,306,306
Q0214,df7c1d66-eac2-49bd-9d12-ee17e8758f68,authorization_first,10,0.0,0.0,0.0,0.0,306,306
Q0215,df7c1d66-eac2-49bd-9d12-ee17e8758f68,unrestricted,3,0.0,0.0,0.0,0.0,331,306
Q0215,df7c1d66-eac2-49bd-9d12-ee17e8758f68,unrestricted,5,0.0,0.0,0.0,0.0,331,306
Q0215,df7c1d66-eac2-49bd-9d12-ee17e8758f68,unrestricted,7,0.0,0.0,0.0,0.0,331,306
Q0215,df7c1d66-eac2-49bd-9d12-ee17e8758f68,unrestricted,10,0.1,0.5,0.1,0.0,331,306
Q0215,df7c1d66-eac2-49bd-9d12-ee17e8758f68,authorization_first,3,0.0,0.0,0.0,0.0,306,306
Q0215,df7c1d66-eac2-49bd-9d12-ee17e8758f68,authorization_first,5,0.0,0.0,0.0,0.0,306,306
Q0215,df7c1d66-eac2-49bd-9d12-ee17e8758f68,authorization_first,7,0.0,0.0,0.0,0.0,306,306
Q0215,df7c1d66-eac2-49bd-9d12-ee17e8758f68,authorization_first,10,0.1,0.5,0.1,0.0,306,306
Q0216,df7c1d66-eac2-49bd-9d12-ee17e8758f68,unrestricted,3,0.0,0.0,0.0,0.0,331,306
Q0216,df7c1d66-eac2-49bd-9d12-ee17e8758f68,unrestricted,5,0.0,0.0,0.0,0.0,331,306
Q0216,df7c1d66-eac2-49bd-9d12-ee17e8758f68,unrestricted,7,0.0,0.0,0.0,0.0,331,306
Q0216,df7c1d66-eac2-49bd-9d12-ee17e8758f68,unrestricted,10,0.0,0.0,0.0,0.0,331,306
Q0216,df7c1d66-eac2-49bd-9d12-ee17e8758f68,authorization_first,3,0.0,0.0,0.0,0.0,306,306
Q0216,df7c1d66-eac2-49bd-9d12-ee17e8758f68,authorization_first,5,0.0,0.0,0.0,0.0,306,306
Q0216,df7c1d66-eac2-49bd-9d12-ee17e8758f68,authorization_first,7,0.0,0.0,0.0,0.0,306,306
Q0216,df7c1d66-eac2-49bd-9d12-ee17e8758f68,authorization_first,10,0.0,0.0,0.0,0.0,306,306
Q0217,df7c1d66-eac2-49bd-9d12-ee17e8758f68,unrestricted,3,0.0,0.0,0.0,0.0,331,306
Q0217,df7c1d66-eac2-49bd-9d12-ee17e8758f68,unrestricted,5,0.0,0.0,0.0,0.0,331,306
Q0217,df7c1d66-eac2-49bd-9d12-ee17e8758f68,unrestricted,7,0.0,0.0,0.0,0.0,331,306
Q0217,df7c1d66-eac2-49bd-9d12-ee17e8758f68,unrestricted,10,0.0,0.0,0.0,0.0,331,306
Q0217,df7c1d66-eac2-49bd-9d12-ee17e8758f68,authorization_first,3,0.0,0.0,0.0,0.0,306,306
Q0217,df7c1d66-eac2-49bd-9d12-ee17e8758f68,authorization_first,5,0.0,0.0,0.0,0.0,306,306
Q0217,df7c1d66-eac2-49bd-9d12-ee17e8758f68,authorization_first,7,0.0,0.0,0.0,0.0,306,306
Q0217,df7c1d66-eac2-49bd-9d12-ee17e8758f68,authorization_first,10,0.0,0.0,0.0,0.0,306,306
Q0218,df7c1d66-eac2-49bd-9d12-ee17e8758f68,unrestricted,3,0.0,0.0,0.0,0.0,331,306
Q0218,df7c1d66-eac2-49bd-9d12-ee17e8758f68,unrestricted,5,0.0,0.0,0.0,0.0,331,306
Q0218,df7c1d66-eac2-49bd-9d12-ee17e8758f68,unrestricted,7,0.0,0.0,0.0,0.0,331,306
Q0218,df7c1d66-eac2-49bd-9d12-ee17e8758f68,unrestricted,10,0.0,0.0,0.0,0.0,331,306
Q0218,df7c1d66-eac2-49bd-9d12-ee17e8758f68,authorization_first,3,0.0,0.0,0.0,0.0,306,306
Q0218,df7c1d66-eac2-49bd-9d12-ee17e8758f68,authorization_first,5,0.0,0.0,0.0,0.0,306,306
Q0218,df7c1d66-eac2-49bd-9d12-ee17e8758f68,authorization_first,7,0.0,0.0,0.0,0.0,306,306
Q0218,df7c1d66-eac2-49bd-9d12-ee17e8758f68,authorization_first,10,0.0,0.0,0.0,0.0,306,306
Q0219,df7c1d66-eac2-49bd-9d12-ee17e8758f68,unrestricted,3,0.0,0.0,0.0,0.0,331,306
Q0219,df7c1d66-eac2-49bd-9d12-ee17e8758f68,unrestricted,5,0.0,0.0,0.0,0.0,331,306
Q0219,df7c1d66-eac2-49bd-9d12-ee17e8758f68,unrestricted,7,0.0,0.0,0.0,0.0,331,306
Q0219,df7c1d66-eac2-49bd-9d12-ee17e8758f68,unrestricted,10,0.0,0.0,0.0,0.0,331,306
Q0219,df7c1d66-eac2-49bd-9d12-ee17e8758f68,authorization_first,3,0.0,0.0,0.0,0.0,306,306
Q0219,df7c1d66-eac2-49bd-9d12-ee17e8758f68,authorization_first,5,0.0,0.0,0.0,0.0,306,306
Q0219,df7c1d66-eac2-49bd-9d12-ee17e8758f68,authorization_first,7,0.0,0.0,0.0,0.0,306,306
Q0219,df7c1d66-eac2-49bd-9d12-ee17e8758f68,authorization_first,10,0.0,0.0,0.0,0.0,306,306
Q0220,df7c1d66-eac2-49bd-9d12-ee17e8758f68,unrestricted,3,0.0,0.0,0.0,0.0,331,306
Q0220,df7c1d66-eac2-49bd-9d12-ee17e8758f68,unrestricted,5,0.0,0.0,0.0,0.0,331,306
Q0220,df7c1d66-eac2-49bd-9d12-ee17e8758f68,unrestricted,7,0.0,0.0,0.0,0.0,331,306
Q0220,df7c1d66-eac2-49bd-9d12-ee17e8758f68,unrestricted,10,0.0,0.0,0.0,0.0,331,306
Q0220,df7c1d66-eac2-49bd-9d12-ee17e8758f68,authorization_first,3,0.0,0.0,0.0,0.0,306,306
Q0220,df7c1d66-eac2-49bd-9d12-ee17e8758f68,authorization_first,5,0.0,0.0,0.0,0.0,306,306
Q0220,df7c1d66-eac2-49bd-9d12-ee17e8758f68,authorization_first,7,0.0,0.0,0.0,0.0,306,306
Q0220,df7c1d66-eac2-49bd-9d12-ee17e8758f68,authorization_first,10,0.0,0.0,0.0,0.0,306,306
Q0221,9ab883b3-d1dd-4120-b19c-e78d3ea8c25c,unrestricted,3,0.0,0.0,0.0,0.0,196,183
Q0221,9ab883b3-d1dd-4120-b19c-e78d3ea8c25c,unrestricted,5,0.0,0.0,0.0,0.0,196,183
Q0221,9ab883b3-d1dd-4120-b19c-e78d3ea8c25c,unrestricted,7,0.0,0.0,0.0,0.0,196,183
Q0221,9ab883b3-d1dd-4120-b19c-e78d3ea8c25c,unrestricted,10,0.0,0.0,0.0,0.0,196,183
Q0221,9ab883b3-d1dd-4120-b19c-e78d3ea8c25c,authorization_first,3,0.0,0.0,0.0,0.0,183,183
Q0221,9ab883b3-d1dd-4120-b19c-e78d3ea8c25c,authorization_first,5,0.0,0.0,0.0,0.0,183,183
Q0221,9ab883b3-d1dd-4120-b19c-e78d3ea8c25c,authorization_first,7,0.0,0.0,0.0,0.0,183,183
Q0221,9ab883b3-d1dd-4120-b19c-e78d3ea8c25c,authorization_first,10,0.0,0.0,0.0,0.0,183,183
Q0222,9ab883b3-d1dd-4120-b19c-e78d3ea8c25c,unrestricted,3,0.0,0.0,0.0,0.0,196,183
Q0222,9ab883b3-d1dd-4120-b19c-e78d3ea8c25c,unrestricted,5,0.0,0.0,0.0,0.0,196,183
Q0222,9ab883b3-d1dd-4120-b19c-e78d3ea8c25c,unrestricted,7,0.0,0.0,0.0,0.0,196,183
Q0222,9ab883b3-d1dd-4120-b19c-e78d3ea8c25c,unrestricted,10,0.0,0.0,0.0,0.0,196,183
Q0222,9ab883b3-d1dd-4120-b19c-e78d3ea8c25c,authorization_first,3,0.0,0.0,0.0,0.0,183,183
Q0222,9ab883b3-d1dd-4120-b19c-e78d3ea8c25c,authorization_first,5,0.0,0.0,0.0,0.0,183,183
Q0222,9ab883b3-d1dd-4120-b19c-e78d3ea8c25c,authorization_first,7,0.0,0.0,0.0,0.0,183,183
Q0222,9ab883b3-d1dd-4120-b19c-e78d3ea8c25c,authorization_first,10,0.0,0.0,0.0,0.0,183,183
Q0223,9ab883b3-d1dd-4120-b19c-e78d3ea8c25c,unrestricted,3,0.0,0.0,0.0,0.0,196,183
Q0223,9ab883b3-d1dd-4120-b19c-e78d3ea8c25c,unrestricted,5,0.0,0.0,0.0,0.0,196,183
Q0223,9ab883b3-d1dd-4120-b19c-e78d3ea8c25c,unrestricted,7,0.0,0.0,0.0,0.0,196,183
Q0223,9ab883b3-d1dd-4120-b19c-e78d3ea8c25c,unrestricted,10,0.0,0.0,0.0,0.0,196,183
Q0223,9ab883b3-d1dd-4120-b19c-e78d3ea8c25c,authorization_first,3,0.0,0.0,0.0,0.0,183,183
Q0223,9ab883b3-d1dd-4120-b19c-e78d3ea8c25c,authorization_first,5,0.0,0.0,0.0,0.0,183,183
Q0223,9ab883b3-d1dd-4120-b19c-e78d3ea8c25c,authorization_first,7,0.0,0.0,0.0,0.0,183,183
Q0223,9ab883b3-d1dd-4120-b19c-e78d3ea8c25c,authorization_first,10,0.0,0.0,0.0,0.0,183,183
Q0224,9ab883b3-d1dd-4120-b19c-e78d3ea8c25c,unrestricted,3,0.0,0.0,0.0,0.0,196,183
Q0224,9ab883b3-d1dd-4120-b19c-e78d3ea8c25c,unrestricted,5,0.0,0.0,0.0,0.0,196,183
Q0224,9ab883b3-d1dd-4120-b19c-e78d3ea8c25c,unrestricted,7,0.0,0.0,0.0,0.0,196,183
Q0224,9ab883b3-d1dd-4120-b19c-e78d3ea8c25c,unrestricted,10,0.0,0.0,0.0,0.0,196,183
Q0224,9ab883b3-d1dd-4120-b19c-e78d3ea8c25c,authorization_first,3,0.0,0.0,0.0,0.0,183,183
Q0224,9ab883b3-d1dd-4120-b19c-e78d3ea8c25c,authorization_first,5,0.0,0.0,0.0,0.0,183,183
Q0224,9ab883b3-d1dd-4120-b19c-e78d3ea8c25c,authorization_first,7,0.0,0.0,0.0,0.0,183,183
Q0224,9ab883b3-d1dd-4120-b19c-e78d3ea8c25c,authorization_first,10,0.0,0.0,0.0,0.0,183,183
Q0225,9ab883b3-d1dd-4120-b19c-e78d3ea8c25c,unrestricted,3,0.0,0.0,0.0,0.0,196,183
Q0225,9ab883b3-d1dd-4120-b19c-e78d3ea8c25c,unrestricted,5,0.0,0.0,0.0,0.0,196,183
Q0225,9ab883b3-d1dd-4120-b19c-e78d3ea8c25c,unrestricted,7,0.0,0.0,0.0,0.0,196,183
Q0225,9ab883b3-d1dd-4120-b19c-e78d3ea8c25c,unrestricted,10,0.0,0.0,0.0,0.0,196,183
Q0225,9ab883b3-d1dd-4120-b19c-e78d3ea8c25c,authorization_first,3,0.0,0.0,0.0,0.0,183,183
Q0225,9ab883b3-d1dd-4120-b19c-e78d3ea8c25c,authorization_first,5,0.0,0.0,0.0,0.0,183,183
Q0225,9ab883b3-d1dd-4120-b19c-e78d3ea8c25c,authorization_first,7,0.0,0.0,0.0,0.0,183,183
Q0225,9ab883b3-d1dd-4120-b19c-e78d3ea8c25c,authorization_first,10,0.0,0.0,0.0,0.0,183,183
Q0226,9ab883b3-d1dd-4120-b19c-e78d3ea8c25c,unrestricted,3,0.0,0.0,0.0,0.0,196,183
Q0226,9ab883b3-d1dd-4120-b19c-e78d3ea8c25c,unrestricted,5,0.0,0.0,0.0,0.0,196,183
Q0226,9ab883b3-d1dd-4120-b19c-e78d3ea8c25c,unrestricted,7,0.0,0.0,0.0,0.0,196,183
Q0226,9ab883b3-d1dd-4120-b19c-e78d3ea8c25c,unrestricted,10,0.0,0.0,0.0,0.0,196,183
Q0226,9ab883b3-d1dd-4120-b19c-e78d3ea8c25c,authorization_first,3,0.0,0.0,0.0,0.0,183,183
Q0226,9ab883b3-d1dd-4120-b19c-e78d3ea8c25c,authorization_first,5,0.0,0.0,0.0,0.0,183,183
Q0226,9ab883b3-d1dd-4120-b19c-e78d3ea8c25c,authorization_first,7,0.0,0.0,0.0,0.0,183,183
Q0226,9ab883b3-d1dd-4120-b19c-e78d3ea8c25c,authorization_first,10,0.0,0.0,0.0,0.0,183,183
Q0227,9ab883b3-d1dd-4120-b19c-e78d3ea8c25c,unrestricted,3,0.0,0.0,0.0,0.0,196,183
Q0227,9ab883b3-d1dd-4120-b19c-e78d3ea8c25c,unrestricted,5,0.0,0.0,0.0,0.0,196,183
Q0227,9ab883b3-d1dd-4120-b19c-e78d3ea8c25c,unrestricted,7,0.0,0.0,0.0,0.0,196,183
Q0227,9ab883b3-d1dd-4120-b19c-e78d3ea8c25c,unrestricted,10,0.0,0.0,0.0,0.0,196,183
Q0227,9ab883b3-d1dd-4120-b19c-e78d3ea8c25c,authorization_first,3,0.0,0.0,0.0,0.0,183,183
Q0227,9ab883b3-d1dd-4120-b19c-e78d3ea8c25c,authorization_first,5,0.0,0.0,0.0,0.0,183,183
Q0227,9ab883b3-d1dd-4120-b19c-e78d3ea8c25c,authorization_first,7,0.0,0.0,0.0,0.0,183,183
Q0227,9ab883b3-d1dd-4120-b19c-e78d3ea8c25c,authorization_first,10,0.0,0.0,0.0,0.0,183,183
Q0228,9ab883b3-d1dd-4120-b19c-e78d3ea8c25c,unrestricted,3,0.0,0.0,0.0,0.0,196,183
Q0228,9ab883b3-d1dd-4120-b19c-e78d3ea8c25c,unrestricted,5,0.0,0.0,0.0,0.0,196,183
Q0228,9ab883b3-d1dd-4120-b19c-e78d3ea8c25c,unrestricted,7,0.0,0.0,0.0,0.0,196,183
Q0228,9ab883b3-d1dd-4120-b19c-e78d3ea8c25c,unrestricted,10,0.0,0.0,0.0,0.0,196,183
Q0228,9ab883b3-d1dd-4120-b19c-e78d3ea8c25c,authorization_first,3,0.0,0.0,0.0,0.0,183,183
Q0228,9ab883b3-d1dd-4120-b19c-e78d3ea8c25c,authorization_first,5,0.0,0.0,0.0,0.0,183,183
Q0228,9ab883b3-d1dd-4120-b19c-e78d3ea8c25c,authorization_first,7,0.0,0.0,0.0,0.0,183,183
Q0228,9ab883b3-d1dd-4120-b19c-e78d3ea8c25c,authorization_first,10,0.0,0.0,0.0,0.0,183,183
Q0229,9ab883b3-d1dd-4120-b19c-e78d3ea8c25c,unrestricted,3,0.0,0.0,0.0,0.0,196,183
Q0229,9ab883b3-d1dd-4120-b19c-e78d3ea8c25c,unrestricted,5,0.0,0.0,0.0,0.0,196,183
Q0229,9ab883b3-d1dd-4120-b19c-e78d3ea8c25c,unrestricted,7,0.0,0.0,0.0,0.0,196,183
Q0229,9ab883b3-d1dd-4120-b19c-e78d3ea8c25c,unrestricted,10,0.0,0.0,0.0,0.0,196,183
Q0229,9ab883b3-d1dd-4120-b19c-e78d3ea8c25c,authorization_first,3,0.0,0.0,0.0,0.0,183,183
Q0229,9ab883b3-d1dd-4120-b19c-e78d3ea8c25c,authorization_first,5,0.0,0.0,0.0,0.0,183,183
Q0229,9ab883b3-d1dd-4120-b19c-e78d3ea8c25c,authorization_first,7,0.0,0.0,0.0,0.0,183,183
Q0229,9ab883b3-d1dd-4120-b19c-e78d3ea8c25c,authorization_first,10,0.0,0.0,0.0,0.0,183,183
Q0230,9ab883b3-d1dd-4120-b19c-e78d3ea8c25c,unrestricted,3,0.0,0.0,0.0,0.0,196,183
Q0230,9ab883b3-d1dd-4120-b19c-e78d3ea8c25c,unrestricted,5,0.0,0.0,0.0,0.0,196,183
Q0230,9ab883b3-d1dd-4120-b19c-e78d3ea8c25c,unrestricted,7,0.0,0.0,0.0,0.0,196,183
Q0230,9ab883b3-d1dd-4120-b19c-e78d3ea8c25c,unrestricted,10,0.0,0.0,0.0,0.0,196,183
Q0230,9ab883b3-d1dd-4120-b19c-e78d3ea8c25c,authorization_first,3,0.0,0.0,0.0,0.0,183,183
Q0230,9ab883b3-d1dd-4120-b19c-e78d3ea8c25c,authorization_first,5,0.0,0.0,0.0,0.0,183,183
Q0230,9ab883b3-d1dd-4120-b19c-e78d3ea8c25c,authorization_first,7,0.0,0.0,0.0,0.0,183,183
Q0230,9ab883b3-d1dd-4120-b19c-e78d3ea8c25c,authorization_first,10,0.0,0.0,0.0,0.0,183,183
Q0231,2a6d1e58-88eb-4be0-b6b4-59a471257c2e,unrestricted,3,0.0,0.0,0.0,0.0,201,167
Q0231,2a6d1e58-88eb-4be0-b6b4-59a471257c2e,unrestricted,5,0.0,0.0,0.0,0.0,201,167
Q0231,2a6d1e58-88eb-4be0-b6b4-59a471257c2e,unrestricted,7,0.0,0.0,0.0,0.0,201,167
Q0231,2a6d1e58-88eb-4be0-b6b4-59a471257c2e,unrestricted,10,0.0,0.0,0.0,0.1,201,167
Q0231,2a6d1e58-88eb-4be0-b6b4-59a471257c2e,authorization_first,3,0.0,0.0,0.0,0.0,167,167
Q0231,2a6d1e58-88eb-4be0-b6b4-59a471257c2e,authorization_first,5,0.0,0.0,0.0,0.0,167,167
Q0231,2a6d1e58-88eb-4be0-b6b4-59a471257c2e,authorization_first,7,0.0,0.0,0.0,0.0,167,167
Q0231,2a6d1e58-88eb-4be0-b6b4-59a471257c2e,authorization_first,10,0.0,0.0,0.0,0.0,167,167
Q0232,2a6d1e58-88eb-4be0-b6b4-59a471257c2e,unrestricted,3,0.3333333333333333,1.0,1.0,0.3333333333333333,201,167
Q0232,2a6d1e58-88eb-4be0-b6b4-59a471257c2e,unrestricted,5,0.2,1.0,1.0,0.2,201,167
Q0232,2a6d1e58-88eb-4be0-b6b4-59a471257c2e,unrestricted,7,0.14285714285714285,1.0,1.0,0.14285714285714285,201,167
Q0232,2a6d1e58-88eb-4be0-b6b4-59a471257c2e,unrestricted,10,0.1,1.0,1.0,0.1,201,167
Q0232,2a6d1e58-88eb-4be0-b6b4-59a471257c2e,authorization_first,3,0.3333333333333333,1.0,1.0,0.0,167,167
Q0232,2a6d1e58-88eb-4be0-b6b4-59a471257c2e,authorization_first,5,0.2,1.0,1.0,0.0,167,167
Q0232,2a6d1e58-88eb-4be0-b6b4-59a471257c2e,authorization_first,7,0.14285714285714285,1.0,1.0,0.0,167,167
Q0232,2a6d1e58-88eb-4be0-b6b4-59a471257c2e,authorization_first,10,0.1,1.0,1.0,0.0,167,167
Q0233,2a6d1e58-88eb-4be0-b6b4-59a471257c2e,unrestricted,3,0.3333333333333333,0.25,1.0,0.0,201,167
Q0233,2a6d1e58-88eb-4be0-b6b4-59a471257c2e,unrestricted,5,0.2,0.25,1.0,0.0,201,167
Q0233,2a6d1e58-88eb-4be0-b6b4-59a471257c2e,unrestricted,7,0.14285714285714285,0.25,1.0,0.0,201,167
Q0233,2a6d1e58-88eb-4be0-b6b4-59a471257c2e,unrestricted,10,0.1,0.25,1.0,0.1,201,167
Q0233,2a6d1e58-88eb-4be0-b6b4-59a471257c2e,authorization_first,3,0.3333333333333333,0.25,1.0,0.0,167,167
Q0233,2a6d1e58-88eb-4be0-b6b4-59a471257c2e,authorization_first,5,0.2,0.25,1.0,0.0,167,167
Q0233,2a6d1e58-88eb-4be0-b6b4-59a471257c2e,authorization_first,7,0.14285714285714285,0.25,1.0,0.0,167,167
Q0233,2a6d1e58-88eb-4be0-b6b4-59a471257c2e,authorization_first,10,0.1,0.25,1.0,0.0,167,167
Q0234,2a6d1e58-88eb-4be0-b6b4-59a471257c2e,unrestricted,3,0.6666666666666666,0.5,1.0,0.0,201,167
Q0234,2a6d1e58-88eb-4be0-b6b4-59a471257c2e,unrestricted,5,0.4,0.5,1.0,0.0,201,167
Q0234,2a6d1e58-88eb-4be0-b6b4-59a471257c2e,unrestricted,7,0.2857142857142857,0.5,1.0,0.0,201,167
Q0234,2a6d1e58-88eb-4be0-b6b4-59a471257c2e,unrestricted,10,0.2,0.5,1.0,0.1,201,167
Q0234,2a6d1e58-88eb-4be0-b6b4-59a471257c2e,authorization_first,3,0.6666666666666666,0.5,1.0,0.0,167,167
Q0234,2a6d1e58-88eb-4be0-b6b4-59a471257c2e,authorization_first,5,0.4,0.5,1.0,0.0,167,167
Q0234,2a6d1e58-88eb-4be0-b6b4-59a471257c2e,authorization_first,7,0.2857142857142857,0.5,1.0,0.0,167,167
Q0234,2a6d1e58-88eb-4be0-b6b4-59a471257c2e,authorization_first,10,0.2,0.5,1.0,0.0,167,167
Q0235,2a6d1e58-88eb-4be0-b6b4-59a471257c2e,unrestricted,3,0.0,0.0,0.0,0.0,201,167
Q0235,2a6d1e58-88eb-4be0-b6b4-59a471257c2e,unrestricted,5,0.0,0.0,0.0,0.0,201,167
Q0235,2a6d1e58-88eb-4be0-b6b4-59a471257c2e,unrestricted,7,0.0,0.0,0.0,0.0,201,167
Q0235,2a6d1e58-88eb-4be0-b6b4-59a471257c2e,unrestricted,10,0.0,0.0,0.0,0.1,201,167
Q0235,2a6d1e58-88eb-4be0-b6b4-59a471257c2e,authorization_first,3,0.0,0.0,0.0,0.0,167,167
Q0235,2a6d1e58-88eb-4be0-b6b4-59a471257c2e,authorization_first,5,0.0,0.0,0.0,0.0,167,167
Q0235,2a6d1e58-88eb-4be0-b6b4-59a471257c2e,authorization_first,7,0.0,0.0,0.0,0.0,167,167
Q0235,2a6d1e58-88eb-4be0-b6b4-59a471257c2e,authorization_first,10,0.0,0.0,0.0,0.0,167,167
Q0236,2a6d1e58-88eb-4be0-b6b4-59a471257c2e,unrestricted,3,0.3333333333333333,1.0,0.3333333333333333,0.0,201,167
Q0236,2a6d1e58-88eb-4be0-b6b4-59a471257c2e,unrestricted,5,0.2,1.0,0.3333333333333333,0.0,201,167
Q0236,2a6d1e58-88eb-4be0-b6b4-59a471257c2e,unrestricted,7,0.14285714285714285,1.0,0.3333333333333333,0.0,201,167
Q0236,2a6d1e58-88eb-4be0-b6b4-59a471257c2e,unrestricted,10,0.1,1.0,0.3333333333333333,0.1,201,167
Q0236,2a6d1e58-88eb-4be0-b6b4-59a471257c2e,authorization_first,3,0.3333333333333333,1.0,0.3333333333333333,0.0,167,167
Q0236,2a6d1e58-88eb-4be0-b6b4-59a471257c2e,authorization_first,5,0.2,1.0,0.3333333333333333,0.0,167,167
Q0236,2a6d1e58-88eb-4be0-b6b4-59a471257c2e,authorization_first,7,0.14285714285714285,1.0,0.3333333333333333,0.0,167,167
Q0236,2a6d1e58-88eb-4be0-b6b4-59a471257c2e,authorization_first,10,0.1,1.0,0.3333333333333333,0.0,167,167
Q0237,2a6d1e58-88eb-4be0-b6b4-59a471257c2e,unrestricted,3,0.0,0.0,0.0,0.0,201,167
Q0237,2a6d1e58-88eb-4be0-b6b4-59a471257c2e,unrestricted,5,0.0,0.0,0.0,0.0,201,167
Q0237,2a6d1e58-88eb-4be0-b6b4-59a471257c2e,unrestricted,7,0.0,0.0,0.0,0.0,201,167
Q0237,2a6d1e58-88eb-4be0-b6b4-59a471257c2e,unrestricted,10,0.0,0.0,0.0,0.1,201,167
Q0237,2a6d1e58-88eb-4be0-b6b4-59a471257c2e,authorization_first,3,0.0,0.0,0.0,0.0,167,167
Q0237,2a6d1e58-88eb-4be0-b6b4-59a471257c2e,authorization_first,5,0.0,0.0,0.0,0.0,167,167
Q0237,2a6d1e58-88eb-4be0-b6b4-59a471257c2e,authorization_first,7,0.0,0.0,0.0,0.0,167,167
Q0237,2a6d1e58-88eb-4be0-b6b4-59a471257c2e,authorization_first,10,0.0,0.0,0.0,0.0,167,167
Q0238,2a6d1e58-88eb-4be0-b6b4-59a471257c2e,unrestricted,3,0.0,0.0,0.0,0.0,201,167
Q0238,2a6d1e58-88eb-4be0-b6b4-59a471257c2e,unrestricted,5,0.0,0.0,0.0,0.0,201,167
Q0238,2a6d1e58-88eb-4be0-b6b4-59a471257c2e,unrestricted,7,0.0,0.0,0.0,0.0,201,167
Q0238,2a6d1e58-88eb-4be0-b6b4-59a471257c2e,unrestricted,10,0.0,0.0,0.0,0.1,201,167
Q0238,2a6d1e58-88eb-4be0-b6b4-59a471257c2e,authorization_first,3,0.0,0.0,0.0,0.0,167,167
Q0238,2a6d1e58-88eb-4be0-b6b4-59a471257c2e,authorization_first,5,0.0,0.0,0.0,0.0,167,167
Q0238,2a6d1e58-88eb-4be0-b6b4-59a471257c2e,authorization_first,7,0.0,0.0,0.0,0.0,167,167
Q0238,2a6d1e58-88eb-4be0-b6b4-59a471257c2e,authorization_first,10,0.0,0.0,0.0,0.0,167,167
Q0239,2a6d1e58-88eb-4be0-b6b4-59a471257c2e,unrestricted,3,0.3333333333333333,0.3333333333333333,1.0,0.0,201,167
Q0239,2a6d1e58-88eb-4be0-b6b4-59a471257c2e,unrestricted,5,0.2,0.3333333333333333,1.0,0.0,201,167
Q0239,2a6d1e58-88eb-4be0-b6b4-59a471257c2e,unrestricted,7,0.14285714285714285,0.3333333333333333,1.0,0.0,201,167
Q0239,2a6d1e58-88eb-4be0-b6b4-59a471257c2e,unrestricted,10,0.1,0.3333333333333333,1.0,0.1,201,167
Q0239,2a6d1e58-88eb-4be0-b6b4-59a471257c2e,authorization_first,3,0.3333333333333333,0.3333333333333333,1.0,0.0,167,167
Q0239,2a6d1e58-88eb-4be0-b6b4-59a471257c2e,authorization_first,5,0.2,0.3333333333333333,1.0,0.0,167,167
Q0239,2a6d1e58-88eb-4be0-b6b4-59a471257c2e,authorization_first,7,0.14285714285714285,0.3333333333333333,1.0,0.0,167,167
Q0239,2a6d1e58-88eb-4be0-b6b4-59a471257c2e,authorization_first,10,0.1,0.3333333333333333,1.0,0.0,167,167
Q0240,2a6d1e58-88eb-4be0-b6b4-59a471257c2e,unrestricted,3,0.3333333333333333,0.25,1.0,0.0,201,167
Q0240,2a6d1e58-88eb-4be0-b6b4-59a471257c2e,unrestricted,5,0.2,0.25,1.0,0.0,201,167
Q0240,2a6d1e58-88eb-4be0-b6b4-59a471257c2e,unrestricted,7,0.14285714285714285,0.25,1.0,0.0,201,167
Q0240,2a6d1e58-88eb-4be0-b6b4-59a471257c2e,unrestricted,10,0.2,0.5,1.0,0.1,201,167
Q0240,2a6d1e58-88eb-4be0-b6b4-59a471257c2e,authorization_first,3,0.3333333333333333,0.25,1.0,0.0,167,167
Q0240,2a6d1e58-88eb-4be0-b6b4-59a471257c2e,authorization_first,5,0.2,0.25,1.0,0.0,167,167
Q0240,2a6d1e58-88eb-4be0-b6b4-59a471257c2e,authorization_first,7,0.14285714285714285,0.25,1.0,0.0,167,167
Q0240,2a6d1e58-88eb-4be0-b6b4-59a471257c2e,authorization_first,10,0.3,0.75,1.0,0.0,167,167
Q0241,09cbb3f1-c2ed-426c-8c53-ffda77efcb08,unrestricted,3,0.0,0.0,0.0,0.0,131,130
Q0241,09cbb3f1-c2ed-426c-8c53-ffda77efcb08,unrestricted,5,0.0,0.0,0.0,0.0,131,130
Q0241,09cbb3f1-c2ed-426c-8c53-ffda77efcb08,unrestricted,7,0.0,0.0,0.0,0.0,131,130
Q0241,09cbb3f1-c2ed-426c-8c53-ffda77efcb08,unrestricted,10,0.0,0.0,0.0,0.0,131,130
Q0241,09cbb3f1-c2ed-426c-8c53-ffda77efcb08,authorization_first,3,0.0,0.0,0.0,0.0,130,130
Q0241,09cbb3f1-c2ed-426c-8c53-ffda77efcb08,authorization_first,5,0.0,0.0,0.0,0.0,130,130
Q0241,09cbb3f1-c2ed-426c-8c53-ffda77efcb08,authorization_first,7,0.0,0.0,0.0,0.0,130,130
Q0241,09cbb3f1-c2ed-426c-8c53-ffda77efcb08,authorization_first,10,0.0,0.0,0.0,0.0,130,130
Q0242,09cbb3f1-c2ed-426c-8c53-ffda77efcb08,unrestricted,3,0.3333333333333333,0.14285714285714285,1.0,0.0,131,130
Q0242,09cbb3f1-c2ed-426c-8c53-ffda77efcb08,unrestricted,5,0.4,0.2857142857142857,1.0,0.0,131,130
Q0242,09cbb3f1-c2ed-426c-8c53-ffda77efcb08,unrestricted,7,0.2857142857142857,0.2857142857142857,1.0,0.0,131,130
Q0242,09cbb3f1-c2ed-426c-8c53-ffda77efcb08,unrestricted,10,0.2,0.2857142857142857,1.0,0.0,131,130
Q0242,09cbb3f1-c2ed-426c-8c53-ffda77efcb08,authorization_first,3,0.3333333333333333,0.14285714285714285,1.0,0.0,130,130
Q0242,09cbb3f1-c2ed-426c-8c53-ffda77efcb08,authorization_first,5,0.4,0.2857142857142857,1.0,0.0,130,130
Q0242,09cbb3f1-c2ed-426c-8c53-ffda77efcb08,authorization_first,7,0.2857142857142857,0.2857142857142857,1.0,0.0,130,130
Q0242,09cbb3f1-c2ed-426c-8c53-ffda77efcb08,authorization_first,10,0.2,0.2857142857142857,1.0,0.0,130,130
Q0243,09cbb3f1-c2ed-426c-8c53-ffda77efcb08,unrestricted,3,0.0,0.0,0.0,0.0,131,130
Q0243,09cbb3f1-c2ed-426c-8c53-ffda77efcb08,unrestricted,5,0.0,0.0,0.0,0.0,131,130
Q0243,09cbb3f1-c2ed-426c-8c53-ffda77efcb08,unrestricted,7,0.0,0.0,0.0,0.0,131,130
Q0243,09cbb3f1-c2ed-426c-8c53-ffda77efcb08,unrestricted,10,0.0,0.0,0.0,0.0,131,130
Q0243,09cbb3f1-c2ed-426c-8c53-ffda77efcb08,authorization_first,3,0.0,0.0,0.0,0.0,130,130
Q0243,09cbb3f1-c2ed-426c-8c53-ffda77efcb08,authorization_first,5,0.0,0.0,0.0,0.0,130,130
Q0243,09cbb3f1-c2ed-426c-8c53-ffda77efcb08,authorization_first,7,0.0,0.0,0.0,0.0,130,130
Q0243,09cbb3f1-c2ed-426c-8c53-ffda77efcb08,authorization_first,10,0.0,0.0,0.0,0.0,130,130
Q0244,09cbb3f1-c2ed-426c-8c53-ffda77efcb08,unrestricted,3,0.3333333333333333,1.0,1.0,0.0,131,130
Q0244,09cbb3f1-c2ed-426c-8c53-ffda77efcb08,unrestricted,5,0.2,1.0,1.0,0.0,131,130
Q0244,09cbb3f1-c2ed-426c-8c53-ffda77efcb08,unrestricted,7,0.14285714285714285,1.0,1.0,0.0,131,130
Q0244,09cbb3f1-c2ed-426c-8c53-ffda77efcb08,unrestricted,10,0.1,1.0,1.0,0.0,131,130
Q0244,09cbb3f1-c2ed-426c-8c53-ffda77efcb08,authorization_first,3,0.3333333333333333,1.0,1.0,0.0,130,130
Q0244,09cbb3f1-c2ed-426c-8c53-ffda77efcb08,authorization_first,5,0.2,1.0,1.0,0.0,130,130
Q0244,09cbb3f1-c2ed-426c-8c53-ffda77efcb08,authorization_first,7,0.14285714285714285,1.0,1.0,0.0,130,130
Q0244,09cbb3f1-c2ed-426c-8c53-ffda77efcb08,authorization_first,10,0.1,1.0,1.0,0.0,130,130
Q0245,09cbb3f1-c2ed-426c-8c53-ffda77efcb08,unrestricted,3,0.3333333333333333,0.25,0.5,0.0,131,130
Q0245,09cbb3f1-c2ed-426c-8c53-ffda77efcb08,unrestricted,5,0.2,0.25,0.5,0.0,131,130
Q0245,09cbb3f1-c2ed-426c-8c53-ffda77efcb08,unrestricted,7,0.2857142857142857,0.5,0.5,0.0,131,130
Q0245,09cbb3f1-c2ed-426c-8c53-ffda77efcb08,unrestricted,10,0.2,0.5,0.5,0.0,131,130
Q0245,09cbb3f1-c2ed-426c-8c53-ffda77efcb08,authorization_first,3,0.3333333333333333,0.25,0.5,0.0,130,130
Q0245,09cbb3f1-c2ed-426c-8c53-ffda77efcb08,authorization_first,5,0.2,0.25,0.5,0.0,130,130
Q0245,09cbb3f1-c2ed-426c-8c53-ffda77efcb08,authorization_first,7,0.2857142857142857,0.5,0.5,0.0,130,130
Q0245,09cbb3f1-c2ed-426c-8c53-ffda77efcb08,authorization_first,10,0.2,0.5,0.5,0.0,130,130
Q0246,09cbb3f1-c2ed-426c-8c53-ffda77efcb08,unrestricted,3,0.0,0.0,0.0,0.0,131,130
Q0246,09cbb3f1-c2ed-426c-8c53-ffda77efcb08,unrestricted,5,0.0,0.0,0.0,0.0,131,130
Q0246,09cbb3f1-c2ed-426c-8c53-ffda77efcb08,unrestricted,7,0.0,0.0,0.0,0.0,131,130
Q0246,09cbb3f1-c2ed-426c-8c53-ffda77efcb08,unrestricted,10,0.1,1.0,0.125,0.0,131,130
Q0246,09cbb3f1-c2ed-426c-8c53-ffda77efcb08,authorization_first,3,0.0,0.0,0.0,0.0,130,130
Q0246,09cbb3f1-c2ed-426c-8c53-ffda77efcb08,authorization_first,5,0.0,0.0,0.0,0.0,130,130
Q0246,09cbb3f1-c2ed-426c-8c53-ffda77efcb08,authorization_first,7,0.0,0.0,0.0,0.0,130,130
Q0246,09cbb3f1-c2ed-426c-8c53-ffda77efcb08,authorization_first,10,0.1,1.0,0.125,0.0,130,130
Q0247,09cbb3f1-c2ed-426c-8c53-ffda77efcb08,unrestricted,3,0.3333333333333333,1.0,1.0,0.0,131,130
Q0247,09cbb3f1-c2ed-426c-8c53-ffda77efcb08,unrestricted,5,0.2,1.0,1.0,0.0,131,130
Q0247,09cbb3f1-c2ed-426c-8c53-ffda77efcb08,unrestricted,7,0.14285714285714285,1.0,1.0,0.0,131,130
Q0247,09cbb3f1-c2ed-426c-8c53-ffda77efcb08,unrestricted,10,0.1,1.0,1.0,0.0,131,130
Q0247,09cbb3f1-c2ed-426c-8c53-ffda77efcb08,authorization_first,3,0.3333333333333333,1.0,1.0,0.0,130,130
Q0247,09cbb3f1-c2ed-426c-8c53-ffda77efcb08,authorization_first,5,0.2,1.0,1.0,0.0,130,130
Q0247,09cbb3f1-c2ed-426c-8c53-ffda77efcb08,authorization_first,7,0.14285714285714285,1.0,1.0,0.0,130,130
Q0247,09cbb3f1-c2ed-426c-8c53-ffda77efcb08,authorization_first,10,0.1,1.0,1.0,0.0,130,130
Q0248,09cbb3f1-c2ed-426c-8c53-ffda77efcb08,unrestricted,3,0.3333333333333333,0.5,1.0,0.0,131,130
Q0248,09cbb3f1-c2ed-426c-8c53-ffda77efcb08,unrestricted,5,0.2,0.5,1.0,0.0,131,130
Q0248,09cbb3f1-c2ed-426c-8c53-ffda77efcb08,unrestricted,7,0.14285714285714285,0.5,1.0,0.0,131,130
Q0248,09cbb3f1-c2ed-426c-8c53-ffda77efcb08,unrestricted,10,0.1,0.5,1.0,0.0,131,130
Q0248,09cbb3f1-c2ed-426c-8c53-ffda77efcb08,authorization_first,3,0.3333333333333333,0.5,1.0,0.0,130,130
Q0248,09cbb3f1-c2ed-426c-8c53-ffda77efcb08,authorization_first,5,0.2,0.5,1.0,0.0,130,130
Q0248,09cbb3f1-c2ed-426c-8c53-ffda77efcb08,authorization_first,7,0.14285714285714285,0.5,1.0,0.0,130,130
Q0248,09cbb3f1-c2ed-426c-8c53-ffda77efcb08,authorization_first,10,0.1,0.5,1.0,0.0,130,130
Q0249,09cbb3f1-c2ed-426c-8c53-ffda77efcb08,unrestricted,3,0.0,0.0,0.0,0.0,131,130
Q0249,09cbb3f1-c2ed-426c-8c53-ffda77efcb08,unrestricted,5,0.0,0.0,0.0,0.0,131,130
Q0249,09cbb3f1-c2ed-426c-8c53-ffda77efcb08,unrestricted,7,0.0,0.0,0.0,0.0,131,130
Q0249,09cbb3f1-c2ed-426c-8c53-ffda77efcb08,unrestricted,10,0.0,0.0,0.0,0.0,131,130
Q0249,09cbb3f1-c2ed-426c-8c53-ffda77efcb08,authorization_first,3,0.0,0.0,0.0,0.0,130,130
Q0249,09cbb3f1-c2ed-426c-8c53-ffda77efcb08,authorization_first,5,0.0,0.0,0.0,0.0,130,130
Q0249,09cbb3f1-c2ed-426c-8c53-ffda77efcb08,authorization_first,7,0.0,0.0,0.0,0.0,130,130
Q0249,09cbb3f1-c2ed-426c-8c53-ffda77efcb08,authorization_first,10,0.0,0.0,0.0,0.0,130,130
Q0250,09cbb3f1-c2ed-426c-8c53-ffda77efcb08,unrestricted,3,0.0,0.0,0.0,0.0,131,130
Q0250,09cbb3f1-c2ed-426c-8c53-ffda77efcb08,unrestricted,5,0.0,0.0,0.0,0.0,131,130
Q0250,09cbb3f1-c2ed-426c-8c53-ffda77efcb08,unrestricted,7,0.0,0.0,0.0,0.0,131,130
Q0250,09cbb3f1-c2ed-426c-8c53-ffda77efcb08,unrestricted,10,0.1,1.0,0.1,0.0,131,130
Q0250,09cbb3f1-c2ed-426c-8c53-ffda77efcb08,authorization_first,3,0.0,0.0,0.0,0.0,130,130
Q0250,09cbb3f1-c2ed-426c-8c53-ffda77efcb08,authorization_first,5,0.0,0.0,0.0,0.0,130,130
Q0250,09cbb3f1-c2ed-426c-8c53-ffda77efcb08,authorization_first,7,0.0,0.0,0.0,0.0,130,130
Q0250,09cbb3f1-c2ed-426c-8c53-ffda77efcb08,authorization_first,10,0.1,1.0,0.1,0.0,130,130
Q0251,ca8803ac-66ef-4895-a8c4-290313fcee6f,unrestricted,3,0.3333333333333333,0.5,1.0,0.0,227,198
Q0251,ca8803ac-66ef-4895-a8c4-290313fcee6f,unrestricted,5,0.2,0.5,1.0,0.0,227,198
Q0251,ca8803ac-66ef-4895-a8c4-290313fcee6f,unrestricted,7,0.14285714285714285,0.5,1.0,0.0,227,198
Q0251,ca8803ac-66ef-4895-a8c4-290313fcee6f,unrestricted,10,0.1,0.5,1.0,0.0,227,198
Q0251,ca8803ac-66ef-4895-a8c4-290313fcee6f,authorization_first,3,0.3333333333333333,0.5,1.0,0.0,198,198
Q0251,ca8803ac-66ef-4895-a8c4-290313fcee6f,authorization_first,5,0.2,0.5,1.0,0.0,198,198
Q0251,ca8803ac-66ef-4895-a8c4-290313fcee6f,authorization_first,7,0.14285714285714285,0.5,1.0,0.0,198,198
Q0251,ca8803ac-66ef-4895-a8c4-290313fcee6f,authorization_first,10,0.1,0.5,1.0,0.0,198,198
Q0252,ca8803ac-66ef-4895-a8c4-290313fcee6f,unrestricted,3,0.3333333333333333,1.0,0.3333333333333333,0.0,227,198
Q0252,ca8803ac-66ef-4895-a8c4-290313fcee6f,unrestricted,5,0.2,1.0,0.3333333333333333,0.0,227,198
Q0252,ca8803ac-66ef-4895-a8c4-290313fcee6f,unrestricted,7,0.14285714285714285,1.0,0.3333333333333333,0.0,227,198
Q0252,ca8803ac-66ef-4895-a8c4-290313fcee6f,unrestricted,10,0.1,1.0,0.3333333333333333,0.0,227,198
Q0252,ca8803ac-66ef-4895-a8c4-290313fcee6f,authorization_first,3,0.3333333333333333,1.0,0.3333333333333333,0.0,198,198
Q0252,ca8803ac-66ef-4895-a8c4-290313fcee6f,authorization_first,5,0.2,1.0,0.3333333333333333,0.0,198,198
Q0252,ca8803ac-66ef-4895-a8c4-290313fcee6f,authorization_first,7,0.14285714285714285,1.0,0.3333333333333333,0.0,198,198
Q0252,ca8803ac-66ef-4895-a8c4-290313fcee6f,authorization_first,10,0.1,1.0,0.3333333333333333,0.0,198,198
Q0253,ca8803ac-66ef-4895-a8c4-290313fcee6f,unrestricted,3,0.3333333333333333,1.0,1.0,0.0,227,198
Q0253,ca8803ac-66ef-4895-a8c4-290313fcee6f,unrestricted,5,0.2,1.0,1.0,0.0,227,198
Q0253,ca8803ac-66ef-4895-a8c4-290313fcee6f,unrestricted,7,0.14285714285714285,1.0,1.0,0.0,227,198
Q0253,ca8803ac-66ef-4895-a8c4-290313fcee6f,unrestricted,10,0.1,1.0,1.0,0.0,227,198
Q0253,ca8803ac-66ef-4895-a8c4-290313fcee6f,authorization_first,3,0.3333333333333333,1.0,1.0,0.0,198,198
Q0253,ca8803ac-66ef-4895-a8c4-290313fcee6f,authorization_first,5,0.2,1.0,1.0,0.0,198,198
Q0253,ca8803ac-66ef-4895-a8c4-290313fcee6f,authorization_first,7,0.14285714285714285,1.0,1.0,0.0,198,198
Q0253,ca8803ac-66ef-4895-a8c4-290313fcee6f,authorization_first,10,0.1,1.0,1.0,0.0,198,198
Q0254,ca8803ac-66ef-4895-a8c4-290313fcee6f,unrestricted,3,0.0,0.0,0.0,0.0,227,198
Q0254,ca8803ac-66ef-4895-a8c4-290313fcee6f,unrestricted,5,0.0,0.0,0.0,0.0,227,198
Q0254,ca8803ac-66ef-4895-a8c4-290313fcee6f,unrestricted,7,0.0,0.0,0.0,0.0,227,198
Q0254,ca8803ac-66ef-4895-a8c4-290313fcee6f,unrestricted,10,0.0,0.0,0.0,0.0,227,198
Q0254,ca8803ac-66ef-4895-a8c4-290313fcee6f,authorization_first,3,0.0,0.0,0.0,0.0,198,198
Q0254,ca8803ac-66ef-4895-a8c4-290313fcee6f,authorization_first,5,0.0,0.0,0.0,0.0,198,198
Q0254,ca8803ac-66ef-4895-a8c4-290313fcee6f,authorization_first,7,0.0,0.0,0.0,0.0,198,198
Q0254,ca8803ac-66ef-4895-a8c4-290313fcee6f,authorization_first,10,0.0,0.0,0.0,0.0,198,198
Q0255,ca8803ac-66ef-4895-a8c4-290313fcee6f,unrestricted,3,0.0,0.0,0.0,0.0,227,198
Q0255,ca8803ac-66ef-4895-a8c4-290313fcee6f,unrestricted,5,0.0,0.0,0.0,0.0,227,198
Q0255,ca8803ac-66ef-4895-a8c4-290313fcee6f,unrestricted,7,0.0,0.0,0.0,0.0,227,198
Q0255,ca8803ac-66ef-4895-a8c4-290313fcee6f,unrestricted,10,0.0,0.0,0.0,0.0,227,198
Q0255,ca8803ac-66ef-4895-a8c4-290313fcee6f,authorization_first,3,0.0,0.0,0.0,0.0,198,198
Q0255,ca8803ac-66ef-4895-a8c4-290313fcee6f,authorization_first,5,0.0,0.0,0.0,0.0,198,198
Q0255,ca8803ac-66ef-4895-a8c4-290313fcee6f,authorization_first,7,0.0,0.0,0.0,0.0,198,198
Q0255,ca8803ac-66ef-4895-a8c4-290313fcee6f,authorization_first,10,0.0,0.0,0.0,0.0,198,198
Q0256,ca8803ac-66ef-4895-a8c4-290313fcee6f,unrestricted,3,0.0,0.0,0.0,0.0,227,198
Q0256,ca8803ac-66ef-4895-a8c4-290313fcee6f,unrestricted,5,0.0,0.0,0.0,0.0,227,198
Q0256,ca8803ac-66ef-4895-a8c4-290313fcee6f,unrestricted,7,0.0,0.0,0.0,0.0,227,198
Q0256,ca8803ac-66ef-4895-a8c4-290313fcee6f,unrestricted,10,0.0,0.0,0.0,0.0,227,198
Q0256,ca8803ac-66ef-4895-a8c4-290313fcee6f,authorization_first,3,0.0,0.0,0.0,0.0,198,198
Q0256,ca8803ac-66ef-4895-a8c4-290313fcee6f,authorization_first,5,0.0,0.0,0.0,0.0,198,198
Q0256,ca8803ac-66ef-4895-a8c4-290313fcee6f,authorization_first,7,0.0,0.0,0.0,0.0,198,198
Q0256,ca8803ac-66ef-4895-a8c4-290313fcee6f,authorization_first,10,0.0,0.0,0.0,0.0,198,198
Q0257,ca8803ac-66ef-4895-a8c4-290313fcee6f,unrestricted,3,0.0,0.0,0.0,0.0,227,198
Q0257,ca8803ac-66ef-4895-a8c4-290313fcee6f,unrestricted,5,0.0,0.0,0.0,0.0,227,198
Q0257,ca8803ac-66ef-4895-a8c4-290313fcee6f,unrestricted,7,0.0,0.0,0.0,0.0,227,198
Q0257,ca8803ac-66ef-4895-a8c4-290313fcee6f,unrestricted,10,0.0,0.0,0.0,0.0,227,198
Q0257,ca8803ac-66ef-4895-a8c4-290313fcee6f,authorization_first,3,0.0,0.0,0.0,0.0,198,198
Q0257,ca8803ac-66ef-4895-a8c4-290313fcee6f,authorization_first,5,0.0,0.0,0.0,0.0,198,198
Q0257,ca8803ac-66ef-4895-a8c4-290313fcee6f,authorization_first,7,0.0,0.0,0.0,0.0,198,198
Q0257,ca8803ac-66ef-4895-a8c4-290313fcee6f,authorization_first,10,0.0,0.0,0.0,0.0,198,198
Q0258,ca8803ac-66ef-4895-a8c4-290313fcee6f,unrestricted,3,0.0,0.0,0.0,0.0,227,198
Q0258,ca8803ac-66ef-4895-a8c4-290313fcee6f,unrestricted,5,0.0,0.0,0.0,0.0,227,198
Q0258,ca8803ac-66ef-4895-a8c4-290313fcee6f,unrestricted,7,0.0,0.0,0.0,0.0,227,198
Q0258,ca8803ac-66ef-4895-a8c4-290313fcee6f,unrestricted,10,0.0,0.0,0.0,0.0,227,198
Q0258,ca8803ac-66ef-4895-a8c4-290313fcee6f,authorization_first,3,0.0,0.0,0.0,0.0,198,198
Q0258,ca8803ac-66ef-4895-a8c4-290313fcee6f,authorization_first,5,0.0,0.0,0.0,0.0,198,198
Q0258,ca8803ac-66ef-4895-a8c4-290313fcee6f,authorization_first,7,0.0,0.0,0.0,0.0,198,198
Q0258,ca8803ac-66ef-4895-a8c4-290313fcee6f,authorization_first,10,0.0,0.0,0.0,0.0,198,198
Q0259,ca8803ac-66ef-4895-a8c4-290313fcee6f,unrestricted,3,0.3333333333333333,0.5,0.5,0.0,227,198
Q0259,ca8803ac-66ef-4895-a8c4-290313fcee6f,unrestricted,5,0.2,0.5,0.5,0.0,227,198
Q0259,ca8803ac-66ef-4895-a8c4-290313fcee6f,unrestricted,7,0.14285714285714285,0.5,0.5,0.0,227,198
Q0259,ca8803ac-66ef-4895-a8c4-290313fcee6f,unrestricted,10,0.1,0.5,0.5,0.0,227,198
Q0259,ca8803ac-66ef-4895-a8c4-290313fcee6f,authorization_first,3,0.3333333333333333,0.5,0.5,0.0,198,198
Q0259,ca8803ac-66ef-4895-a8c4-290313fcee6f,authorization_first,5,0.2,0.5,0.5,0.0,198,198
Q0259,ca8803ac-66ef-4895-a8c4-290313fcee6f,authorization_first,7,0.14285714285714285,0.5,0.5,0.0,198,198
Q0259,ca8803ac-66ef-4895-a8c4-290313fcee6f,authorization_first,10,0.1,0.5,0.5,0.0,198,198
Q0260,ca8803ac-66ef-4895-a8c4-290313fcee6f,unrestricted,3,0.0,0.0,0.0,0.0,227,198
Q0260,ca8803ac-66ef-4895-a8c4-290313fcee6f,unrestricted,5,0.0,0.0,0.0,0.0,227,198
Q0260,ca8803ac-66ef-4895-a8c4-290313fcee6f,unrestricted,7,0.0,0.0,0.0,0.0,227,198
Q0260,ca8803ac-66ef-4895-a8c4-290313fcee6f,unrestricted,10,0.0,0.0,0.0,0.0,227,198
Q0260,ca8803ac-66ef-4895-a8c4-290313fcee6f,authorization_first,3,0.0,0.0,0.0,0.0,198,198
Q0260,ca8803ac-66ef-4895-a8c4-290313fcee6f,authorization_first,5,0.0,0.0,0.0,0.0,198,198
Q0260,ca8803ac-66ef-4895-a8c4-290313fcee6f,authorization_first,7,0.0,0.0,0.0,0.0,198,198
Q0260,ca8803ac-66ef-4895-a8c4-290313fcee6f,authorization_first,10,0.0,0.0,0.0,0.0,198,198
Q0261,c9942738-49f3-4459-818f-8da20072ff76,unrestricted,3,0.0,0.0,0.0,0.0,130,123
Q0261,c9942738-49f3-4459-818f-8da20072ff76,unrestricted,5,0.0,0.0,0.0,0.0,130,123
Q0261,c9942738-49f3-4459-818f-8da20072ff76,unrestricted,7,0.0,0.0,0.0,0.14285714285714285,130,123
Q0261,c9942738-49f3-4459-818f-8da20072ff76,unrestricted,10,0.0,0.0,0.0,0.2,130,123
Q0261,c9942738-49f3-4459-818f-8da20072ff76,authorization_first,3,0.0,0.0,0.0,0.0,123,123
Q0261,c9942738-49f3-4459-818f-8da20072ff76,authorization_first,5,0.0,0.0,0.0,0.0,123,123
Q0261,c9942738-49f3-4459-818f-8da20072ff76,authorization_first,7,0.0,0.0,0.0,0.0,123,123
Q0261,c9942738-49f3-4459-818f-8da20072ff76,authorization_first,10,0.1,0.5,0.1,0.0,123,123
Q0262,c9942738-49f3-4459-818f-8da20072ff76,unrestricted,3,0.3333333333333333,0.5,1.0,0.0,130,123
Q0262,c9942738-49f3-4459-818f-8da20072ff76,unrestricted,5,0.2,0.5,1.0,0.0,130,123
Q0262,c9942738-49f3-4459-818f-8da20072ff76,unrestricted,7,0.14285714285714285,0.5,1.0,0.14285714285714285,130,123
Q0262,c9942738-49f3-4459-818f-8da20072ff76,unrestricted,10,0.1,0.5,1.0,0.2,130,123
Q0262,c9942738-49f3-4459-818f-8da20072ff76,authorization_first,3,0.3333333333333333,0.5,1.0,0.0,123,123
Q0262,c9942738-49f3-4459-818f-8da20072ff76,authorization_first,5,0.2,0.5,1.0,0.0,123,123
Q0262,c9942738-49f3-4459-818f-8da20072ff76,authorization_first,7,0.14285714285714285,0.5,1.0,0.0,123,123
Q0262,c9942738-49f3-4459-818f-8da20072ff76,authorization_first,10,0.1,0.5,1.0,0.0,123,123
Q0263,c9942738-49f3-4459-818f-8da20072ff76,unrestricted,3,0.0,0.0,0.0,0.3333333333333333,130,123
Q0263,c9942738-49f3-4459-818f-8da20072ff76,unrestricted,5,0.0,0.0,0.0,0.4,130,123
Q0263,c9942738-49f3-4459-818f-8da20072ff76,unrestricted,7,0.0,0.0,0.0,0.2857142857142857,130,123
Q0263,c9942738-49f3-4459-818f-8da20072ff76,unrestricted,10,0.0,0.0,0.0,0.2,130,123
Q0263,c9942738-49f3-4459-818f-8da20072ff76,authorization_first,3,0.0,0.0,0.0,0.0,123,123
Q0263,c9942738-49f3-4459-818f-8da20072ff76,authorization_first,5,0.0,0.0,0.0,0.0,123,123
Q0263,c9942738-49f3-4459-818f-8da20072ff76,authorization_first,7,0.0,0.0,0.0,0.0,123,123
Q0263,c9942738-49f3-4459-818f-8da20072ff76,authorization_first,10,0.0,0.0,0.0,0.0,123,123
Q0264,c9942738-49f3-4459-818f-8da20072ff76,unrestricted,3,0.0,0.0,0.0,0.0,130,123
Q0264,c9942738-49f3-4459-818f-8da20072ff76,unrestricted,5,0.0,0.0,0.0,0.0,130,123
Q0264,c9942738-49f3-4459-818f-8da20072ff76,unrestricted,7,0.0,0.0,0.0,0.14285714285714285,130,123
Q0264,c9942738-49f3-4459-818f-8da20072ff76,unrestricted,10,0.0,0.0,0.0,0.2,130,123
Q0264,c9942738-49f3-4459-818f-8da20072ff76,authorization_first,3,0.0,0.0,0.0,0.0,123,123
Q0264,c9942738-49f3-4459-818f-8da20072ff76,authorization_first,5,0.0,0.0,0.0,0.0,123,123
Q0264,c9942738-49f3-4459-818f-8da20072ff76,authorization_first,7,0.0,0.0,0.0,0.0,123,123
Q0264,c9942738-49f3-4459-818f-8da20072ff76,authorization_first,10,0.0,0.0,0.0,0.0,123,123
Q0265,c9942738-49f3-4459-818f-8da20072ff76,unrestricted,3,0.0,0.0,0.0,0.0,130,123
Q0265,c9942738-49f3-4459-818f-8da20072ff76,unrestricted,5,0.0,0.0,0.0,0.0,130,123
Q0265,c9942738-49f3-4459-818f-8da20072ff76,unrestricted,7,0.0,0.0,0.0,0.14285714285714285,130,123
Q0265,c9942738-49f3-4459-818f-8da20072ff76,unrestricted,10,0.0,0.0,0.0,0.2,130,123
Q0265,c9942738-49f3-4459-818f-8da20072ff76,authorization_first,3,0.0,0.0,0.0,0.0,123,123
Q0265,c9942738-49f3-4459-818f-8da20072ff76,authorization_first,5,0.0,0.0,0.0,0.0,123,123
Q0265,c9942738-49f3-4459-818f-8da20072ff76,authorization_first,7,0.0,0.0,0.0,0.0,123,123
Q0265,c9942738-49f3-4459-818f-8da20072ff76,authorization_first,10,0.0,0.0,0.0,0.0,123,123
Q0266,c9942738-49f3-4459-818f-8da20072ff76,unrestricted,3,0.0,0.0,0.0,0.0,130,123
Q0266,c9942738-49f3-4459-818f-8da20072ff76,unrestricted,5,0.0,0.0,0.0,0.0,130,123
Q0266,c9942738-49f3-4459-818f-8da20072ff76,unrestricted,7,0.0,0.0,0.0,0.14285714285714285,130,123
Q0266,c9942738-49f3-4459-818f-8da20072ff76,unrestricted,10,0.0,0.0,0.0,0.2,130,123
Q0266,c9942738-49f3-4459-818f-8da20072ff76,authorization_first,3,0.0,0.0,0.0,0.0,123,123
Q0266,c9942738-49f3-4459-818f-8da20072ff76,authorization_first,5,0.0,0.0,0.0,0.0,123,123
Q0266,c9942738-49f3-4459-818f-8da20072ff76,authorization_first,7,0.0,0.0,0.0,0.0,123,123
Q0266,c9942738-49f3-4459-818f-8da20072ff76,authorization_first,10,0.0,0.0,0.0,0.0,123,123
Q0267,c9942738-49f3-4459-818f-8da20072ff76,unrestricted,3,0.3333333333333333,0.125,1.0,0.0,130,123
Q0267,c9942738-49f3-4459-818f-8da20072ff76,unrestricted,5,0.4,0.25,1.0,0.0,130,123
Q0267,c9942738-49f3-4459-818f-8da20072ff76,unrestricted,7,0.2857142857142857,0.25,1.0,0.2857142857142857,130,123
Q0267,c9942738-49f3-4459-818f-8da20072ff76,unrestricted,10,0.2,0.25,1.0,0.2,130,123
Q0267,c9942738-49f3-4459-818f-8da20072ff76,authorization_first,3,0.3333333333333333,0.125,1.0,0.0,123,123
Q0267,c9942738-49f3-4459-818f-8da20072ff76,authorization_first,5,0.4,0.25,1.0,0.0,123,123
Q0267,c9942738-49f3-4459-818f-8da20072ff76,authorization_first,7,0.2857142857142857,0.25,1.0,0.0,123,123
Q0267,c9942738-49f3-4459-818f-8da20072ff76,authorization_first,10,0.2,0.25,1.0,0.0,123,123
Q0268,c9942738-49f3-4459-818f-8da20072ff76,unrestricted,3,0.6666666666666666,0.6666666666666666,1.0,0.3333333333333333,130,123
Q0268,c9942738-49f3-4459-818f-8da20072ff76,unrestricted,5,0.4,0.6666666666666666,1.0,0.4,130,123
Q0268,c9942738-49f3-4459-818f-8da20072ff76,unrestricted,7,0.2857142857142857,0.6666666666666666,1.0,0.2857142857142857,130,123
Q0268,c9942738-49f3-4459-818f-8da20072ff76,unrestricted,10,0.2,0.6666666666666666,1.0,0.2,130,123
Q0268,c9942738-49f3-4459-818f-8da20072ff76,authorization_first,3,0.6666666666666666,0.6666666666666666,1.0,0.0,123,123
Q0268,c9942738-49f3-4459-818f-8da20072ff76,authorization_first,5,0.4,0.6666666666666666,1.0,0.0,123,123
Q0268,c9942738-49f3-4459-818f-8da20072ff76,authorization_first,7,0.2857142857142857,0.6666666666666666,1.0,0.0,123,123
Q0268,c9942738-49f3-4459-818f-8da20072ff76,authorization_first,10,0.3,1.0,1.0,0.0,123,123
Q0269,c9942738-49f3-4459-818f-8da20072ff76,unrestricted,3,0.3333333333333333,0.25,1.0,0.0,130,123
Q0269,c9942738-49f3-4459-818f-8da20072ff76,unrestricted,5,0.2,0.25,1.0,0.0,130,123
Q0269,c9942738-49f3-4459-818f-8da20072ff76,unrestricted,7,0.14285714285714285,0.25,1.0,0.14285714285714285,130,123
Q0269,c9942738-49f3-4459-818f-8da20072ff76,unrestricted,10,0.1,0.25,1.0,0.2,130,123
Q0269,c9942738-49f3-4459-818f-8da20072ff76,authorization_first,3,0.3333333333333333,0.25,1.0,0.0,123,123
Q0269,c9942738-49f3-4459-818f-8da20072ff76,authorization_first,5,0.2,0.25,1.0,0.0,123,123
Q0269,c9942738-49f3-4459-818f-8da20072ff76,authorization_first,7,0.14285714285714285,0.25,1.0,0.0,123,123
Q0269,c9942738-49f3-4459-818f-8da20072ff76,authorization_first,10,0.1,0.25,1.0,0.0,123,123
Q0270,c9942738-49f3-4459-818f-8da20072ff76,unrestricted,3,0.0,0.0,0.0,0.0,130,123
Q0270,c9942738-49f3-4459-818f-8da20072ff76,unrestricted,5,0.0,0.0,0.0,0.0,130,123
Q0270,c9942738-49f3-4459-818f-8da20072ff76,unrestricted,7,0.0,0.0,0.0,0.14285714285714285,130,123
Q0270,c9942738-49f3-4459-818f-8da20072ff76,unrestricted,10,0.0,0.0,0.0,0.2,130,123
Q0270,c9942738-49f3-4459-818f-8da20072ff76,authorization_first,3,0.0,0.0,0.0,0.0,123,123
Q0270,c9942738-49f3-4459-818f-8da20072ff76,authorization_first,5,0.0,0.0,0.0,0.0,123,123
Q0270,c9942738-49f3-4459-818f-8da20072ff76,authorization_first,7,0.0,0.0,0.0,0.0,123,123
Q0270,c9942738-49f3-4459-818f-8da20072ff76,authorization_first,10,0.0,0.0,0.0,0.0,123,123
Q0271,668ad49e-46d7-45ec-a4b4-dab0961d180b,unrestricted,3,0.0,0.0,0.0,0.0,236,225
Q0271,668ad49e-46d7-45ec-a4b4-dab0961d180b,unrestricted,5,0.0,0.0,0.0,0.0,236,225
Q0271,668ad49e-46d7-45ec-a4b4-dab0961d180b,unrestricted,7,0.0,0.0,0.0,0.2857142857142857,236,225
Q0271,668ad49e-46d7-45ec-a4b4-dab0961d180b,unrestricted,10,0.0,0.0,0.0,0.3,236,225
Q0271,668ad49e-46d7-45ec-a4b4-dab0961d180b,authorization_first,3,0.0,0.0,0.0,0.0,225,225
Q0271,668ad49e-46d7-45ec-a4b4-dab0961d180b,authorization_first,5,0.0,0.0,0.0,0.0,225,225
Q0271,668ad49e-46d7-45ec-a4b4-dab0961d180b,authorization_first,7,0.0,0.0,0.0,0.0,225,225
Q0271,668ad49e-46d7-45ec-a4b4-dab0961d180b,authorization_first,10,0.0,0.0,0.0,0.0,225,225
Q0272,668ad49e-46d7-45ec-a4b4-dab0961d180b,unrestricted,3,0.0,0.0,0.0,0.0,236,225
Q0272,668ad49e-46d7-45ec-a4b4-dab0961d180b,unrestricted,5,0.0,0.0,0.0,0.0,236,225
Q0272,668ad49e-46d7-45ec-a4b4-dab0961d180b,unrestricted,7,0.0,0.0,0.0,0.0,236,225
Q0272,668ad49e-46d7-45ec-a4b4-dab0961d180b,unrestricted,10,0.0,0.0,0.0,0.1,236,225
Q0272,668ad49e-46d7-45ec-a4b4-dab0961d180b,authorization_first,3,0.0,0.0,0.0,0.0,225,225
Q0272,668ad49e-46d7-45ec-a4b4-dab0961d180b,authorization_first,5,0.0,0.0,0.0,0.0,225,225
Q0272,668ad49e-46d7-45ec-a4b4-dab0961d180b,authorization_first,7,0.0,0.0,0.0,0.0,225,225
Q0272,668ad49e-46d7-45ec-a4b4-dab0961d180b,authorization_first,10,0.0,0.0,0.0,0.0,225,225
Q0273,668ad49e-46d7-45ec-a4b4-dab0961d180b,unrestricted,3,0.0,0.0,0.0,0.0,236,225
Q0273,668ad49e-46d7-45ec-a4b4-dab0961d180b,unrestricted,5,0.0,0.0,0.0,0.0,236,225
Q0273,668ad49e-46d7-45ec-a4b4-dab0961d180b,unrestricted,7,0.0,0.0,0.0,0.2857142857142857,236,225
Q0273,668ad49e-46d7-45ec-a4b4-dab0961d180b,unrestricted,10,0.0,0.0,0.0,0.3,236,225
Q0273,668ad49e-46d7-45ec-a4b4-dab0961d180b,authorization_first,3,0.0,0.0,0.0,0.0,225,225
Q0273,668ad49e-46d7-45ec-a4b4-dab0961d180b,authorization_first,5,0.0,0.0,0.0,0.0,225,225
Q0273,668ad49e-46d7-45ec-a4b4-dab0961d180b,authorization_first,7,0.0,0.0,0.0,0.0,225,225
Q0273,668ad49e-46d7-45ec-a4b4-dab0961d180b,authorization_first,10,0.0,0.0,0.0,0.0,225,225
Q0274,668ad49e-46d7-45ec-a4b4-dab0961d180b,unrestricted,3,0.3333333333333333,1.0,1.0,0.0,236,225
Q0274,668ad49e-46d7-45ec-a4b4-dab0961d180b,unrestricted,5,0.2,1.0,1.0,0.0,236,225
Q0274,668ad49e-46d7-45ec-a4b4-dab0961d180b,unrestricted,7,0.14285714285714285,1.0,1.0,0.0,236,225
Q0274,668ad49e-46d7-45ec-a4b4-dab0961d180b,unrestricted,10,0.1,1.0,1.0,0.1,236,225
Q0274,668ad49e-46d7-45ec-a4b4-dab0961d180b,authorization_first,3,0.3333333333333333,1.0,1.0,0.0,225,225
Q0274,668ad49e-46d7-45ec-a4b4-dab0961d180b,authorization_first,5,0.2,1.0,1.0,0.0,225,225
Q0274,668ad49e-46d7-45ec-a4b4-dab0961d180b,authorization_first,7,0.14285714285714285,1.0,1.0,0.0,225,225
Q0274,668ad49e-46d7-45ec-a4b4-dab0961d180b,authorization_first,10,0.1,1.0,1.0,0.0,225,225
Q0275,668ad49e-46d7-45ec-a4b4-dab0961d180b,unrestricted,3,0.0,0.0,0.0,0.0,236,225
Q0275,668ad49e-46d7-45ec-a4b4-dab0961d180b,unrestricted,5,0.0,0.0,0.0,0.0,236,225
Q0275,668ad49e-46d7-45ec-a4b4-dab0961d180b,unrestricted,7,0.0,0.0,0.0,0.2857142857142857,236,225
Q0275,668ad49e-46d7-45ec-a4b4-dab0961d180b,unrestricted,10,0.0,0.0,0.0,0.3,236,225
Q0275,668ad49e-46d7-45ec-a4b4-dab0961d180b,authorization_first,3,0.0,0.0,0.0,0.0,225,225
Q0275,668ad49e-46d7-45ec-a4b4-dab0961d180b,authorization_first,5,0.0,0.0,0.0,0.0,225,225
Q0275,668ad49e-46d7-45ec-a4b4-dab0961d180b,authorization_first,7,0.0,0.0,0.0,0.0,225,225
Q0275,668ad49e-46d7-45ec-a4b4-dab0961d180b,authorization_first,10,0.0,0.0,0.0,0.0,225,225
Q0276,668ad49e-46d7-45ec-a4b4-dab0961d180b,unrestricted,3,0.0,0.0,0.0,0.0,236,225
Q0276,668ad49e-46d7-45ec-a4b4-dab0961d180b,unrestricted,5,0.0,0.0,0.0,0.0,236,225
Q0276,668ad49e-46d7-45ec-a4b4-dab0961d180b,unrestricted,7,0.0,0.0,0.0,0.2857142857142857,236,225
Q0276,668ad49e-46d7-45ec-a4b4-dab0961d180b,unrestricted,10,0.0,0.0,0.0,0.3,236,225
Q0276,668ad49e-46d7-45ec-a4b4-dab0961d180b,authorization_first,3,0.0,0.0,0.0,0.0,225,225
Q0276,668ad49e-46d7-45ec-a4b4-dab0961d180b,authorization_first,5,0.0,0.0,0.0,0.0,225,225
Q0276,668ad49e-46d7-45ec-a4b4-dab0961d180b,authorization_first,7,0.0,0.0,0.0,0.0,225,225
Q0276,668ad49e-46d7-45ec-a4b4-dab0961d180b,authorization_first,10,0.0,0.0,0.0,0.0,225,225
Q0277,668ad49e-46d7-45ec-a4b4-dab0961d180b,unrestricted,3,0.0,0.0,0.0,0.0,236,225
Q0277,668ad49e-46d7-45ec-a4b4-dab0961d180b,unrestricted,5,0.0,0.0,0.0,0.0,236,225
Q0277,668ad49e-46d7-45ec-a4b4-dab0961d180b,unrestricted,7,0.0,0.0,0.0,0.2857142857142857,236,225
Q0277,668ad49e-46d7-45ec-a4b4-dab0961d180b,unrestricted,10,0.0,0.0,0.0,0.3,236,225
Q0277,668ad49e-46d7-45ec-a4b4-dab0961d180b,authorization_first,3,0.0,0.0,0.0,0.0,225,225
Q0277,668ad49e-46d7-45ec-a4b4-dab0961d180b,authorization_first,5,0.0,0.0,0.0,0.0,225,225
Q0277,668ad49e-46d7-45ec-a4b4-dab0961d180b,authorization_first,7,0.0,0.0,0.0,0.0,225,225
Q0277,668ad49e-46d7-45ec-a4b4-dab0961d180b,authorization_first,10,0.0,0.0,0.0,0.0,225,225
Q0278,668ad49e-46d7-45ec-a4b4-dab0961d180b,unrestricted,3,0.3333333333333333,0.5,1.0,0.0,236,225
Q0278,668ad49e-46d7-45ec-a4b4-dab0961d180b,unrestricted,5,0.2,0.5,1.0,0.0,236,225
Q0278,668ad49e-46d7-45ec-a4b4-dab0961d180b,unrestricted,7,0.14285714285714285,0.5,1.0,0.2857142857142857,236,225
Q0278,668ad49e-46d7-45ec-a4b4-dab0961d180b,unrestricted,10,0.1,0.5,1.0,0.3,236,225
Q0278,668ad49e-46d7-45ec-a4b4-dab0961d180b,authorization_first,3,0.3333333333333333,0.5,1.0,0.0,225,225
Q0278,668ad49e-46d7-45ec-a4b4-dab0961d180b,authorization_first,5,0.2,0.5,1.0,0.0,225,225
Q0278,668ad49e-46d7-45ec-a4b4-dab0961d180b,authorization_first,7,0.14285714285714285,0.5,1.0,0.0,225,225
Q0278,668ad49e-46d7-45ec-a4b4-dab0961d180b,authorization_first,10,0.1,0.5,1.0,0.0,225,225
Q0279,668ad49e-46d7-45ec-a4b4-dab0961d180b,unrestricted,3,0.3333333333333333,0.1111111111111111,1.0,0.0,236,225
Q0279,668ad49e-46d7-45ec-a4b4-dab0961d180b,unrestricted,5,0.2,0.1111111111111111,1.0,0.0,236,225
Q0279,668ad49e-46d7-45ec-a4b4-dab0961d180b,unrestricted,7,0.14285714285714285,0.1111111111111111,1.0,0.0,236,225
Q0279,668ad49e-46d7-45ec-a4b4-dab0961d180b,unrestricted,10,0.1,0.1111111111111111,1.0,0.1,236,225
Q0279,668ad49e-46d7-45ec-a4b4-dab0961d180b,authorization_first,3,0.3333333333333333,0.1111111111111111,1.0,0.0,225,225
Q0279,668ad49e-46d7-45ec-a4b4-dab0961d180b,authorization_first,5,0.2,0.1111111111111111,1.0,0.0,225,225
Q0279,668ad49e-46d7-45ec-a4b4-dab0961d180b,authorization_first,7,0.14285714285714285,0.1111111111111111,1.0,0.0,225,225
Q0279,668ad49e-46d7-45ec-a4b4-dab0961d180b,authorization_first,10,0.1,0.1111111111111111,1.0,0.0,225,225
Q0280,668ad49e-46d7-45ec-a4b4-dab0961d180b,unrestricted,3,0.3333333333333333,0.5,1.0,0.0,236,225
Q0280,668ad49e-46d7-45ec-a4b4-dab0961d180b,unrestricted,5,0.2,0.5,1.0,0.0,236,225
Q0280,668ad49e-46d7-45ec-a4b4-dab0961d180b,unrestricted,7,0.14285714285714285,0.5,1.0,0.2857142857142857,236,225
Q0280,668ad49e-46d7-45ec-a4b4-dab0961d180b,unrestricted,10,0.1,0.5,1.0,0.3,236,225
Q0280,668ad49e-46d7-45ec-a4b4-dab0961d180b,authorization_first,3,0.3333333333333333,0.5,1.0,0.0,225,225
Q0280,668ad49e-46d7-45ec-a4b4-dab0961d180b,authorization_first,5,0.2,0.5,1.0,0.0,225,225
Q0280,668ad49e-46d7-45ec-a4b4-dab0961d180b,authorization_first,7,0.14285714285714285,0.5,1.0,0.0,225,225
Q0280,668ad49e-46d7-45ec-a4b4-dab0961d180b,authorization_first,10,0.1,0.5,1.0,0.0,225,225
Q0281,be8fc232-6d5c-4d97-9a1b-f9b17e06c3ff,unrestricted,3,0.0,0.0,0.0,0.0,208,175
Q0281,be8fc232-6d5c-4d97-9a1b-f9b17e06c3ff,unrestricted,5,0.2,1.0,0.25,0.0,208,175
Q0281,be8fc232-6d5c-4d97-9a1b-f9b17e06c3ff,unrestricted,7,0.14285714285714285,1.0,0.25,0.0,208,175
Q0281,be8fc232-6d5c-4d97-9a1b-f9b17e06c3ff,unrestricted,10,0.1,1.0,0.25,0.0,208,175
Q0281,be8fc232-6d5c-4d97-9a1b-f9b17e06c3ff,authorization_first,3,0.0,0.0,0.0,0.0,175,175
Q0281,be8fc232-6d5c-4d97-9a1b-f9b17e06c3ff,authorization_first,5,0.2,1.0,0.25,0.0,175,175
Q0281,be8fc232-6d5c-4d97-9a1b-f9b17e06c3ff,authorization_first,7,0.14285714285714285,1.0,0.25,0.0,175,175
Q0281,be8fc232-6d5c-4d97-9a1b-f9b17e06c3ff,authorization_first,10,0.1,1.0,0.25,0.0,175,175
Q0282,be8fc232-6d5c-4d97-9a1b-f9b17e06c3ff,unrestricted,3,0.6666666666666666,0.4,1.0,0.0,208,175
Q0282,be8fc232-6d5c-4d97-9a1b-f9b17e06c3ff,unrestricted,5,0.4,0.4,1.0,0.0,208,175
Q0282,be8fc232-6d5c-4d97-9a1b-f9b17e06c3ff,unrestricted,7,0.2857142857142857,0.4,1.0,0.0,208,175
Q0282,be8fc232-6d5c-4d97-9a1b-f9b17e06c3ff,unrestricted,10,0.2,0.4,1.0,0.0,208,175
Q0282,be8fc232-6d5c-4d97-9a1b-f9b17e06c3ff,authorization_first,3,0.6666666666666666,0.4,1.0,0.0,175,175
Q0282,be8fc232-6d5c-4d97-9a1b-f9b17e06c3ff,authorization_first,5,0.4,0.4,1.0,0.0,175,175
Q0282,be8fc232-6d5c-4d97-9a1b-f9b17e06c3ff,authorization_first,7,0.2857142857142857,0.4,1.0,0.0,175,175
Q0282,be8fc232-6d5c-4d97-9a1b-f9b17e06c3ff,authorization_first,10,0.2,0.4,1.0,0.0,175,175
Q0283,be8fc232-6d5c-4d97-9a1b-f9b17e06c3ff,unrestricted,3,0.3333333333333333,0.2,0.5,0.0,208,175
Q0283,be8fc232-6d5c-4d97-9a1b-f9b17e06c3ff,unrestricted,5,0.2,0.2,0.5,0.0,208,175
Q0283,be8fc232-6d5c-4d97-9a1b-f9b17e06c3ff,unrestricted,7,0.14285714285714285,0.2,0.5,0.0,208,175
Q0283,be8fc232-6d5c-4d97-9a1b-f9b17e06c3ff,unrestricted,10,0.1,0.2,0.5,0.0,208,175
Q0283,be8fc232-6d5c-4d97-9a1b-f9b17e06c3ff,authorization_first,3,0.3333333333333333,0.2,0.5,0.0,175,175
Q0283,be8fc232-6d5c-4d97-9a1b-f9b17e06c3ff,authorization_first,5,0.2,0.2,0.5,0.0,175,175
Q0283,be8fc232-6d5c-4d97-9a1b-f9b17e06c3ff,authorization_first,7,0.14285714285714285,0.2,0.5,0.0,175,175
Q0283,be8fc232-6d5c-4d97-9a1b-f9b17e06c3ff,authorization_first,10,0.1,0.2,0.5,0.0,175,175
Q0284,be8fc232-6d5c-4d97-9a1b-f9b17e06c3ff,unrestricted,3,0.0,0.0,0.0,0.0,208,175
Q0284,be8fc232-6d5c-4d97-9a1b-f9b17e06c3ff,unrestricted,5,0.0,0.0,0.0,0.0,208,175
Q0284,be8fc232-6d5c-4d97-9a1b-f9b17e06c3ff,unrestricted,7,0.0,0.0,0.0,0.0,208,175
Q0284,be8fc232-6d5c-4d97-9a1b-f9b17e06c3ff,unrestricted,10,0.0,0.0,0.0,0.0,208,175
Q0284,be8fc232-6d5c-4d97-9a1b-f9b17e06c3ff,authorization_first,3,0.0,0.0,0.0,0.0,175,175
Q0284,be8fc232-6d5c-4d97-9a1b-f9b17e06c3ff,authorization_first,5,0.0,0.0,0.0,0.0,175,175
Q0284,be8fc232-6d5c-4d97-9a1b-f9b17e06c3ff,authorization_first,7,0.0,0.0,0.0,0.0,175,175
Q0284,be8fc232-6d5c-4d97-9a1b-f9b17e06c3ff,authorization_first,10,0.0,0.0,0.0,0.0,175,175
Q0285,be8fc232-6d5c-4d97-9a1b-f9b17e06c3ff,unrestricted,3,0.0,0.0,0.0,0.0,208,175
Q0285,be8fc232-6d5c-4d97-9a1b-f9b17e06c3ff,unrestricted,5,0.0,0.0,0.0,0.0,208,175
Q0285,be8fc232-6d5c-4d97-9a1b-f9b17e06c3ff,unrestricted,7,0.0,0.0,0.0,0.0,208,175
Q0285,be8fc232-6d5c-4d97-9a1b-f9b17e06c3ff,unrestricted,10,0.0,0.0,0.0,0.0,208,175
Q0285,be8fc232-6d5c-4d97-9a1b-f9b17e06c3ff,authorization_first,3,0.0,0.0,0.0,0.0,175,175
Q0285,be8fc232-6d5c-4d97-9a1b-f9b17e06c3ff,authorization_first,5,0.0,0.0,0.0,0.0,175,175
Q0285,be8fc232-6d5c-4d97-9a1b-f9b17e06c3ff,authorization_first,7,0.0,0.0,0.0,0.0,175,175
Q0285,be8fc232-6d5c-4d97-9a1b-f9b17e06c3ff,authorization_first,10,0.0,0.0,0.0,0.0,175,175
Q0286,be8fc232-6d5c-4d97-9a1b-f9b17e06c3ff,unrestricted,3,0.0,0.0,0.0,0.0,208,175
Q0286,be8fc232-6d5c-4d97-9a1b-f9b17e06c3ff,unrestricted,5,0.0,0.0,0.0,0.0,208,175
Q0286,be8fc232-6d5c-4d97-9a1b-f9b17e06c3ff,unrestricted,7,0.0,0.0,0.0,0.0,208,175
Q0286,be8fc232-6d5c-4d97-9a1b-f9b17e06c3ff,unrestricted,10,0.0,0.0,0.0,0.0,208,175
Q0286,be8fc232-6d5c-4d97-9a1b-f9b17e06c3ff,authorization_first,3,0.0,0.0,0.0,0.0,175,175
Q0286,be8fc232-6d5c-4d97-9a1b-f9b17e06c3ff,authorization_first,5,0.0,0.0,0.0,0.0,175,175
Q0286,be8fc232-6d5c-4d97-9a1b-f9b17e06c3ff,authorization_first,7,0.0,0.0,0.0,0.0,175,175
Q0286,be8fc232-6d5c-4d97-9a1b-f9b17e06c3ff,authorization_first,10,0.0,0.0,0.0,0.0,175,175
Q0287,be8fc232-6d5c-4d97-9a1b-f9b17e06c3ff,unrestricted,3,0.3333333333333333,1.0,1.0,0.0,208,175
Q0287,be8fc232-6d5c-4d97-9a1b-f9b17e06c3ff,unrestricted,5,0.2,1.0,1.0,0.0,208,175
Q0287,be8fc232-6d5c-4d97-9a1b-f9b17e06c3ff,unrestricted,7,0.14285714285714285,1.0,1.0,0.0,208,175
Q0287,be8fc232-6d5c-4d97-9a1b-f9b17e06c3ff,unrestricted,10,0.1,1.0,1.0,0.0,208,175
Q0287,be8fc232-6d5c-4d97-9a1b-f9b17e06c3ff,authorization_first,3,0.3333333333333333,1.0,1.0,0.0,175,175
Q0287,be8fc232-6d5c-4d97-9a1b-f9b17e06c3ff,authorization_first,5,0.2,1.0,1.0,0.0,175,175
Q0287,be8fc232-6d5c-4d97-9a1b-f9b17e06c3ff,authorization_first,7,0.14285714285714285,1.0,1.0,0.0,175,175
Q0287,be8fc232-6d5c-4d97-9a1b-f9b17e06c3ff,authorization_first,10,0.1,1.0,1.0,0.0,175,175
Q0288,be8fc232-6d5c-4d97-9a1b-f9b17e06c3ff,unrestricted,3,0.3333333333333333,0.25,0.5,0.0,208,175
Q0288,be8fc232-6d5c-4d97-9a1b-f9b17e06c3ff,unrestricted,5,0.4,0.5,0.5,0.0,208,175
Q0288,be8fc232-6d5c-4d97-9a1b-f9b17e06c3ff,unrestricted,7,0.2857142857142857,0.5,0.5,0.0,208,175
Q0288,be8fc232-6d5c-4d97-9a1b-f9b17e06c3ff,unrestricted,10,0.2,0.5,0.5,0.0,208,175
Q0288,be8fc232-6d5c-4d97-9a1b-f9b17e06c3ff,authorization_first,3,0.3333333333333333,0.25,0.5,0.0,175,175
Q0288,be8fc232-6d5c-4d97-9a1b-f9b17e06c3ff,authorization_first,5,0.4,0.5,0.5,0.0,175,175
Q0288,be8fc232-6d5c-4d97-9a1b-f9b17e06c3ff,authorization_first,7,0.2857142857142857,0.5,0.5,0.0,175,175
Q0288,be8fc232-6d5c-4d97-9a1b-f9b17e06c3ff,authorization_first,10,0.2,0.5,0.5,0.0,175,175
Q0289,be8fc232-6d5c-4d97-9a1b-f9b17e06c3ff,unrestricted,3,0.3333333333333333,1.0,1.0,0.0,208,175
Q0289,be8fc232-6d5c-4d97-9a1b-f9b17e06c3ff,unrestricted,5,0.2,1.0,1.0,0.0,208,175
Q0289,be8fc232-6d5c-4d97-9a1b-f9b17e06c3ff,unrestricted,7,0.14285714285714285,1.0,1.0,0.0,208,175
Q0289,be8fc232-6d5c-4d97-9a1b-f9b17e06c3ff,unrestricted,10,0.1,1.0,1.0,0.0,208,175
Q0289,be8fc232-6d5c-4d97-9a1b-f9b17e06c3ff,authorization_first,3,0.3333333333333333,1.0,1.0,0.0,175,175
Q0289,be8fc232-6d5c-4d97-9a1b-f9b17e06c3ff,authorization_first,5,0.2,1.0,1.0,0.0,175,175
Q0289,be8fc232-6d5c-4d97-9a1b-f9b17e06c3ff,authorization_first,7,0.14285714285714285,1.0,1.0,0.0,175,175
Q0289,be8fc232-6d5c-4d97-9a1b-f9b17e06c3ff,authorization_first,10,0.1,1.0,1.0,0.0,175,175
Q0290,be8fc232-6d5c-4d97-9a1b-f9b17e06c3ff,unrestricted,3,0.3333333333333333,1.0,0.5,0.0,208,175
Q0290,be8fc232-6d5c-4d97-9a1b-f9b17e06c3ff,unrestricted,5,0.2,1.0,0.5,0.0,208,175
Q0290,be8fc232-6d5c-4d97-9a1b-f9b17e06c3ff,unrestricted,7,0.14285714285714285,1.0,0.5,0.0,208,175
Q0290,be8fc232-6d5c-4d97-9a1b-f9b17e06c3ff,unrestricted,10,0.1,1.0,0.5,0.0,208,175
Q0290,be8fc232-6d5c-4d97-9a1b-f9b17e06c3ff,authorization_first,3,0.3333333333333333,1.0,0.5,0.0,175,175
Q0290,be8fc232-6d5c-4d97-9a1b-f9b17e06c3ff,authorization_first,5,0.2,1.0,0.5,0.0,175,175
Q0290,be8fc232-6d5c-4d97-9a1b-f9b17e06c3ff,authorization_first,7,0.14285714285714285,1.0,0.5,0.0,175,175
Q0290,be8fc232-6d5c-4d97-9a1b-f9b17e06c3ff,authorization_first,10,0.1,1.0,0.5,0.0,175,175
Q0291,0b48619e-1602-488c-a23b-3d4937153dff,unrestricted,3,0.0,0.0,0.0,0.0,206,199
Q0291,0b48619e-1602-488c-a23b-3d4937153dff,unrestricted,5,0.0,0.0,0.0,0.0,206,199
Q0291,0b48619e-1602-488c-a23b-3d4937153dff,unrestricted,7,0.0,0.0,0.0,0.0,206,199
Q0291,0b48619e-1602-488c-a23b-3d4937153dff,unrestricted,10,0.0,0.0,0.0,0.0,206,199
Q0291,0b48619e-1602-488c-a23b-3d4937153dff,authorization_first,3,0.0,0.0,0.0,0.0,199,199
Q0291,0b48619e-1602-488c-a23b-3d4937153dff,authorization_first,5,0.0,0.0,0.0,0.0,199,199
Q0291,0b48619e-1602-488c-a23b-3d4937153dff,authorization_first,7,0.0,0.0,0.0,0.0,199,199
Q0291,0b48619e-1602-488c-a23b-3d4937153dff,authorization_first,10,0.0,0.0,0.0,0.0,199,199
Q0292,0b48619e-1602-488c-a23b-3d4937153dff,unrestricted,3,0.0,0.0,0.0,0.0,206,199
Q0292,0b48619e-1602-488c-a23b-3d4937153dff,unrestricted,5,0.0,0.0,0.0,0.0,206,199
Q0292,0b48619e-1602-488c-a23b-3d4937153dff,unrestricted,7,0.14285714285714285,0.25,0.14285714285714285,0.0,206,199
Q0292,0b48619e-1602-488c-a23b-3d4937153dff,unrestricted,10,0.1,0.25,0.14285714285714285,0.0,206,199
Q0292,0b48619e-1602-488c-a23b-3d4937153dff,authorization_first,3,0.0,0.0,0.0,0.0,199,199
Q0292,0b48619e-1602-488c-a23b-3d4937153dff,authorization_first,5,0.0,0.0,0.0,0.0,199,199
Q0292,0b48619e-1602-488c-a23b-3d4937153dff,authorization_first,7,0.14285714285714285,0.25,0.14285714285714285,0.0,199,199
Q0292,0b48619e-1602-488c-a23b-3d4937153dff,authorization_first,10,0.1,0.25,0.14285714285714285,0.0,199,199
Q0293,0b48619e-1602-488c-a23b-3d4937153dff,unrestricted,3,0.0,0.0,0.0,0.0,206,199
Q0293,0b48619e-1602-488c-a23b-3d4937153dff,unrestricted,5,0.0,0.0,0.0,0.0,206,199
Q0293,0b48619e-1602-488c-a23b-3d4937153dff,unrestricted,7,0.0,0.0,0.0,0.0,206,199
Q0293,0b48619e-1602-488c-a23b-3d4937153dff,unrestricted,10,0.0,0.0,0.0,0.0,206,199
Q0293,0b48619e-1602-488c-a23b-3d4937153dff,authorization_first,3,0.0,0.0,0.0,0.0,199,199
Q0293,0b48619e-1602-488c-a23b-3d4937153dff,authorization_first,5,0.0,0.0,0.0,0.0,199,199
Q0293,0b48619e-1602-488c-a23b-3d4937153dff,authorization_first,7,0.0,0.0,0.0,0.0,199,199
Q0293,0b48619e-1602-488c-a23b-3d4937153dff,authorization_first,10,0.0,0.0,0.0,0.0,199,199
Q0294,0b48619e-1602-488c-a23b-3d4937153dff,unrestricted,3,0.0,0.0,0.0,0.0,206,199
Q0294,0b48619e-1602-488c-a23b-3d4937153dff,unrestricted,5,0.0,0.0,0.0,0.0,206,199
Q0294,0b48619e-1602-488c-a23b-3d4937153dff,unrestricted,7,0.0,0.0,0.0,0.0,206,199
Q0294,0b48619e-1602-488c-a23b-3d4937153dff,unrestricted,10,0.0,0.0,0.0,0.0,206,199
Q0294,0b48619e-1602-488c-a23b-3d4937153dff,authorization_first,3,0.0,0.0,0.0,0.0,199,199
Q0294,0b48619e-1602-488c-a23b-3d4937153dff,authorization_first,5,0.0,0.0,0.0,0.0,199,199
Q0294,0b48619e-1602-488c-a23b-3d4937153dff,authorization_first,7,0.0,0.0,0.0,0.0,199,199
Q0294,0b48619e-1602-488c-a23b-3d4937153dff,authorization_first,10,0.0,0.0,0.0,0.0,199,199
Q0295,0b48619e-1602-488c-a23b-3d4937153dff,unrestricted,3,0.0,0.0,0.0,0.0,206,199
Q0295,0b48619e-1602-488c-a23b-3d4937153dff,unrestricted,5,0.0,0.0,0.0,0.0,206,199
Q0295,0b48619e-1602-488c-a23b-3d4937153dff,unrestricted,7,0.0,0.0,0.0,0.0,206,199
Q0295,0b48619e-1602-488c-a23b-3d4937153dff,unrestricted,10,0.0,0.0,0.0,0.0,206,199
Q0295,0b48619e-1602-488c-a23b-3d4937153dff,authorization_first,3,0.0,0.0,0.0,0.0,199,199
Q0295,0b48619e-1602-488c-a23b-3d4937153dff,authorization_first,5,0.0,0.0,0.0,0.0,199,199
Q0295,0b48619e-1602-488c-a23b-3d4937153dff,authorization_first,7,0.0,0.0,0.0,0.0,199,199
Q0295,0b48619e-1602-488c-a23b-3d4937153dff,authorization_first,10,0.0,0.0,0.0,0.0,199,199
Q0296,0b48619e-1602-488c-a23b-3d4937153dff,unrestricted,3,0.0,0.0,0.0,0.0,206,199
Q0296,0b48619e-1602-488c-a23b-3d4937153dff,unrestricted,5,0.0,0.0,0.0,0.0,206,199
Q0296,0b48619e-1602-488c-a23b-3d4937153dff,unrestricted,7,0.0,0.0,0.0,0.0,206,199
Q0296,0b48619e-1602-488c-a23b-3d4937153dff,unrestricted,10,0.0,0.0,0.0,0.0,206,199
Q0296,0b48619e-1602-488c-a23b-3d4937153dff,authorization_first,3,0.0,0.0,0.0,0.0,199,199
Q0296,0b48619e-1602-488c-a23b-3d4937153dff,authorization_first,5,0.0,0.0,0.0,0.0,199,199
Q0296,0b48619e-1602-488c-a23b-3d4937153dff,authorization_first,7,0.0,0.0,0.0,0.0,199,199
Q0296,0b48619e-1602-488c-a23b-3d4937153dff,authorization_first,10,0.0,0.0,0.0,0.0,199,199
Q0297,0b48619e-1602-488c-a23b-3d4937153dff,unrestricted,3,0.0,0.0,0.0,0.0,206,199
Q0297,0b48619e-1602-488c-a23b-3d4937153dff,unrestricted,5,0.0,0.0,0.0,0.0,206,199
Q0297,0b48619e-1602-488c-a23b-3d4937153dff,unrestricted,7,0.0,0.0,0.0,0.0,206,199
Q0297,0b48619e-1602-488c-a23b-3d4937153dff,unrestricted,10,0.0,0.0,0.0,0.0,206,199
Q0297,0b48619e-1602-488c-a23b-3d4937153dff,authorization_first,3,0.0,0.0,0.0,0.0,199,199
Q0297,0b48619e-1602-488c-a23b-3d4937153dff,authorization_first,5,0.0,0.0,0.0,0.0,199,199
Q0297,0b48619e-1602-488c-a23b-3d4937153dff,authorization_first,7,0.0,0.0,0.0,0.0,199,199
Q0297,0b48619e-1602-488c-a23b-3d4937153dff,authorization_first,10,0.0,0.0,0.0,0.0,199,199
Q0298,0b48619e-1602-488c-a23b-3d4937153dff,unrestricted,3,0.0,0.0,0.0,0.0,206,199
Q0298,0b48619e-1602-488c-a23b-3d4937153dff,unrestricted,5,0.0,0.0,0.0,0.0,206,199
Q0298,0b48619e-1602-488c-a23b-3d4937153dff,unrestricted,7,0.0,0.0,0.0,0.0,206,199
Q0298,0b48619e-1602-488c-a23b-3d4937153dff,unrestricted,10,0.0,0.0,0.0,0.0,206,199
Q0298,0b48619e-1602-488c-a23b-3d4937153dff,authorization_first,3,0.0,0.0,0.0,0.0,199,199
Q0298,0b48619e-1602-488c-a23b-3d4937153dff,authorization_first,5,0.0,0.0,0.0,0.0,199,199
Q0298,0b48619e-1602-488c-a23b-3d4937153dff,authorization_first,7,0.0,0.0,0.0,0.0,199,199
Q0298,0b48619e-1602-488c-a23b-3d4937153dff,authorization_first,10,0.0,0.0,0.0,0.0,199,199
Q0299,0b48619e-1602-488c-a23b-3d4937153dff,unrestricted,3,0.0,0.0,0.0,0.0,206,199
Q0299,0b48619e-1602-488c-a23b-3d4937153dff,unrestricted,5,0.0,0.0,0.0,0.0,206,199
Q0299,0b48619e-1602-488c-a23b-3d4937153dff,unrestricted,7,0.0,0.0,0.0,0.0,206,199
Q0299,0b48619e-1602-488c-a23b-3d4937153dff,unrestricted,10,0.0,0.0,0.0,0.0,206,199
Q0299,0b48619e-1602-488c-a23b-3d4937153dff,authorization_first,3,0.0,0.0,0.0,0.0,199,199
Q0299,0b48619e-1602-488c-a23b-3d4937153dff,authorization_first,5,0.0,0.0,0.0,0.0,199,199
Q0299,0b48619e-1602-488c-a23b-3d4937153dff,authorization_first,7,0.0,0.0,0.0,0.0,199,199
Q0299,0b48619e-1602-488c-a23b-3d4937153dff,authorization_first,10,0.0,0.0,0.0,0.0,199,199
Q0300,0b48619e-1602-488c-a23b-3d4937153dff,unrestricted,3,0.0,0.0,0.0,0.0,206,199
Q0300,0b48619e-1602-488c-a23b-3d4937153dff,unrestricted,5,0.0,0.0,0.0,0.0,206,199
Q0300,0b48619e-1602-488c-a23b-3d4937153dff,unrestricted,7,0.0,0.0,0.0,0.0,206,199
Q0300,0b48619e-1602-488c-a23b-3d4937153dff,unrestricted,10,0.0,0.0,0.0,0.0,206,199
Q0300,0b48619e-1602-488c-a23b-3d4937153dff,authorization_first,3,0.0,0.0,0.0,0.0,199,199
Q0300,0b48619e-1602-488c-a23b-3d4937153dff,authorization_first,5,0.0,0.0,0.0,0.0,199,199
Q0300,0b48619e-1602-488c-a23b-3d4937153dff,authorization_first,7,0.0,0.0,0.0,0.0,199,199
Q0300,0b48619e-1602-488c-a23b-3d4937153dff,authorization_first,10,0.0,0.0,0.0,0.0,199,199
Q0301,81e21b21-8b49-4ac1-b00d-46a7f43e46a9,unrestricted,3,0.0,0.0,0.0,0.0,132,124
Q0301,81e21b21-8b49-4ac1-b00d-46a7f43e46a9,unrestricted,5,0.0,0.0,0.0,0.0,132,124
Q0301,81e21b21-8b49-4ac1-b00d-46a7f43e46a9,unrestricted,7,0.0,0.0,0.0,0.14285714285714285,132,124
Q0301,81e21b21-8b49-4ac1-b00d-46a7f43e46a9,unrestricted,10,0.0,0.0,0.0,0.1,132,124
Q0301,81e21b21-8b49-4ac1-b00d-46a7f43e46a9,authorization_first,3,0.0,0.0,0.0,0.0,124,124
Q0301,81e21b21-8b49-4ac1-b00d-46a7f43e46a9,authorization_first,5,0.0,0.0,0.0,0.0,124,124
Q0301,81e21b21-8b49-4ac1-b00d-46a7f43e46a9,authorization_first,7,0.0,0.0,0.0,0.0,124,124
Q0301,81e21b21-8b49-4ac1-b00d-46a7f43e46a9,authorization_first,10,0.0,0.0,0.0,0.0,124,124
Q0302,81e21b21-8b49-4ac1-b00d-46a7f43e46a9,unrestricted,3,0.0,0.0,0.0,0.0,132,124
Q0302,81e21b21-8b49-4ac1-b00d-46a7f43e46a9,unrestricted,5,0.0,0.0,0.0,0.2,132,124
Q0302,81e21b21-8b49-4ac1-b00d-46a7f43e46a9,unrestricted,7,0.0,0.0,0.0,0.14285714285714285,132,124
Q0302,81e21b21-8b49-4ac1-b00d-46a7f43e46a9,unrestricted,10,0.0,0.0,0.0,0.1,132,124
Q0302,81e21b21-8b49-4ac1-b00d-46a7f43e46a9,authorization_first,3,0.0,0.0,0.0,0.0,124,124
Q0302,81e21b21-8b49-4ac1-b00d-46a7f43e46a9,authorization_first,5,0.0,0.0,0.0,0.0,124,124
Q0302,81e21b21-8b49-4ac1-b00d-46a7f43e46a9,authorization_first,7,0.0,0.0,0.0,0.0,124,124
Q0302,81e21b21-8b49-4ac1-b00d-46a7f43e46a9,authorization_first,10,0.0,0.0,0.0,0.0,124,124
Q0303,81e21b21-8b49-4ac1-b00d-46a7f43e46a9,unrestricted,3,0.3333333333333333,0.045454545454545456,0.5,0.0,132,124
Q0303,81e21b21-8b49-4ac1-b00d-46a7f43e46a9,unrestricted,5,0.4,0.09090909090909091,0.5,0.0,132,124
Q0303,81e21b21-8b49-4ac1-b00d-46a7f43e46a9,unrestricted,7,0.2857142857142857,0.09090909090909091,0.5,0.14285714285714285,132,124
Q0303,81e21b21-8b49-4ac1-b00d-46a7f43e46a9,unrestricted,10,0.2,0.09090909090909091,0.5,0.1,132,124
Q0303,81e21b21-8b49-4ac1-b00d-46a7f43e46a9,authorization_first,3,0.3333333333333333,0.045454545454545456,0.5,0.0,124,124
Q0303,81e21b21-8b49-4ac1-b00d-46a7f43e46a9,authorization_first,5,0.4,0.09090909090909091,0.5,0.0,124,124
Q0303,81e21b21-8b49-4ac1-b00d-46a7f43e46a9,authorization_first,7,0.2857142857142857,0.09090909090909091,0.5,0.0,124,124
Q0303,81e21b21-8b49-4ac1-b00d-46a7f43e46a9,authorization_first,10,0.2,0.09090909090909091,0.5,0.0,124,124
Q0304,81e21b21-8b49-4ac1-b00d-46a7f43e46a9,unrestricted,3,0.0,0.0,0.0,0.0,132,124
Q0304,81e21b21-8b49-4ac1-b00d-46a7f43e46a9,unrestricted,5,0.0,0.0,0.0,0.0,132,124
Q0304,81e21b21-8b49-4ac1-b00d-46a7f43e46a9,unrestricted,7,0.0,0.0,0.0,0.14285714285714285,132,124
Q0304,81e21b21-8b49-4ac1-b00d-46a7f43e46a9,unrestricted,10,0.0,0.0,0.0,0.1,132,124
Q0304,81e21b21-8b49-4ac1-b00d-46a7f43e46a9,authorization_first,3,0.0,0.0,0.0,0.0,124,124
Q0304,81e21b21-8b49-4ac1-b00d-46a7f43e46a9,authorization_first,5,0.0,0.0,0.0,0.0,124,124
Q0304,81e21b21-8b49-4ac1-b00d-46a7f43e46a9,authorization_first,7,0.0,0.0,0.0,0.0,124,124
Q0304,81e21b21-8b49-4ac1-b00d-46a7f43e46a9,authorization_first,10,0.0,0.0,0.0,0.0,124,124
Q0305,81e21b21-8b49-4ac1-b00d-46a7f43e46a9,unrestricted,3,0.0,0.0,0.0,0.0,132,124
Q0305,81e21b21-8b49-4ac1-b00d-46a7f43e46a9,unrestricted,5,0.0,0.0,0.0,0.0,132,124
Q0305,81e21b21-8b49-4ac1-b00d-46a7f43e46a9,unrestricted,7,0.0,0.0,0.0,0.14285714285714285,132,124
Q0305,81e21b21-8b49-4ac1-b00d-46a7f43e46a9,unrestricted,10,0.0,0.0,0.0,0.1,132,124
Q0305,81e21b21-8b49-4ac1-b00d-46a7f43e46a9,authorization_first,3,0.0,0.0,0.0,0.0,124,124
Q0305,81e21b21-8b49-4ac1-b00d-46a7f43e46a9,authorization_first,5,0.0,0.0,0.0,0.0,124,124
Q0305,81e21b21-8b49-4ac1-b00d-46a7f43e46a9,authorization_first,7,0.0,0.0,0.0,0.0,124,124
Q0305,81e21b21-8b49-4ac1-b00d-46a7f43e46a9,authorization_first,10,0.0,0.0,0.0,0.0,124,124
Q0306,81e21b21-8b49-4ac1-b00d-46a7f43e46a9,unrestricted,3,0.3333333333333333,1.0,1.0,0.0,132,124
Q0306,81e21b21-8b49-4ac1-b00d-46a7f43e46a9,unrestricted,5,0.2,1.0,1.0,0.2,132,124
Q0306,81e21b21-8b49-4ac1-b00d-46a7f43e46a9,unrestricted,7,0.14285714285714285,1.0,1.0,0.14285714285714285,132,124
Q0306,81e21b21-8b49-4ac1-b00d-46a7f43e46a9,unrestricted,10,0.1,1.0,1.0,0.1,132,124
Q0306,81e21b21-8b49-4ac1-b00d-46a7f43e46a9,authorization_first,3,0.3333333333333333,1.0,1.0,0.0,124,124
Q0306,81e21b21-8b49-4ac1-b00d-46a7f43e46a9,authorization_first,5,0.2,1.0,1.0,0.0,124,124
Q0306,81e21b21-8b49-4ac1-b00d-46a7f43e46a9,authorization_first,7,0.14285714285714285,1.0,1.0,0.0,124,124
Q0306,81e21b21-8b49-4ac1-b00d-46a7f43e46a9,authorization_first,10,0.1,1.0,1.0,0.0,124,124
Q0307,81e21b21-8b49-4ac1-b00d-46a7f43e46a9,unrestricted,3,0.3333333333333333,0.5,1.0,0.0,132,124
Q0307,81e21b21-8b49-4ac1-b00d-46a7f43e46a9,unrestricted,5,0.2,0.5,1.0,0.0,132,124
Q0307,81e21b21-8b49-4ac1-b00d-46a7f43e46a9,unrestricted,7,0.14285714285714285,0.5,1.0,0.14285714285714285,132,124
Q0307,81e21b21-8b49-4ac1-b00d-46a7f43e46a9,unrestricted,10,0.1,0.5,1.0,0.1,132,124
Q0307,81e21b21-8b49-4ac1-b00d-46a7f43e46a9,authorization_first,3,0.3333333333333333,0.5,1.0,0.0,124,124
Q0307,81e21b21-8b49-4ac1-b00d-46a7f43e46a9,authorization_first,5,0.2,0.5,1.0,0.0,124,124
Q0307,81e21b21-8b49-4ac1-b00d-46a7f43e46a9,authorization_first,7,0.14285714285714285,0.5,1.0,0.0,124,124
Q0307,81e21b21-8b49-4ac1-b00d-46a7f43e46a9,authorization_first,10,0.1,0.5,1.0,0.0,124,124
Q0308,81e21b21-8b49-4ac1-b00d-46a7f43e46a9,unrestricted,3,0.0,0.0,0.0,0.0,132,124
Q0308,81e21b21-8b49-4ac1-b00d-46a7f43e46a9,unrestricted,5,0.0,0.0,0.0,0.2,132,124
Q0308,81e21b21-8b49-4ac1-b00d-46a7f43e46a9,unrestricted,7,0.0,0.0,0.0,0.14285714285714285,132,124
Q0308,81e21b21-8b49-4ac1-b00d-46a7f43e46a9,unrestricted,10,0.0,0.0,0.0,0.1,132,124
Q0308,81e21b21-8b49-4ac1-b00d-46a7f43e46a9,authorization_first,3,0.0,0.0,0.0,0.0,124,124
Q0308,81e21b21-8b49-4ac1-b00d-46a7f43e46a9,authorization_first,5,0.0,0.0,0.0,0.0,124,124
Q0308,81e21b21-8b49-4ac1-b00d-46a7f43e46a9,authorization_first,7,0.0,0.0,0.0,0.0,124,124
Q0308,81e21b21-8b49-4ac1-b00d-46a7f43e46a9,authorization_first,10,0.0,0.0,0.0,0.0,124,124
Q0309,81e21b21-8b49-4ac1-b00d-46a7f43e46a9,unrestricted,3,0.0,0.0,0.0,0.0,132,124
Q0309,81e21b21-8b49-4ac1-b00d-46a7f43e46a9,unrestricted,5,0.0,0.0,0.0,0.0,132,124
Q0309,81e21b21-8b49-4ac1-b00d-46a7f43e46a9,unrestricted,7,0.0,0.0,0.0,0.14285714285714285,132,124
Q0309,81e21b21-8b49-4ac1-b00d-46a7f43e46a9,unrestricted,10,0.0,0.0,0.0,0.1,132,124
Q0309,81e21b21-8b49-4ac1-b00d-46a7f43e46a9,authorization_first,3,0.0,0.0,0.0,0.0,124,124
Q0309,81e21b21-8b49-4ac1-b00d-46a7f43e46a9,authorization_first,5,0.0,0.0,0.0,0.0,124,124
Q0309,81e21b21-8b49-4ac1-b00d-46a7f43e46a9,authorization_first,7,0.0,0.0,0.0,0.0,124,124
Q0309,81e21b21-8b49-4ac1-b00d-46a7f43e46a9,authorization_first,10,0.0,0.0,0.0,0.0,124,124
Q0310,81e21b21-8b49-4ac1-b00d-46a7f43e46a9,unrestricted,3,0.0,0.0,0.0,0.0,132,124
Q0310,81e21b21-8b49-4ac1-b00d-46a7f43e46a9,unrestricted,5,0.0,0.0,0.0,0.0,132,124
Q0310,81e21b21-8b49-4ac1-b00d-46a7f43e46a9,unrestricted,7,0.0,0.0,0.0,0.14285714285714285,132,124
Q0310,81e21b21-8b49-4ac1-b00d-46a7f43e46a9,unrestricted,10,0.0,0.0,0.0,0.1,132,124
Q0310,81e21b21-8b49-4ac1-b00d-46a7f43e46a9,authorization_first,3,0.0,0.0,0.0,0.0,124,124
Q0310,81e21b21-8b49-4ac1-b00d-46a7f43e46a9,authorization_first,5,0.0,0.0,0.0,0.0,124,124
Q0310,81e21b21-8b49-4ac1-b00d-46a7f43e46a9,authorization_first,7,0.0,0.0,0.0,0.0,124,124
Q0310,81e21b21-8b49-4ac1-b00d-46a7f43e46a9,authorization_first,10,0.0,0.0,0.0,0.0,124,124
Q0311,99070f34-0b6f-4e84-97ea-cfc44ffaf5e8,unrestricted,3,0.3333333333333333,1.0,1.0,0.0,170,151
Q0311,99070f34-0b6f-4e84-97ea-cfc44ffaf5e8,unrestricted,5,0.2,1.0,1.0,0.0,170,151
Q0311,99070f34-0b6f-4e84-97ea-cfc44ffaf5e8,unrestricted,7,0.14285714285714285,1.0,1.0,0.14285714285714285,170,151
Q0311,99070f34-0b6f-4e84-97ea-cfc44ffaf5e8,unrestricted,10,0.1,1.0,1.0,0.1,170,151
Q0311,99070f34-0b6f-4e84-97ea-cfc44ffaf5e8,authorization_first,3,0.3333333333333333,1.0,1.0,0.0,151,151
Q0311,99070f34-0b6f-4e84-97ea-cfc44ffaf5e8,authorization_first,5,0.2,1.0,1.0,0.0,151,151
Q0311,99070f34-0b6f-4e84-97ea-cfc44ffaf5e8,authorization_first,7,0.14285714285714285,1.0,1.0,0.0,151,151
Q0311,99070f34-0b6f-4e84-97ea-cfc44ffaf5e8,authorization_first,10,0.1,1.0,1.0,0.0,151,151
Q0312,99070f34-0b6f-4e84-97ea-cfc44ffaf5e8,unrestricted,3,0.3333333333333333,1.0,1.0,0.0,170,151
Q0312,99070f34-0b6f-4e84-97ea-cfc44ffaf5e8,unrestricted,5,0.2,1.0,1.0,0.0,170,151
Q0312,99070f34-0b6f-4e84-97ea-cfc44ffaf5e8,unrestricted,7,0.14285714285714285,1.0,1.0,0.14285714285714285,170,151
Q0312,99070f34-0b6f-4e84-97ea-cfc44ffaf5e8,unrestricted,10,0.1,1.0,1.0,0.1,170,151
Q0312,99070f34-0b6f-4e84-97ea-cfc44ffaf5e8,authorization_first,3,0.3333333333333333,1.0,1.0,0.0,151,151
Q0312,99070f34-0b6f-4e84-97ea-cfc44ffaf5e8,authorization_first,5,0.2,1.0,1.0,0.0,151,151
Q0312,99070f34-0b6f-4e84-97ea-cfc44ffaf5e8,authorization_first,7,0.14285714285714285,1.0,1.0,0.0,151,151
Q0312,99070f34-0b6f-4e84-97ea-cfc44ffaf5e8,authorization_first,10,0.1,1.0,1.0,0.0,151,151
Q0313,99070f34-0b6f-4e84-97ea-cfc44ffaf5e8,unrestricted,3,0.3333333333333333,1.0,0.3333333333333333,0.0,170,151
Q0313,99070f34-0b6f-4e84-97ea-cfc44ffaf5e8,unrestricted,5,0.2,1.0,0.3333333333333333,0.2,170,151
Q0313,99070f34-0b6f-4e84-97ea-cfc44ffaf5e8,unrestricted,7,0.14285714285714285,1.0,0.3333333333333333,0.14285714285714285,170,151
Q0313,99070f34-0b6f-4e84-97ea-cfc44ffaf5e8,unrestricted,10,0.1,1.0,0.3333333333333333,0.1,170,151
Q0313,99070f34-0b6f-4e84-97ea-cfc44ffaf5e8,authorization_first,3,0.3333333333333333,1.0,0.3333333333333333,0.0,151,151
Q0313,99070f34-0b6f-4e84-97ea-cfc44ffaf5e8,authorization_first,5,0.2,1.0,0.3333333333333333,0.0,151,151
Q0313,99070f34-0b6f-4e84-97ea-cfc44ffaf5e8,authorization_first,7,0.14285714285714285,1.0,0.3333333333333333,0.0,151,151
Q0313,99070f34-0b6f-4e84-97ea-cfc44ffaf5e8,authorization_first,10,0.1,1.0,0.3333333333333333,0.0,151,151
Q0314,99070f34-0b6f-4e84-97ea-cfc44ffaf5e8,unrestricted,3,0.0,0.0,0.0,0.0,170,151
Q0314,99070f34-0b6f-4e84-97ea-cfc44ffaf5e8,unrestricted,5,0.0,0.0,0.0,0.0,170,151
Q0314,99070f34-0b6f-4e84-97ea-cfc44ffaf5e8,unrestricted,7,0.0,0.0,0.0,0.0,170,151
Q0314,99070f34-0b6f-4e84-97ea-cfc44ffaf5e8,unrestricted,10,0.0,0.0,0.0,0.0,170,151
Q0314,99070f34-0b6f-4e84-97ea-cfc44ffaf5e8,authorization_first,3,0.0,0.0,0.0,0.0,151,151
Q0314,99070f34-0b6f-4e84-97ea-cfc44ffaf5e8,authorization_first,5,0.0,0.0,0.0,0.0,151,151
Q0314,99070f34-0b6f-4e84-97ea-cfc44ffaf5e8,authorization_first,7,0.0,0.0,0.0,0.0,151,151
Q0314,99070f34-0b6f-4e84-97ea-cfc44ffaf5e8,authorization_first,10,0.0,0.0,0.0,0.0,151,151
Q0315,99070f34-0b6f-4e84-97ea-cfc44ffaf5e8,unrestricted,3,0.0,0.0,0.0,0.0,170,151
Q0315,99070f34-0b6f-4e84-97ea-cfc44ffaf5e8,unrestricted,5,0.0,0.0,0.0,0.0,170,151
Q0315,99070f34-0b6f-4e84-97ea-cfc44ffaf5e8,unrestricted,7,0.0,0.0,0.0,0.0,170,151
Q0315,99070f34-0b6f-4e84-97ea-cfc44ffaf5e8,unrestricted,10,0.0,0.0,0.0,0.0,170,151
Q0315,99070f34-0b6f-4e84-97ea-cfc44ffaf5e8,authorization_first,3,0.0,0.0,0.0,0.0,151,151
Q0315,99070f34-0b6f-4e84-97ea-cfc44ffaf5e8,authorization_first,5,0.0,0.0,0.0,0.0,151,151
Q0315,99070f34-0b6f-4e84-97ea-cfc44ffaf5e8,authorization_first,7,0.0,0.0,0.0,0.0,151,151
Q0315,99070f34-0b6f-4e84-97ea-cfc44ffaf5e8,authorization_first,10,0.0,0.0,0.0,0.0,151,151
Q0316,99070f34-0b6f-4e84-97ea-cfc44ffaf5e8,unrestricted,3,0.0,0.0,0.0,0.0,170,151
Q0316,99070f34-0b6f-4e84-97ea-cfc44ffaf5e8,unrestricted,5,0.0,0.0,0.0,0.0,170,151
Q0316,99070f34-0b6f-4e84-97ea-cfc44ffaf5e8,unrestricted,7,0.0,0.0,0.0,0.0,170,151
Q0316,99070f34-0b6f-4e84-97ea-cfc44ffaf5e8,unrestricted,10,0.0,0.0,0.0,0.0,170,151
Q0316,99070f34-0b6f-4e84-97ea-cfc44ffaf5e8,authorization_first,3,0.0,0.0,0.0,0.0,151,151
Q0316,99070f34-0b6f-4e84-97ea-cfc44ffaf5e8,authorization_first,5,0.0,0.0,0.0,0.0,151,151
Q0316,99070f34-0b6f-4e84-97ea-cfc44ffaf5e8,authorization_first,7,0.0,0.0,0.0,0.0,151,151
Q0316,99070f34-0b6f-4e84-97ea-cfc44ffaf5e8,authorization_first,10,0.0,0.0,0.0,0.0,151,151
Q0317,99070f34-0b6f-4e84-97ea-cfc44ffaf5e8,unrestricted,3,0.0,0.0,0.0,0.0,170,151
Q0317,99070f34-0b6f-4e84-97ea-cfc44ffaf5e8,unrestricted,5,0.0,0.0,0.0,0.0,170,151
Q0317,99070f34-0b6f-4e84-97ea-cfc44ffaf5e8,unrestricted,7,0.0,0.0,0.0,0.0,170,151
Q0317,99070f34-0b6f-4e84-97ea-cfc44ffaf5e8,unrestricted,10,0.0,0.0,0.0,0.0,170,151
Q0317,99070f34-0b6f-4e84-97ea-cfc44ffaf5e8,authorization_first,3,0.0,0.0,0.0,0.0,151,151
Q0317,99070f34-0b6f-4e84-97ea-cfc44ffaf5e8,authorization_first,5,0.0,0.0,0.0,0.0,151,151
Q0317,99070f34-0b6f-4e84-97ea-cfc44ffaf5e8,authorization_first,7,0.0,0.0,0.0,0.0,151,151
Q0317,99070f34-0b6f-4e84-97ea-cfc44ffaf5e8,authorization_first,10,0.0,0.0,0.0,0.0,151,151
Q0318,99070f34-0b6f-4e84-97ea-cfc44ffaf5e8,unrestricted,3,0.0,0.0,0.0,0.0,170,151
Q0318,99070f34-0b6f-4e84-97ea-cfc44ffaf5e8,unrestricted,5,0.2,0.045454545454545456,0.25,0.0,170,151
Q0318,99070f34-0b6f-4e84-97ea-cfc44ffaf5e8,unrestricted,7,0.14285714285714285,0.045454545454545456,0.25,0.0,170,151
Q0318,99070f34-0b6f-4e84-97ea-cfc44ffaf5e8,unrestricted,10,0.2,0.09090909090909091,0.25,0.0,170,151
Q0318,99070f34-0b6f-4e84-97ea-cfc44ffaf5e8,authorization_first,3,0.0,0.0,0.0,0.0,151,151
Q0318,99070f34-0b6f-4e84-97ea-cfc44ffaf5e8,authorization_first,5,0.2,0.045454545454545456,0.25,0.0,151,151
Q0318,99070f34-0b6f-4e84-97ea-cfc44ffaf5e8,authorization_first,7,0.14285714285714285,0.045454545454545456,0.25,0.0,151,151
Q0318,99070f34-0b6f-4e84-97ea-cfc44ffaf5e8,authorization_first,10,0.2,0.09090909090909091,0.25,0.0,151,151
Q0319,99070f34-0b6f-4e84-97ea-cfc44ffaf5e8,unrestricted,3,0.0,0.0,0.0,0.3333333333333333,170,151
Q0319,99070f34-0b6f-4e84-97ea-cfc44ffaf5e8,unrestricted,5,0.0,0.0,0.0,0.2,170,151
Q0319,99070f34-0b6f-4e84-97ea-cfc44ffaf5e8,unrestricted,7,0.0,0.0,0.0,0.14285714285714285,170,151
Q0319,99070f34-0b6f-4e84-97ea-cfc44ffaf5e8,unrestricted,10,0.0,0.0,0.0,0.1,170,151
Q0319,99070f34-0b6f-4e84-97ea-cfc44ffaf5e8,authorization_first,3,0.0,0.0,0.0,0.0,151,151
Q0319,99070f34-0b6f-4e84-97ea-cfc44ffaf5e8,authorization_first,5,0.0,0.0,0.0,0.0,151,151
Q0319,99070f34-0b6f-4e84-97ea-cfc44ffaf5e8,authorization_first,7,0.0,0.0,0.0,0.0,151,151
Q0319,99070f34-0b6f-4e84-97ea-cfc44ffaf5e8,authorization_first,10,0.0,0.0,0.0,0.0,151,151
Q0320,99070f34-0b6f-4e84-97ea-cfc44ffaf5e8,unrestricted,3,0.0,0.0,0.0,0.0,170,151
Q0320,99070f34-0b6f-4e84-97ea-cfc44ffaf5e8,unrestricted,5,0.0,0.0,0.0,0.0,170,151
Q0320,99070f34-0b6f-4e84-97ea-cfc44ffaf5e8,unrestricted,7,0.0,0.0,0.0,0.0,170,151
Q0320,99070f34-0b6f-4e84-97ea-cfc44ffaf5e8,unrestricted,10,0.0,0.0,0.0,0.0,170,151
Q0320,99070f34-0b6f-4e84-97ea-cfc44ffaf5e8,authorization_first,3,0.0,0.0,0.0,0.0,151,151
Q0320,99070f34-0b6f-4e84-97ea-cfc44ffaf5e8,authorization_first,5,0.0,0.0,0.0,0.0,151,151
Q0320,99070f34-0b6f-4e84-97ea-cfc44ffaf5e8,authorization_first,7,0.0,0.0,0.0,0.0,151,151
Q0320,99070f34-0b6f-4e84-97ea-cfc44ffaf5e8,authorization_first,10,0.0,0.0,0.0,0.0,151,151
Q0321,0c1606c8-637e-4ed3-baf4-67390d8f3956,unrestricted,3,0.3333333333333333,1.0,0.5,0.0,170,158
Q0321,0c1606c8-637e-4ed3-baf4-67390d8f3956,unrestricted,5,0.2,1.0,0.5,0.0,170,158
Q0321,0c1606c8-637e-4ed3-baf4-67390d8f3956,unrestricted,7,0.14285714285714285,1.0,0.5,0.0,170,158
Q0321,0c1606c8-637e-4ed3-baf4-67390d8f3956,unrestricted,10,0.1,1.0,0.5,0.0,170,158
Q0321,0c1606c8-637e-4ed3-baf4-67390d8f3956,authorization_first,3,0.3333333333333333,1.0,0.5,0.0,158,158
Q0321,0c1606c8-637e-4ed3-baf4-67390d8f3956,authorization_first,5,0.2,1.0,0.5,0.0,158,158
Q0321,0c1606c8-637e-4ed3-baf4-67390d8f3956,authorization_first,7,0.14285714285714285,1.0,0.5,0.0,158,158
Q0321,0c1606c8-637e-4ed3-baf4-67390d8f3956,authorization_first,10,0.1,1.0,0.5,0.0,158,158
Q0322,0c1606c8-637e-4ed3-baf4-67390d8f3956,unrestricted,3,0.3333333333333333,0.25,1.0,0.0,170,158
Q0322,0c1606c8-637e-4ed3-baf4-67390d8f3956,unrestricted,5,0.2,0.25,1.0,0.0,170,158
Q0322,0c1606c8-637e-4ed3-baf4-67390d8f3956,unrestricted,7,0.14285714285714285,0.25,1.0,0.0,170,158
Q0322,0c1606c8-637e-4ed3-baf4-67390d8f3956,unrestricted,10,0.1,0.25,1.0,0.0,170,158
Q0322,0c1606c8-637e-4ed3-baf4-67390d8f3956,authorization_first,3,0.3333333333333333,0.25,1.0,0.0,158,158
Q0322,0c1606c8-637e-4ed3-baf4-67390d8f3956,authorization_first,5,0.2,0.25,1.0,0.0,158,158
Q0322,0c1606c8-637e-4ed3-baf4-67390d8f3956,authorization_first,7,0.14285714285714285,0.25,1.0,0.0,158,158
Q0322,0c1606c8-637e-4ed3-baf4-67390d8f3956,authorization_first,10,0.1,0.25,1.0,0.0,158,158
Q0323,0c1606c8-637e-4ed3-baf4-67390d8f3956,unrestricted,3,0.3333333333333333,0.5,1.0,0.0,170,158
Q0323,0c1606c8-637e-4ed3-baf4-67390d8f3956,unrestricted,5,0.2,0.5,1.0,0.0,170,158
Q0323,0c1606c8-637e-4ed3-baf4-67390d8f3956,unrestricted,7,0.14285714285714285,0.5,1.0,0.0,170,158
Q0323,0c1606c8-637e-4ed3-baf4-67390d8f3956,unrestricted,10,0.1,0.5,1.0,0.0,170,158
Q0323,0c1606c8-637e-4ed3-baf4-67390d8f3956,authorization_first,3,0.3333333333333333,0.5,1.0,0.0,158,158
Q0323,0c1606c8-637e-4ed3-baf4-67390d8f3956,authorization_first,5,0.2,0.5,1.0,0.0,158,158
Q0323,0c1606c8-637e-4ed3-baf4-67390d8f3956,authorization_first,7,0.14285714285714285,0.5,1.0,0.0,158,158
Q0323,0c1606c8-637e-4ed3-baf4-67390d8f3956,authorization_first,10,0.1,0.5,1.0,0.0,158,158
Q0324,0c1606c8-637e-4ed3-baf4-67390d8f3956,unrestricted,3,0.3333333333333333,0.045454545454545456,1.0,0.0,170,158
Q0324,0c1606c8-637e-4ed3-baf4-67390d8f3956,unrestricted,5,0.2,0.045454545454545456,1.0,0.0,170,158
Q0324,0c1606c8-637e-4ed3-baf4-67390d8f3956,unrestricted,7,0.2857142857142857,0.09090909090909091,1.0,0.0,170,158
Q0324,0c1606c8-637e-4ed3-baf4-67390d8f3956,unrestricted,10,0.2,0.09090909090909091,1.0,0.0,170,158
Q0324,0c1606c8-637e-4ed3-baf4-67390d8f3956,authorization_first,3,0.3333333333333333,0.045454545454545456,1.0,0.0,158,158
Q0324,0c1606c8-637e-4ed3-baf4-67390d8f3956,authorization_first,5,0.2,0.045454545454545456,1.0,0.0,158,158
Q0324,0c1606c8-637e-4ed3-baf4-67390d8f3956,authorization_first,7,0.2857142857142857,0.09090909090909091,1.0,0.0,158,158
Q0324,0c1606c8-637e-4ed3-baf4-67390d8f3956,authorization_first,10,0.2,0.09090909090909091,1.0,0.0,158,158
Q0325,0c1606c8-637e-4ed3-baf4-67390d8f3956,unrestricted,3,0.0,0.0,0.0,0.0,170,158
Q0325,0c1606c8-637e-4ed3-baf4-67390d8f3956,unrestricted,5,0.0,0.0,0.0,0.0,170,158
Q0325,0c1606c8-637e-4ed3-baf4-67390d8f3956,unrestricted,7,0.0,0.0,0.0,0.0,170,158
Q0325,0c1606c8-637e-4ed3-baf4-67390d8f3956,unrestricted,10,0.0,0.0,0.0,0.0,170,158
Q0325,0c1606c8-637e-4ed3-baf4-67390d8f3956,authorization_first,3,0.0,0.0,0.0,0.0,158,158
Q0325,0c1606c8-637e-4ed3-baf4-67390d8f3956,authorization_first,5,0.0,0.0,0.0,0.0,158,158
Q0325,0c1606c8-637e-4ed3-baf4-67390d8f3956,authorization_first,7,0.0,0.0,0.0,0.0,158,158
Q0325,0c1606c8-637e-4ed3-baf4-67390d8f3956,authorization_first,10,0.0,0.0,0.0,0.0,158,158
Q0326,0c1606c8-637e-4ed3-baf4-67390d8f3956,unrestricted,3,0.3333333333333333,1.0,1.0,0.0,170,158
Q0326,0c1606c8-637e-4ed3-baf4-67390d8f3956,unrestricted,5,0.2,1.0,1.0,0.0,170,158
Q0326,0c1606c8-637e-4ed3-baf4-67390d8f3956,unrestricted,7,0.14285714285714285,1.0,1.0,0.0,170,158
Q0326,0c1606c8-637e-4ed3-baf4-67390d8f3956,unrestricted,10,0.1,1.0,1.0,0.0,170,158
Q0326,0c1606c8-637e-4ed3-baf4-67390d8f3956,authorization_first,3,0.3333333333333333,1.0,1.0,0.0,158,158
Q0326,0c1606c8-637e-4ed3-baf4-67390d8f3956,authorization_first,5,0.2,1.0,1.0,0.0,158,158
Q0326,0c1606c8-637e-4ed3-baf4-67390d8f3956,authorization_first,7,0.14285714285714285,1.0,1.0,0.0,158,158
Q0326,0c1606c8-637e-4ed3-baf4-67390d8f3956,authorization_first,10,0.1,1.0,1.0,0.0,158,158
Q0327,0c1606c8-637e-4ed3-baf4-67390d8f3956,unrestricted,3,0.0,0.0,0.0,0.0,170,158
Q0327,0c1606c8-637e-4ed3-baf4-67390d8f3956,unrestricted,5,0.0,0.0,0.0,0.0,170,158
Q0327,0c1606c8-637e-4ed3-baf4-67390d8f3956,unrestricted,7,0.0,0.0,0.0,0.0,170,158
Q0327,0c1606c8-637e-4ed3-baf4-67390d8f3956,unrestricted,10,0.0,0.0,0.0,0.0,170,158
Q0327,0c1606c8-637e-4ed3-baf4-67390d8f3956,authorization_first,3,0.0,0.0,0.0,0.0,158,158
Q0327,0c1606c8-637e-4ed3-baf4-67390d8f3956,authorization_first,5,0.0,0.0,0.0,0.0,158,158
Q0327,0c1606c8-637e-4ed3-baf4-67390d8f3956,authorization_first,7,0.0,0.0,0.0,0.0,158,158
Q0327,0c1606c8-637e-4ed3-baf4-67390d8f3956,authorization_first,10,0.0,0.0,0.0,0.0,158,158
Q0328,0c1606c8-637e-4ed3-baf4-67390d8f3956,unrestricted,3,0.0,0.0,0.0,0.0,170,158
Q0328,0c1606c8-637e-4ed3-baf4-67390d8f3956,unrestricted,5,0.0,0.0,0.0,0.0,170,158
Q0328,0c1606c8-637e-4ed3-baf4-67390d8f3956,unrestricted,7,0.0,0.0,0.0,0.0,170,158
Q0328,0c1606c8-637e-4ed3-baf4-67390d8f3956,unrestricted,10,0.0,0.0,0.0,0.0,170,158
Q0328,0c1606c8-637e-4ed3-baf4-67390d8f3956,authorization_first,3,0.0,0.0,0.0,0.0,158,158
Q0328,0c1606c8-637e-4ed3-baf4-67390d8f3956,authorization_first,5,0.0,0.0,0.0,0.0,158,158
Q0328,0c1606c8-637e-4ed3-baf4-67390d8f3956,authorization_first,7,0.0,0.0,0.0,0.0,158,158
Q0328,0c1606c8-637e-4ed3-baf4-67390d8f3956,authorization_first,10,0.0,0.0,0.0,0.0,158,158
Q0329,0c1606c8-637e-4ed3-baf4-67390d8f3956,unrestricted,3,0.0,0.0,0.0,0.0,170,158
Q0329,0c1606c8-637e-4ed3-baf4-67390d8f3956,unrestricted,5,0.0,0.0,0.0,0.0,170,158
Q0329,0c1606c8-637e-4ed3-baf4-67390d8f3956,unrestricted,7,0.0,0.0,0.0,0.0,170,158
Q0329,0c1606c8-637e-4ed3-baf4-67390d8f3956,unrestricted,10,0.0,0.0,0.0,0.0,170,158
Q0329,0c1606c8-637e-4ed3-baf4-67390d8f3956,authorization_first,3,0.0,0.0,0.0,0.0,158,158
Q0329,0c1606c8-637e-4ed3-baf4-67390d8f3956,authorization_first,5,0.0,0.0,0.0,0.0,158,158
Q0329,0c1606c8-637e-4ed3-baf4-67390d8f3956,authorization_first,7,0.0,0.0,0.0,0.0,158,158
Q0329,0c1606c8-637e-4ed3-baf4-67390d8f3956,authorization_first,10,0.0,0.0,0.0,0.0,158,158
Q0330,0c1606c8-637e-4ed3-baf4-67390d8f3956,unrestricted,3,0.0,0.0,0.0,0.0,170,158
Q0330,0c1606c8-637e-4ed3-baf4-67390d8f3956,unrestricted,5,0.0,0.0,0.0,0.0,170,158
Q0330,0c1606c8-637e-4ed3-baf4-67390d8f3956,unrestricted,7,0.0,0.0,0.0,0.0,170,158
Q0330,0c1606c8-637e-4ed3-baf4-67390d8f3956,unrestricted,10,0.0,0.0,0.0,0.0,170,158
Q0330,0c1606c8-637e-4ed3-baf4-67390d8f3956,authorization_first,3,0.0,0.0,0.0,0.0,158,158
Q0330,0c1606c8-637e-4ed3-baf4-67390d8f3956,authorization_first,5,0.0,0.0,0.0,0.0,158,158
Q0330,0c1606c8-637e-4ed3-baf4-67390d8f3956,authorization_first,7,0.0,0.0,0.0,0.0,158,158
Q0330,0c1606c8-637e-4ed3-baf4-67390d8f3956,authorization_first,10,0.0,0.0,0.0,0.0,158,158
Q0331,d011ac4d-34e9-4887-a0bf-cf7b8a6f4abb,unrestricted,3,0.0,0.0,0.0,0.0,90,82
Q0331,d011ac4d-34e9-4887-a0bf-cf7b8a6f4abb,unrestricted,5,0.0,0.0,0.0,0.2,90,82
Q0331,d011ac4d-34e9-4887-a0bf-cf7b8a6f4abb,unrestricted,7,0.0,0.0,0.0,0.14285714285714285,90,82
Q0331,d011ac4d-34e9-4887-a0bf-cf7b8a6f4abb,unrestricted,10,0.0,0.0,0.0,0.1,90,82
Q0331,d011ac4d-34e9-4887-a0bf-cf7b8a6f4abb,authorization_first,3,0.0,0.0,0.0,0.0,82,82
Q0331,d011ac4d-34e9-4887-a0bf-cf7b8a6f4abb,authorization_first,5,0.0,0.0,0.0,0.0,82,82
Q0331,d011ac4d-34e9-4887-a0bf-cf7b8a6f4abb,authorization_first,7,0.0,0.0,0.0,0.0,82,82
Q0331,d011ac4d-34e9-4887-a0bf-cf7b8a6f4abb,authorization_first,10,0.0,0.0,0.0,0.0,82,82
Q0332,d011ac4d-34e9-4887-a0bf-cf7b8a6f4abb,unrestricted,3,0.0,0.0,0.0,0.0,90,82
Q0332,d011ac4d-34e9-4887-a0bf-cf7b8a6f4abb,unrestricted,5,0.0,0.0,0.0,0.0,90,82
Q0332,d011ac4d-34e9-4887-a0bf-cf7b8a6f4abb,unrestricted,7,0.14285714285714285,1.0,0.16666666666666666,0.0,90,82
Q0332,d011ac4d-34e9-4887-a0bf-cf7b8a6f4abb,unrestricted,10,0.1,1.0,0.16666666666666666,0.0,90,82
Q0332,d011ac4d-34e9-4887-a0bf-cf7b8a6f4abb,authorization_first,3,0.0,0.0,0.0,0.0,82,82
Q0332,d011ac4d-34e9-4887-a0bf-cf7b8a6f4abb,authorization_first,5,0.0,0.0,0.0,0.0,82,82
Q0332,d011ac4d-34e9-4887-a0bf-cf7b8a6f4abb,authorization_first,7,0.14285714285714285,1.0,0.16666666666666666,0.0,82,82
Q0332,d011ac4d-34e9-4887-a0bf-cf7b8a6f4abb,authorization_first,10,0.1,1.0,0.16666666666666666,0.0,82,82
Q0333,d011ac4d-34e9-4887-a0bf-cf7b8a6f4abb,unrestricted,3,0.3333333333333333,0.5,0.5,0.0,90,82
Q0333,d011ac4d-34e9-4887-a0bf-cf7b8a6f4abb,unrestricted,5,0.2,0.5,0.5,0.0,90,82
Q0333,d011ac4d-34e9-4887-a0bf-cf7b8a6f4abb,unrestricted,7,0.14285714285714285,0.5,0.5,0.0,90,82
Q0333,d011ac4d-34e9-4887-a0bf-cf7b8a6f4abb,unrestricted,10,0.1,0.5,0.5,0.0,90,82
Q0333,d011ac4d-34e9-4887-a0bf-cf7b8a6f4abb,authorization_first,3,0.3333333333333333,0.5,0.5,0.0,82,82
Q0333,d011ac4d-34e9-4887-a0bf-cf7b8a6f4abb,authorization_first,5,0.2,0.5,0.5,0.0,82,82
Q0333,d011ac4d-34e9-4887-a0bf-cf7b8a6f4abb,authorization_first,7,0.14285714285714285,0.5,0.5,0.0,82,82
Q0333,d011ac4d-34e9-4887-a0bf-cf7b8a6f4abb,authorization_first,10,0.1,0.5,0.5,0.0,82,82
Q0334,d011ac4d-34e9-4887-a0bf-cf7b8a6f4abb,unrestricted,3,0.3333333333333333,0.5,0.3333333333333333,0.0,90,82
Q0334,d011ac4d-34e9-4887-a0bf-cf7b8a6f4abb,unrestricted,5,0.2,0.5,0.3333333333333333,0.0,90,82
Q0334,d011ac4d-34e9-4887-a0bf-cf7b8a6f4abb,unrestricted,7,0.14285714285714285,0.5,0.3333333333333333,0.0,90,82
Q0334,d011ac4d-34e9-4887-a0bf-cf7b8a6f4abb,unrestricted,10,0.1,0.5,0.3333333333333333,0.0,90,82
Q0334,d011ac4d-34e9-4887-a0bf-cf7b8a6f4abb,authorization_first,3,0.3333333333333333,0.5,0.3333333333333333,0.0,82,82
Q0334,d011ac4d-34e9-4887-a0bf-cf7b8a6f4abb,authorization_first,5,0.2,0.5,0.3333333333333333,0.0,82,82
Q0334,d011ac4d-34e9-4887-a0bf-cf7b8a6f4abb,authorization_first,7,0.14285714285714285,0.5,0.3333333333333333,0.0,82,82
Q0334,d011ac4d-34e9-4887-a0bf-cf7b8a6f4abb,authorization_first,10,0.1,0.5,0.3333333333333333,0.0,82,82
Q0335,d011ac4d-34e9-4887-a0bf-cf7b8a6f4abb,unrestricted,3,0.3333333333333333,0.25,1.0,0.0,90,82
Q0335,d011ac4d-34e9-4887-a0bf-cf7b8a6f4abb,unrestricted,5,0.2,0.25,1.0,0.0,90,82
Q0335,d011ac4d-34e9-4887-a0bf-cf7b8a6f4abb,unrestricted,7,0.14285714285714285,0.25,1.0,0.0,90,82
Q0335,d011ac4d-34e9-4887-a0bf-cf7b8a6f4abb,unrestricted,10,0.1,0.25,1.0,0.0,90,82
Q0335,d011ac4d-34e9-4887-a0bf-cf7b8a6f4abb,authorization_first,3,0.3333333333333333,0.25,1.0,0.0,82,82
Q0335,d011ac4d-34e9-4887-a0bf-cf7b8a6f4abb,authorization_first,5,0.2,0.25,1.0,0.0,82,82
Q0335,d011ac4d-34e9-4887-a0bf-cf7b8a6f4abb,authorization_first,7,0.14285714285714285,0.25,1.0,0.0,82,82
Q0335,d011ac4d-34e9-4887-a0bf-cf7b8a6f4abb,authorization_first,10,0.1,0.25,1.0,0.0,82,82
Q0336,d011ac4d-34e9-4887-a0bf-cf7b8a6f4abb,unrestricted,3,0.3333333333333333,1.0,1.0,0.0,90,82
Q0336,d011ac4d-34e9-4887-a0bf-cf7b8a6f4abb,unrestricted,5,0.2,1.0,1.0,0.0,90,82
Q0336,d011ac4d-34e9-4887-a0bf-cf7b8a6f4abb,unrestricted,7,0.14285714285714285,1.0,1.0,0.0,90,82
Q0336,d011ac4d-34e9-4887-a0bf-cf7b8a6f4abb,unrestricted,10,0.1,1.0,1.0,0.0,90,82
Q0336,d011ac4d-34e9-4887-a0bf-cf7b8a6f4abb,authorization_first,3,0.3333333333333333,1.0,1.0,0.0,82,82
Q0336,d011ac4d-34e9-4887-a0bf-cf7b8a6f4abb,authorization_first,5,0.2,1.0,1.0,0.0,82,82
Q0336,d011ac4d-34e9-4887-a0bf-cf7b8a6f4abb,authorization_first,7,0.14285714285714285,1.0,1.0,0.0,82,82
Q0336,d011ac4d-34e9-4887-a0bf-cf7b8a6f4abb,authorization_first,10,0.1,1.0,1.0,0.0,82,82
Q0337,d011ac4d-34e9-4887-a0bf-cf7b8a6f4abb,unrestricted,3,0.0,0.0,0.0,0.0,90,82
Q0337,d011ac4d-34e9-4887-a0bf-cf7b8a6f4abb,unrestricted,5,0.0,0.0,0.0,0.2,90,82
Q0337,d011ac4d-34e9-4887-a0bf-cf7b8a6f4abb,unrestricted,7,0.0,0.0,0.0,0.14285714285714285,90,82
Q0337,d011ac4d-34e9-4887-a0bf-cf7b8a6f4abb,unrestricted,10,0.0,0.0,0.0,0.1,90,82
Q0337,d011ac4d-34e9-4887-a0bf-cf7b8a6f4abb,authorization_first,3,0.0,0.0,0.0,0.0,82,82
Q0337,d011ac4d-34e9-4887-a0bf-cf7b8a6f4abb,authorization_first,5,0.0,0.0,0.0,0.0,82,82
Q0337,d011ac4d-34e9-4887-a0bf-cf7b8a6f4abb,authorization_first,7,0.0,0.0,0.0,0.0,82,82
Q0337,d011ac4d-34e9-4887-a0bf-cf7b8a6f4abb,authorization_first,10,0.0,0.0,0.0,0.0,82,82
Q0338,d011ac4d-34e9-4887-a0bf-cf7b8a6f4abb,unrestricted,3,0.0,0.0,0.0,0.0,90,82
Q0338,d011ac4d-34e9-4887-a0bf-cf7b8a6f4abb,unrestricted,5,0.0,0.0,0.0,0.0,90,82
Q0338,d011ac4d-34e9-4887-a0bf-cf7b8a6f4abb,unrestricted,7,0.0,0.0,0.0,0.0,90,82
Q0338,d011ac4d-34e9-4887-a0bf-cf7b8a6f4abb,unrestricted,10,0.0,0.0,0.0,0.0,90,82
Q0338,d011ac4d-34e9-4887-a0bf-cf7b8a6f4abb,authorization_first,3,0.0,0.0,0.0,0.0,82,82
Q0338,d011ac4d-34e9-4887-a0bf-cf7b8a6f4abb,authorization_first,5,0.0,0.0,0.0,0.0,82,82
Q0338,d011ac4d-34e9-4887-a0bf-cf7b8a6f4abb,authorization_first,7,0.0,0.0,0.0,0.0,82,82
Q0338,d011ac4d-34e9-4887-a0bf-cf7b8a6f4abb,authorization_first,10,0.0,0.0,0.0,0.0,82,82
Q0339,d011ac4d-34e9-4887-a0bf-cf7b8a6f4abb,unrestricted,3,0.3333333333333333,1.0,1.0,0.0,90,82
Q0339,d011ac4d-34e9-4887-a0bf-cf7b8a6f4abb,unrestricted,5,0.2,1.0,1.0,0.0,90,82
Q0339,d011ac4d-34e9-4887-a0bf-cf7b8a6f4abb,unrestricted,7,0.14285714285714285,1.0,1.0,0.0,90,82
Q0339,d011ac4d-34e9-4887-a0bf-cf7b8a6f4abb,unrestricted,10,0.1,1.0,1.0,0.0,90,82
Q0339,d011ac4d-34e9-4887-a0bf-cf7b8a6f4abb,authorization_first,3,0.3333333333333333,1.0,1.0,0.0,82,82
Q0339,d011ac4d-34e9-4887-a0bf-cf7b8a6f4abb,authorization_first,5,0.2,1.0,1.0,0.0,82,82
Q0339,d011ac4d-34e9-4887-a0bf-cf7b8a6f4abb,authorization_first,7,0.14285714285714285,1.0,1.0,0.0,82,82
Q0339,d011ac4d-34e9-4887-a0bf-cf7b8a6f4abb,authorization_first,10,0.1,1.0,1.0,0.0,82,82
Q0340,d011ac4d-34e9-4887-a0bf-cf7b8a6f4abb,unrestricted,3,0.3333333333333333,0.5,1.0,0.0,90,82
Q0340,d011ac4d-34e9-4887-a0bf-cf7b8a6f4abb,unrestricted,5,0.2,0.5,1.0,0.2,90,82
Q0340,d011ac4d-34e9-4887-a0bf-cf7b8a6f4abb,unrestricted,7,0.14285714285714285,0.5,1.0,0.14285714285714285,90,82
Q0340,d011ac4d-34e9-4887-a0bf-cf7b8a6f4abb,unrestricted,10,0.1,0.5,1.0,0.1,90,82
Q0340,d011ac4d-34e9-4887-a0bf-cf7b8a6f4abb,authorization_first,3,0.3333333333333333,0.5,1.0,0.0,82,82
Q0340,d011ac4d-34e9-4887-a0bf-cf7b8a6f4abb,authorization_first,5,0.2,0.5,1.0,0.0,82,82
Q0340,d011ac4d-34e9-4887-a0bf-cf7b8a6f4abb,authorization_first,7,0.14285714285714285,0.5,1.0,0.0,82,82
Q0340,d011ac4d-34e9-4887-a0bf-cf7b8a6f4abb,authorization_first,10,0.1,0.5,1.0,0.0,82,82
Q0341,058590f8-c0f3-40c1-ac80-246437499d5d,unrestricted,3,0.0,0.0,0.0,0.0,160,145
Q0341,058590f8-c0f3-40c1-ac80-246437499d5d,unrestricted,5,0.0,0.0,0.0,0.0,160,145
Q0341,058590f8-c0f3-40c1-ac80-246437499d5d,unrestricted,7,0.0,0.0,0.0,0.0,160,145
Q0341,058590f8-c0f3-40c1-ac80-246437499d5d,unrestricted,10,0.0,0.0,0.0,0.1,160,145
Q0341,058590f8-c0f3-40c1-ac80-246437499d5d,authorization_first,3,0.0,0.0,0.0,0.0,145,145
Q0341,058590f8-c0f3-40c1-ac80-246437499d5d,authorization_first,5,0.0,0.0,0.0,0.0,145,145
Q0341,058590f8-c0f3-40c1-ac80-246437499d5d,authorization_first,7,0.0,0.0,0.0,0.0,145,145
Q0341,058590f8-c0f3-40c1-ac80-246437499d5d,authorization_first,10,0.0,0.0,0.0,0.0,145,145
Q0342,058590f8-c0f3-40c1-ac80-246437499d5d,unrestricted,3,0.0,0.0,0.0,0.0,160,145
Q0342,058590f8-c0f3-40c1-ac80-246437499d5d,unrestricted,5,0.0,0.0,0.0,0.0,160,145
Q0342,058590f8-c0f3-40c1-ac80-246437499d5d,unrestricted,7,0.0,0.0,0.0,0.0,160,145
Q0342,058590f8-c0f3-40c1-ac80-246437499d5d,unrestricted,10,0.0,0.0,0.0,0.1,160,145
Q0342,058590f8-c0f3-40c1-ac80-246437499d5d,authorization_first,3,0.0,0.0,0.0,0.0,145,145
Q0342,058590f8-c0f3-40c1-ac80-246437499d5d,authorization_first,5,0.0,0.0,0.0,0.0,145,145
Q0342,058590f8-c0f3-40c1-ac80-246437499d5d,authorization_first,7,0.0,0.0,0.0,0.0,145,145
Q0342,058590f8-c0f3-40c1-ac80-246437499d5d,authorization_first,10,0.0,0.0,0.0,0.0,145,145
Q0343,058590f8-c0f3-40c1-ac80-246437499d5d,unrestricted,3,0.3333333333333333,0.5,1.0,0.0,160,145
Q0343,058590f8-c0f3-40c1-ac80-246437499d5d,unrestricted,5,0.2,0.5,1.0,0.0,160,145
Q0343,058590f8-c0f3-40c1-ac80-246437499d5d,unrestricted,7,0.14285714285714285,0.5,1.0,0.0,160,145
Q0343,058590f8-c0f3-40c1-ac80-246437499d5d,unrestricted,10,0.1,0.5,1.0,0.1,160,145
Q0343,058590f8-c0f3-40c1-ac80-246437499d5d,authorization_first,3,0.3333333333333333,0.5,1.0,0.0,145,145
Q0343,058590f8-c0f3-40c1-ac80-246437499d5d,authorization_first,5,0.2,0.5,1.0,0.0,145,145
Q0343,058590f8-c0f3-40c1-ac80-246437499d5d,authorization_first,7,0.14285714285714285,0.5,1.0,0.0,145,145
Q0343,058590f8-c0f3-40c1-ac80-246437499d5d,authorization_first,10,0.1,0.5,1.0,0.0,145,145
Q0344,058590f8-c0f3-40c1-ac80-246437499d5d,unrestricted,3,0.0,0.0,0.0,0.0,160,145
Q0344,058590f8-c0f3-40c1-ac80-246437499d5d,unrestricted,5,0.0,0.0,0.0,0.0,160,145
Q0344,058590f8-c0f3-40c1-ac80-246437499d5d,unrestricted,7,0.0,0.0,0.0,0.0,160,145
Q0344,058590f8-c0f3-40c1-ac80-246437499d5d,unrestricted,10,0.0,0.0,0.0,0.1,160,145
Q0344,058590f8-c0f3-40c1-ac80-246437499d5d,authorization_first,3,0.0,0.0,0.0,0.0,145,145
Q0344,058590f8-c0f3-40c1-ac80-246437499d5d,authorization_first,5,0.0,0.0,0.0,0.0,145,145
Q0344,058590f8-c0f3-40c1-ac80-246437499d5d,authorization_first,7,0.0,0.0,0.0,0.0,145,145
Q0344,058590f8-c0f3-40c1-ac80-246437499d5d,authorization_first,10,0.0,0.0,0.0,0.0,145,145
Q0345,058590f8-c0f3-40c1-ac80-246437499d5d,unrestricted,3,0.3333333333333333,0.045454545454545456,0.3333333333333333,0.0,160,145
Q0345,058590f8-c0f3-40c1-ac80-246437499d5d,unrestricted,5,0.2,0.045454545454545456,0.3333333333333333,0.0,160,145
Q0345,058590f8-c0f3-40c1-ac80-246437499d5d,unrestricted,7,0.2857142857142857,0.09090909090909091,0.3333333333333333,0.0,160,145
Q0345,058590f8-c0f3-40c1-ac80-246437499d5d,unrestricted,10,0.2,0.09090909090909091,0.3333333333333333,0.1,160,145
Q0345,058590f8-c0f3-40c1-ac80-246437499d5d,authorization_first,3,0.3333333333333333,0.045454545454545456,0.3333333333333333,0.0,145,145
Q0345,058590f8-c0f3-40c1-ac80-246437499d5d,authorization_first,5,0.2,0.045454545454545456,0.3333333333333333,0.0,145,145
Q0345,058590f8-c0f3-40c1-ac80-246437499d5d,authorization_first,7,0.2857142857142857,0.09090909090909091,0.3333333333333333,0.0,145,145
Q0345,058590f8-c0f3-40c1-ac80-246437499d5d,authorization_first,10,0.2,0.09090909090909091,0.3333333333333333,0.0,145,145
Q0346,058590f8-c0f3-40c1-ac80-246437499d5d,unrestricted,3,0.0,0.0,0.0,0.0,160,145
Q0346,058590f8-c0f3-40c1-ac80-246437499d5d,unrestricted,5,0.0,0.0,0.0,0.0,160,145
Q0346,058590f8-c0f3-40c1-ac80-246437499d5d,unrestricted,7,0.0,0.0,0.0,0.0,160,145
Q0346,058590f8-c0f3-40c1-ac80-246437499d5d,unrestricted,10,0.0,0.0,0.0,0.1,160,145
Q0346,058590f8-c0f3-40c1-ac80-246437499d5d,authorization_first,3,0.0,0.0,0.0,0.0,145,145
Q0346,058590f8-c0f3-40c1-ac80-246437499d5d,authorization_first,5,0.0,0.0,0.0,0.0,145,145
Q0346,058590f8-c0f3-40c1-ac80-246437499d5d,authorization_first,7,0.0,0.0,0.0,0.0,145,145
Q0346,058590f8-c0f3-40c1-ac80-246437499d5d,authorization_first,10,0.0,0.0,0.0,0.0,145,145
Q0347,058590f8-c0f3-40c1-ac80-246437499d5d,unrestricted,3,0.0,0.0,0.0,0.0,160,145
Q0347,058590f8-c0f3-40c1-ac80-246437499d5d,unrestricted,5,0.0,0.0,0.0,0.0,160,145
Q0347,058590f8-c0f3-40c1-ac80-246437499d5d,unrestricted,7,0.0,0.0,0.0,0.0,160,145
Q0347,058590f8-c0f3-40c1-ac80-246437499d5d,unrestricted,10,0.0,0.0,0.0,0.1,160,145
Q0347,058590f8-c0f3-40c1-ac80-246437499d5d,authorization_first,3,0.0,0.0,0.0,0.0,145,145
Q0347,058590f8-c0f3-40c1-ac80-246437499d5d,authorization_first,5,0.0,0.0,0.0,0.0,145,145
Q0347,058590f8-c0f3-40c1-ac80-246437499d5d,authorization_first,7,0.0,0.0,0.0,0.0,145,145
Q0347,058590f8-c0f3-40c1-ac80-246437499d5d,authorization_first,10,0.0,0.0,0.0,0.0,145,145
Q0348,058590f8-c0f3-40c1-ac80-246437499d5d,unrestricted,3,0.0,0.0,0.0,0.0,160,145
Q0348,058590f8-c0f3-40c1-ac80-246437499d5d,unrestricted,5,0.0,0.0,0.0,0.0,160,145
Q0348,058590f8-c0f3-40c1-ac80-246437499d5d,unrestricted,7,0.0,0.0,0.0,0.0,160,145
Q0348,058590f8-c0f3-40c1-ac80-246437499d5d,unrestricted,10,0.1,0.3333333333333333,0.1,0.1,160,145
Q0348,058590f8-c0f3-40c1-ac80-246437499d5d,authorization_first,3,0.0,0.0,0.0,0.0,145,145
Q0348,058590f8-c0f3-40c1-ac80-246437499d5d,authorization_first,5,0.0,0.0,0.0,0.0,145,145
Q0348,058590f8-c0f3-40c1-ac80-246437499d5d,authorization_first,7,0.0,0.0,0.0,0.0,145,145
Q0348,058590f8-c0f3-40c1-ac80-246437499d5d,authorization_first,10,0.1,0.3333333333333333,0.1111111111111111,0.0,145,145
Q0349,058590f8-c0f3-40c1-ac80-246437499d5d,unrestricted,3,0.0,0.0,0.0,0.0,160,145
Q0349,058590f8-c0f3-40c1-ac80-246437499d5d,unrestricted,5,0.0,0.0,0.0,0.0,160,145
Q0349,058590f8-c0f3-40c1-ac80-246437499d5d,unrestricted,7,0.0,0.0,0.0,0.0,160,145
Q0349,058590f8-c0f3-40c1-ac80-246437499d5d,unrestricted,10,0.0,0.0,0.0,0.1,160,145
Q0349,058590f8-c0f3-40c1-ac80-246437499d5d,authorization_first,3,0.0,0.0,0.0,0.0,145,145
Q0349,058590f8-c0f3-40c1-ac80-246437499d5d,authorization_first,5,0.0,0.0,0.0,0.0,145,145
Q0349,058590f8-c0f3-40c1-ac80-246437499d5d,authorization_first,7,0.0,0.0,0.0,0.0,145,145
Q0349,058590f8-c0f3-40c1-ac80-246437499d5d,authorization_first,10,0.0,0.0,0.0,0.0,145,145
Q0350,058590f8-c0f3-40c1-ac80-246437499d5d,unrestricted,3,0.3333333333333333,1.0,1.0,0.0,160,145
Q0350,058590f8-c0f3-40c1-ac80-246437499d5d,unrestricted,5,0.2,1.0,1.0,0.0,160,145
Q0350,058590f8-c0f3-40c1-ac80-246437499d5d,unrestricted,7,0.14285714285714285,1.0,1.0,0.0,160,145
Q0350,058590f8-c0f3-40c1-ac80-246437499d5d,unrestricted,10,0.1,1.0,1.0,0.1,160,145
Q0350,058590f8-c0f3-40c1-ac80-246437499d5d,authorization_first,3,0.3333333333333333,1.0,1.0,0.0,145,145
Q0350,058590f8-c0f3-40c1-ac80-246437499d5d,authorization_first,5,0.2,1.0,1.0,0.0,145,145
Q0350,058590f8-c0f3-40c1-ac80-246437499d5d,authorization_first,7,0.14285714285714285,1.0,1.0,0.0,145,145
Q0350,058590f8-c0f3-40c1-ac80-246437499d5d,authorization_first,10,0.1,1.0,1.0,0.0,145,145
Q0351,19dea027-3a86-4f26-8b69-bbe969cb67cf,unrestricted,3,0.0,0.0,0.0,0.0,130,117
Q0351,19dea027-3a86-4f26-8b69-bbe969cb67cf,unrestricted,5,0.0,0.0,0.0,0.0,130,117
Q0351,19dea027-3a86-4f26-8b69-bbe969cb67cf,unrestricted,7,0.0,0.0,0.0,0.0,130,117
Q0351,19dea027-3a86-4f26-8b69-bbe969cb67cf,unrestricted,10,0.0,0.0,0.0,0.0,130,117
Q0351,19dea027-3a86-4f26-8b69-bbe969cb67cf,authorization_first,3,0.0,0.0,0.0,0.0,117,117
Q0351,19dea027-3a86-4f26-8b69-bbe969cb67cf,authorization_first,5,0.0,0.0,0.0,0.0,117,117
Q0351,19dea027-3a86-4f26-8b69-bbe969cb67cf,authorization_first,7,0.0,0.0,0.0,0.0,117,117
Q0351,19dea027-3a86-4f26-8b69-bbe969cb67cf,authorization_first,10,0.0,0.0,0.0,0.0,117,117
Q0352,19dea027-3a86-4f26-8b69-bbe969cb67cf,unrestricted,3,0.0,0.0,0.0,0.0,130,117
Q0352,19dea027-3a86-4f26-8b69-bbe969cb67cf,unrestricted,5,0.0,0.0,0.0,0.0,130,117
Q0352,19dea027-3a86-4f26-8b69-bbe969cb67cf,unrestricted,7,0.0,0.0,0.0,0.0,130,117
Q0352,19dea027-3a86-4f26-8b69-bbe969cb67cf,unrestricted,10,0.0,0.0,0.0,0.0,130,117
Q0352,19dea027-3a86-4f26-8b69-bbe969cb67cf,authorization_first,3,0.0,0.0,0.0,0.0,117,117
Q0352,19dea027-3a86-4f26-8b69-bbe969cb67cf,authorization_first,5,0.0,0.0,0.0,0.0,117,117
Q0352,19dea027-3a86-4f26-8b69-bbe969cb67cf,authorization_first,7,0.0,0.0,0.0,0.0,117,117
Q0352,19dea027-3a86-4f26-8b69-bbe969cb67cf,authorization_first,10,0.0,0.0,0.0,0.0,117,117
Q0353,19dea027-3a86-4f26-8b69-bbe969cb67cf,unrestricted,3,0.0,0.0,0.0,0.0,130,117
Q0353,19dea027-3a86-4f26-8b69-bbe969cb67cf,unrestricted,5,0.0,0.0,0.0,0.0,130,117
Q0353,19dea027-3a86-4f26-8b69-bbe969cb67cf,unrestricted,7,0.0,0.0,0.0,0.0,130,117
Q0353,19dea027-3a86-4f26-8b69-bbe969cb67cf,unrestricted,10,0.0,0.0,0.0,0.0,130,117
Q0353,19dea027-3a86-4f26-8b69-bbe969cb67cf,authorization_first,3,0.0,0.0,0.0,0.0,117,117
Q0353,19dea027-3a86-4f26-8b69-bbe969cb67cf,authorization_first,5,0.0,0.0,0.0,0.0,117,117
Q0353,19dea027-3a86-4f26-8b69-bbe969cb67cf,authorization_first,7,0.0,0.0,0.0,0.0,117,117
Q0353,19dea027-3a86-4f26-8b69-bbe969cb67cf,authorization_first,10,0.0,0.0,0.0,0.0,117,117
Q0354,19dea027-3a86-4f26-8b69-bbe969cb67cf,unrestricted,3,0.0,0.0,0.0,0.0,130,117
Q0354,19dea027-3a86-4f26-8b69-bbe969cb67cf,unrestricted,5,0.0,0.0,0.0,0.0,130,117
Q0354,19dea027-3a86-4f26-8b69-bbe969cb67cf,unrestricted,7,0.0,0.0,0.0,0.0,130,117
Q0354,19dea027-3a86-4f26-8b69-bbe969cb67cf,unrestricted,10,0.0,0.0,0.0,0.0,130,117
Q0354,19dea027-3a86-4f26-8b69-bbe969cb67cf,authorization_first,3,0.0,0.0,0.0,0.0,117,117
Q0354,19dea027-3a86-4f26-8b69-bbe969cb67cf,authorization_first,5,0.0,0.0,0.0,0.0,117,117
Q0354,19dea027-3a86-4f26-8b69-bbe969cb67cf,authorization_first,7,0.0,0.0,0.0,0.0,117,117
Q0354,19dea027-3a86-4f26-8b69-bbe969cb67cf,authorization_first,10,0.0,0.0,0.0,0.0,117,117
Q0355,19dea027-3a86-4f26-8b69-bbe969cb67cf,unrestricted,3,0.0,0.0,0.0,0.0,130,117
Q0355,19dea027-3a86-4f26-8b69-bbe969cb67cf,unrestricted,5,0.0,0.0,0.0,0.0,130,117
Q0355,19dea027-3a86-4f26-8b69-bbe969cb67cf,unrestricted,7,0.0,0.0,0.0,0.0,130,117
Q0355,19dea027-3a86-4f26-8b69-bbe969cb67cf,unrestricted,10,0.0,0.0,0.0,0.0,130,117
Q0355,19dea027-3a86-4f26-8b69-bbe969cb67cf,authorization_first,3,0.0,0.0,0.0,0.0,117,117
Q0355,19dea027-3a86-4f26-8b69-bbe969cb67cf,authorization_first,5,0.0,0.0,0.0,0.0,117,117
Q0355,19dea027-3a86-4f26-8b69-bbe969cb67cf,authorization_first,7,0.0,0.0,0.0,0.0,117,117
Q0355,19dea027-3a86-4f26-8b69-bbe969cb67cf,authorization_first,10,0.0,0.0,0.0,0.0,117,117
Q0356,19dea027-3a86-4f26-8b69-bbe969cb67cf,unrestricted,3,0.3333333333333333,0.045454545454545456,0.3333333333333333,0.0,130,117
Q0356,19dea027-3a86-4f26-8b69-bbe969cb67cf,unrestricted,5,0.2,0.045454545454545456,0.3333333333333333,0.0,130,117
Q0356,19dea027-3a86-4f26-8b69-bbe969cb67cf,unrestricted,7,0.2857142857142857,0.09090909090909091,0.3333333333333333,0.0,130,117
Q0356,19dea027-3a86-4f26-8b69-bbe969cb67cf,unrestricted,10,0.2,0.09090909090909091,0.3333333333333333,0.0,130,117
Q0356,19dea027-3a86-4f26-8b69-bbe969cb67cf,authorization_first,3,0.3333333333333333,0.045454545454545456,0.3333333333333333,0.0,117,117
Q0356,19dea027-3a86-4f26-8b69-bbe969cb67cf,authorization_first,5,0.2,0.045454545454545456,0.3333333333333333,0.0,117,117
Q0356,19dea027-3a86-4f26-8b69-bbe969cb67cf,authorization_first,7,0.2857142857142857,0.09090909090909091,0.3333333333333333,0.0,117,117
Q0356,19dea027-3a86-4f26-8b69-bbe969cb67cf,authorization_first,10,0.2,0.09090909090909091,0.3333333333333333,0.0,117,117
Q0357,19dea027-3a86-4f26-8b69-bbe969cb67cf,unrestricted,3,0.3333333333333333,0.045454545454545456,1.0,0.0,130,117
Q0357,19dea027-3a86-4f26-8b69-bbe969cb67cf,unrestricted,5,0.4,0.09090909090909091,1.0,0.0,130,117
Q0357,19dea027-3a86-4f26-8b69-bbe969cb67cf,unrestricted,7,0.2857142857142857,0.09090909090909091,1.0,0.0,130,117
Q0357,19dea027-3a86-4f26-8b69-bbe969cb67cf,unrestricted,10,0.2,0.09090909090909091,1.0,0.0,130,117
Q0357,19dea027-3a86-4f26-8b69-bbe969cb67cf,authorization_first,3,0.3333333333333333,0.045454545454545456,1.0,0.0,117,117
Q0357,19dea027-3a86-4f26-8b69-bbe969cb67cf,authorization_first,5,0.4,0.09090909090909091,1.0,0.0,117,117
Q0357,19dea027-3a86-4f26-8b69-bbe969cb67cf,authorization_first,7,0.2857142857142857,0.09090909090909091,1.0,0.0,117,117
Q0357,19dea027-3a86-4f26-8b69-bbe969cb67cf,authorization_first,10,0.2,0.09090909090909091,1.0,0.0,117,117
Q0358,19dea027-3a86-4f26-8b69-bbe969cb67cf,unrestricted,3,0.0,0.0,0.0,0.0,130,117
Q0358,19dea027-3a86-4f26-8b69-bbe969cb67cf,unrestricted,5,0.0,0.0,0.0,0.0,130,117
Q0358,19dea027-3a86-4f26-8b69-bbe969cb67cf,unrestricted,7,0.0,0.0,0.0,0.0,130,117
Q0358,19dea027-3a86-4f26-8b69-bbe969cb67cf,unrestricted,10,0.0,0.0,0.0,0.0,130,117
Q0358,19dea027-3a86-4f26-8b69-bbe969cb67cf,authorization_first,3,0.0,0.0,0.0,0.0,117,117
Q0358,19dea027-3a86-4f26-8b69-bbe969cb67cf,authorization_first,5,0.0,0.0,0.0,0.0,117,117
Q0358,19dea027-3a86-4f26-8b69-bbe969cb67cf,authorization_first,7,0.0,0.0,0.0,0.0,117,117
Q0358,19dea027-3a86-4f26-8b69-bbe969cb67cf,authorization_first,10,0.0,0.0,0.0,0.0,117,117
Q0359,19dea027-3a86-4f26-8b69-bbe969cb67cf,unrestricted,3,0.0,0.0,0.0,0.0,130,117
Q0359,19dea027-3a86-4f26-8b69-bbe969cb67cf,unrestricted,5,0.0,0.0,0.0,0.0,130,117
Q0359,19dea027-3a86-4f26-8b69-bbe969cb67cf,unrestricted,7,0.0,0.0,0.0,0.0,130,117
Q0359,19dea027-3a86-4f26-8b69-bbe969cb67cf,unrestricted,10,0.0,0.0,0.0,0.0,130,117
Q0359,19dea027-3a86-4f26-8b69-bbe969cb67cf,authorization_first,3,0.0,0.0,0.0,0.0,117,117
Q0359,19dea027-3a86-4f26-8b69-bbe969cb67cf,authorization_first,5,0.0,0.0,0.0,0.0,117,117
Q0359,19dea027-3a86-4f26-8b69-bbe969cb67cf,authorization_first,7,0.0,0.0,0.0,0.0,117,117
Q0359,19dea027-3a86-4f26-8b69-bbe969cb67cf,authorization_first,10,0.0,0.0,0.0,0.0,117,117
Q0360,19dea027-3a86-4f26-8b69-bbe969cb67cf,unrestricted,3,0.0,0.0,0.0,0.0,130,117
Q0360,19dea027-3a86-4f26-8b69-bbe969cb67cf,unrestricted,5,0.0,0.0,0.0,0.0,130,117
Q0360,19dea027-3a86-4f26-8b69-bbe969cb67cf,unrestricted,7,0.0,0.0,0.0,0.0,130,117
Q0360,19dea027-3a86-4f26-8b69-bbe969cb67cf,unrestricted,10,0.0,0.0,0.0,0.0,130,117
Q0360,19dea027-3a86-4f26-8b69-bbe969cb67cf,authorization_first,3,0.0,0.0,0.0,0.0,117,117
Q0360,19dea027-3a86-4f26-8b69-bbe969cb67cf,authorization_first,5,0.0,0.0,0.0,0.0,117,117
Q0360,19dea027-3a86-4f26-8b69-bbe969cb67cf,authorization_first,7,0.0,0.0,0.0,0.0,117,117
Q0360,19dea027-3a86-4f26-8b69-bbe969cb67cf,authorization_first,10,0.0,0.0,0.0,0.0,117,117
Q0361,bb089c44-7126-4acd-a2fa-5e10dfa77516,unrestricted,3,0.0,0.0,0.0,0.0,72,63
Q0361,bb089c44-7126-4acd-a2fa-5e10dfa77516,unrestricted,5,0.0,0.0,0.0,0.0,72,63
Q0361,bb089c44-7126-4acd-a2fa-5e10dfa77516,unrestricted,7,0.0,0.0,0.0,0.0,72,63
Q0361,bb089c44-7126-4acd-a2fa-5e10dfa77516,unrestricted,10,0.0,0.0,0.0,0.1,72,63
Q0361,bb089c44-7126-4acd-a2fa-5e10dfa77516,authorization_first,3,0.0,0.0,0.0,0.0,63,63
Q0361,bb089c44-7126-4acd-a2fa-5e10dfa77516,authorization_first,5,0.0,0.0,0.0,0.0,63,63
Q0361,bb089c44-7126-4acd-a2fa-5e10dfa77516,authorization_first,7,0.0,0.0,0.0,0.0,63,63
Q0361,bb089c44-7126-4acd-a2fa-5e10dfa77516,authorization_first,10,0.0,0.0,0.0,0.0,63,63
Q0362,bb089c44-7126-4acd-a2fa-5e10dfa77516,unrestricted,3,0.0,0.0,0.0,0.0,72,63
Q0362,bb089c44-7126-4acd-a2fa-5e10dfa77516,unrestricted,5,0.0,0.0,0.0,0.0,72,63
Q0362,bb089c44-7126-4acd-a2fa-5e10dfa77516,unrestricted,7,0.14285714285714285,1.0,0.16666666666666666,0.0,72,63
Q0362,bb089c44-7126-4acd-a2fa-5e10dfa77516,unrestricted,10,0.1,1.0,0.16666666666666666,0.1,72,63
Q0362,bb089c44-7126-4acd-a2fa-5e10dfa77516,authorization_first,3,0.0,0.0,0.0,0.0,63,63
Q0362,bb089c44-7126-4acd-a2fa-5e10dfa77516,authorization_first,5,0.0,0.0,0.0,0.0,63,63
Q0362,bb089c44-7126-4acd-a2fa-5e10dfa77516,authorization_first,7,0.14285714285714285,1.0,0.16666666666666666,0.0,63,63
Q0362,bb089c44-7126-4acd-a2fa-5e10dfa77516,authorization_first,10,0.1,1.0,0.16666666666666666,0.0,63,63
Q0363,bb089c44-7126-4acd-a2fa-5e10dfa77516,unrestricted,3,0.3333333333333333,0.3333333333333333,1.0,0.0,72,63
Q0363,bb089c44-7126-4acd-a2fa-5e10dfa77516,unrestricted,5,0.2,0.3333333333333333,1.0,0.0,72,63
Q0363,bb089c44-7126-4acd-a2fa-5e10dfa77516,unrestricted,7,0.14285714285714285,0.3333333333333333,1.0,0.0,72,63
Q0363,bb089c44-7126-4acd-a2fa-5e10dfa77516,unrestricted,10,0.1,0.3333333333333333,1.0,0.1,72,63
Q0363,bb089c44-7126-4acd-a2fa-5e10dfa77516,authorization_first,3,0.3333333333333333,0.3333333333333333,1.0,0.0,63,63
Q0363,bb089c44-7126-4acd-a2fa-5e10dfa77516,authorization_first,5,0.2,0.3333333333333333,1.0,0.0,63,63
Q0363,bb089c44-7126-4acd-a2fa-5e10dfa77516,authorization_first,7,0.14285714285714285,0.3333333333333333,1.0,0.0,63,63
Q0363,bb089c44-7126-4acd-a2fa-5e10dfa77516,authorization_first,10,0.1,0.3333333333333333,1.0,0.0,63,63
Q0364,bb089c44-7126-4acd-a2fa-5e10dfa77516,unrestricted,3,0.3333333333333333,0.5,0.5,0.0,72,63
Q0364,bb089c44-7126-4acd-a2fa-5e10dfa77516,unrestricted,5,0.2,0.5,0.5,0.0,72,63
Q0364,bb089c44-7126-4acd-a2fa-5e10dfa77516,unrestricted,7,0.14285714285714285,0.5,0.5,0.0,72,63
Q0364,bb089c44-7126-4acd-a2fa-5e10dfa77516,unrestricted,10,0.1,0.5,0.5,0.1,72,63
Q0364,bb089c44-7126-4acd-a2fa-5e10dfa77516,authorization_first,3,0.3333333333333333,0.5,0.5,0.0,63,63
Q0364,bb089c44-7126-4acd-a2fa-5e10dfa77516,authorization_first,5,0.2,0.5,0.5,0.0,63,63
Q0364,bb089c44-7126-4acd-a2fa-5e10dfa77516,authorization_first,7,0.14285714285714285,0.5,0.5,0.0,63,63
Q0364,bb089c44-7126-4acd-a2fa-5e10dfa77516,authorization_first,10,0.1,0.5,0.5,0.0,63,63
Q0365,bb089c44-7126-4acd-a2fa-5e10dfa77516,unrestricted,3,0.0,0.0,0.0,0.0,72,63
Q0365,bb089c44-7126-4acd-a2fa-5e10dfa77516,unrestricted,5,0.0,0.0,0.0,0.0,72,63
Q0365,bb089c44-7126-4acd-a2fa-5e10dfa77516,unrestricted,7,0.0,0.0,0.0,0.0,72,63
Q0365,bb089c44-7126-4acd-a2fa-5e10dfa77516,unrestricted,10,0.0,0.0,0.0,0.1,72,63
Q0365,bb089c44-7126-4acd-a2fa-5e10dfa77516,authorization_first,3,0.0,0.0,0.0,0.0,63,63
Q0365,bb089c44-7126-4acd-a2fa-5e10dfa77516,authorization_first,5,0.0,0.0,0.0,0.0,63,63
Q0365,bb089c44-7126-4acd-a2fa-5e10dfa77516,authorization_first,7,0.0,0.0,0.0,0.0,63,63
Q0365,bb089c44-7126-4acd-a2fa-5e10dfa77516,authorization_first,10,0.0,0.0,0.0,0.0,63,63
Q0366,bb089c44-7126-4acd-a2fa-5e10dfa77516,unrestricted,3,0.3333333333333333,0.25,0.5,0.0,72,63
Q0366,bb089c44-7126-4acd-a2fa-5e10dfa77516,unrestricted,5,0.2,0.25,0.5,0.0,72,63
Q0366,bb089c44-7126-4acd-a2fa-5e10dfa77516,unrestricted,7,0.14285714285714285,0.25,0.5,0.0,72,63
Q0366,bb089c44-7126-4acd-a2fa-5e10dfa77516,unrestricted,10,0.1,0.25,0.5,0.1,72,63
Q0366,bb089c44-7126-4acd-a2fa-5e10dfa77516,authorization_first,3,0.3333333333333333,0.25,0.5,0.0,63,63
Q0366,bb089c44-7126-4acd-a2fa-5e10dfa77516,authorization_first,5,0.2,0.25,0.5,0.0,63,63
Q0366,bb089c44-7126-4acd-a2fa-5e10dfa77516,authorization_first,7,0.14285714285714285,0.25,0.5,0.0,63,63
Q0366,bb089c44-7126-4acd-a2fa-5e10dfa77516,authorization_first,10,0.1,0.25,0.5,0.0,63,63
Q0367,bb089c44-7126-4acd-a2fa-5e10dfa77516,unrestricted,3,0.3333333333333333,1.0,1.0,0.0,72,63
Q0367,bb089c44-7126-4acd-a2fa-5e10dfa77516,unrestricted,5,0.2,1.0,1.0,0.0,72,63
Q0367,bb089c44-7126-4acd-a2fa-5e10dfa77516,unrestricted,7,0.14285714285714285,1.0,1.0,0.0,72,63
Q0367,bb089c44-7126-4acd-a2fa-5e10dfa77516,unrestricted,10,0.1,1.0,1.0,0.1,72,63
Q0367,bb089c44-7126-4acd-a2fa-5e10dfa77516,authorization_first,3,0.3333333333333333,1.0,1.0,0.0,63,63
Q0367,bb089c44-7126-4acd-a2fa-5e10dfa77516,authorization_first,5,0.2,1.0,1.0,0.0,63,63
Q0367,bb089c44-7126-4acd-a2fa-5e10dfa77516,authorization_first,7,0.14285714285714285,1.0,1.0,0.0,63,63
Q0367,bb089c44-7126-4acd-a2fa-5e10dfa77516,authorization_first,10,0.1,1.0,1.0,0.0,63,63
Q0368,bb089c44-7126-4acd-a2fa-5e10dfa77516,unrestricted,3,0.3333333333333333,0.25,1.0,0.0,72,63
Q0368,bb089c44-7126-4acd-a2fa-5e10dfa77516,unrestricted,5,0.2,0.25,1.0,0.0,72,63
Q0368,bb089c44-7126-4acd-a2fa-5e10dfa77516,unrestricted,7,0.14285714285714285,0.25,1.0,0.0,72,63
Q0368,bb089c44-7126-4acd-a2fa-5e10dfa77516,unrestricted,10,0.1,0.25,1.0,0.1,72,63
Q0368,bb089c44-7126-4acd-a2fa-5e10dfa77516,authorization_first,3,0.3333333333333333,0.25,1.0,0.0,63,63
Q0368,bb089c44-7126-4acd-a2fa-5e10dfa77516,authorization_first,5,0.2,0.25,1.0,0.0,63,63
Q0368,bb089c44-7126-4acd-a2fa-5e10dfa77516,authorization_first,7,0.14285714285714285,0.25,1.0,0.0,63,63
Q0368,bb089c44-7126-4acd-a2fa-5e10dfa77516,authorization_first,10,0.1,0.25,1.0,0.0,63,63
Q0369,bb089c44-7126-4acd-a2fa-5e10dfa77516,unrestricted,3,0.0,0.0,0.0,0.0,72,63
Q0369,bb089c44-7126-4acd-a2fa-5e10dfa77516,unrestricted,5,0.0,0.0,0.0,0.0,72,63
Q0369,bb089c44-7126-4acd-a2fa-5e10dfa77516,unrestricted,7,0.0,0.0,0.0,0.0,72,63
Q0369,bb089c44-7126-4acd-a2fa-5e10dfa77516,unrestricted,10,0.0,0.0,0.0,0.1,72,63
Q0369,bb089c44-7126-4acd-a2fa-5e10dfa77516,authorization_first,3,0.0,0.0,0.0,0.0,63,63
Q0369,bb089c44-7126-4acd-a2fa-5e10dfa77516,authorization_first,5,0.0,0.0,0.0,0.0,63,63
Q0369,bb089c44-7126-4acd-a2fa-5e10dfa77516,authorization_first,7,0.0,0.0,0.0,0.0,63,63
Q0369,bb089c44-7126-4acd-a2fa-5e10dfa77516,authorization_first,10,0.0,0.0,0.0,0.0,63,63
Q0370,bb089c44-7126-4acd-a2fa-5e10dfa77516,unrestricted,3,0.0,0.0,0.0,0.0,72,63
Q0370,bb089c44-7126-4acd-a2fa-5e10dfa77516,unrestricted,5,0.0,0.0,0.0,0.0,72,63
Q0370,bb089c44-7126-4acd-a2fa-5e10dfa77516,unrestricted,7,0.0,0.0,0.0,0.0,72,63
Q0370,bb089c44-7126-4acd-a2fa-5e10dfa77516,unrestricted,10,0.0,0.0,0.0,0.1,72,63
Q0370,bb089c44-7126-4acd-a2fa-5e10dfa77516,authorization_first,3,0.0,0.0,0.0,0.0,63,63
Q0370,bb089c44-7126-4acd-a2fa-5e10dfa77516,authorization_first,5,0.0,0.0,0.0,0.0,63,63
Q0370,bb089c44-7126-4acd-a2fa-5e10dfa77516,authorization_first,7,0.0,0.0,0.0,0.0,63,63
Q0370,bb089c44-7126-4acd-a2fa-5e10dfa77516,authorization_first,10,0.0,0.0,0.0,0.0,63,63
